Faction,Tier,Name
Expeditionary Forces of Abyssinia,grunt,Peni Abba Rahel
Expeditionary Forces of Abyssinia,grunt,Bekele Abba Abeba
Expeditionary Forces of Abyssinia,grunt,Peni Abba Fikre
Expeditionary Forces of Abyssinia,grunt,Fikre Abba Mareg
Expeditionary Forces of Abyssinia,grunt,Tigist Abba Peni
Expeditionary Forces of Abyssinia,grunt,Endale Abba Dereje
Expeditionary Forces of Abyssinia,grunt,Rasu Abba Duniya
Expeditionary Forces of Abyssinia,grunt,Medhin Abba Hami
Expeditionary Forces of Abyssinia,grunt,Desta Abba Rahel
Expeditionary Forces of Abyssinia,grunt,Ulo Abba Tewodros
Expeditionary Forces of Abyssinia,grunt,Reni Abba Almaz
Expeditionary Forces of Abyssinia,grunt,Chalachew Abba Endale
Expeditionary Forces of Abyssinia,grunt,Amleset Abba Selam
Expeditionary Forces of Abyssinia,grunt,Fikirte Abba Lensa
Expeditionary Forces of Abyssinia,grunt,Adi Abba Yohannes
Expeditionary Forces of Abyssinia,grunt,Gabi Abba Weni
Expeditionary Forces of Abyssinia,grunt,Kisanet Abba Selam
Expeditionary Forces of Abyssinia,grunt,Tamrat Abba Tadesse
Expeditionary Forces of Abyssinia,grunt,Hasset Abba Kiro
Expeditionary Forces of Abyssinia,grunt,Obi Abba Fasil
Expeditionary Forces of Abyssinia,grunt,Nuru Abba Weni
Expeditionary Forces of Abyssinia,grunt,Reni Abba Jemari
Expeditionary Forces of Abyssinia,grunt,Habte Abba Obi
Expeditionary Forces of Abyssinia,grunt,Oumer Abba Lomi
Expeditionary Forces of Abyssinia,grunt,Tewodros Abba Woldemariam
Expeditionary Forces of Abyssinia,grunt,Dawit Abba Fana
Expeditionary Forces of Abyssinia,grunt,Reni Abba Olan
Expeditionary Forces of Abyssinia,grunt,Fari Abba Tadesse
Expeditionary Forces of Abyssinia,grunt,Umi Abba Nati
Expeditionary Forces of Abyssinia,grunt,Zano Abba Jember
Expeditionary Forces of Abyssinia,grunt,Yoni Abba Mikael
Expeditionary Forces of Abyssinia,grunt,Kebebush Abba Hagos
Expeditionary Forces of Abyssinia,grunt,Fana Abba Tekle
Expeditionary Forces of Abyssinia,grunt,Nuru Abba Fikre
Expeditionary Forces of Abyssinia,grunt,Nardos Abba Bisrat
Expeditionary Forces of Abyssinia,grunt,Tadese Abba Yoni
Expeditionary Forces of Abyssinia,grunt,Zere Abba Hami
Expeditionary Forces of Abyssinia,grunt,Genu Abba Tani
Expeditionary Forces of Abyssinia,grunt,Nebiyu Abba Jani
Expeditionary Forces of Abyssinia,grunt,Umer Abba Olan
Expeditionary Forces of Abyssinia,grunt,Wubet Abba Jiru
Expeditionary Forces of Abyssinia,grunt,Tigist Abba Vero
Expeditionary Forces of Abyssinia,grunt,Tero Abba Isayas
Expeditionary Forces of Abyssinia,grunt,Duniya Abba Kalu
Expeditionary Forces of Abyssinia,grunt,Meles Abba Oumer
Expeditionary Forces of Abyssinia,grunt,Vero Abba Jemari
Expeditionary Forces of Abyssinia,grunt,Zano Abba Kassa
Expeditionary Forces of Abyssinia,grunt,Desta Abba Birtukan
Expeditionary Forces of Abyssinia,grunt,Bariu Abba Vero
Expeditionary Forces of Abyssinia,grunt,Jani Abba Yared
Expeditionary Forces of Abyssinia,grunt,Emebet Abba Getachew
Expeditionary Forces of Abyssinia,grunt,Birtukan Abba Lemma
Expeditionary Forces of Abyssinia,grunt,Sefu Abba Jember
Expeditionary Forces of Abyssinia,grunt,Tiru Abba Isayas
Expeditionary Forces of Abyssinia,grunt,Kiros Abba Dagne
Expeditionary Forces of Abyssinia,grunt,Kaleb Abba Aman
Expeditionary Forces of Abyssinia,grunt,Endale Abba Mulu
Expeditionary Forces of Abyssinia,grunt,Zewditu Abba Gebre
Expeditionary Forces of Abyssinia,grunt,Yeshimebet Abba Lomi
Expeditionary Forces of Abyssinia,grunt,Almaz Abba Hirut
Expeditionary Forces of Abyssinia,grunt,Yohannes Abba Aman
Expeditionary Forces of Abyssinia,grunt,Bekele Abba Frehiwot
Expeditionary Forces of Abyssinia,grunt,Endale Abba Lemma
Expeditionary Forces of Abyssinia,grunt,Amleset Abba Umer
Expeditionary Forces of Abyssinia,grunt,Almaz Abba Rezene
Expeditionary Forces of Abyssinia,grunt,Tewodros Abba Laru
Expeditionary Forces of Abyssinia,grunt,Xilo Abba Eyoel
Expeditionary Forces of Abyssinia,grunt,Wubet Abba Tsion
Expeditionary Forces of Abyssinia,grunt,Xilo Abba Yared
Expeditionary Forces of Abyssinia,grunt,Mahlet Abba Fari
Expeditionary Forces of Abyssinia,grunt,Mahlet Abba Olan
Expeditionary Forces of Abyssinia,grunt,Adi Abba Tamrat
Expeditionary Forces of Abyssinia,grunt,Bena Abba Guta
Expeditionary Forces of Abyssinia,grunt,Mino Abba Zaray
Expeditionary Forces of Abyssinia,grunt,Mino Abba Tigist
Expeditionary Forces of Abyssinia,grunt,Wubet Abba Chalachew
Expeditionary Forces of Abyssinia,grunt,Kiros Abba Dawit
Expeditionary Forces of Abyssinia,grunt,Zemzem Abba Mikael
Expeditionary Forces of Abyssinia,grunt,Jiru Abba Hassen
Expeditionary Forces of Abyssinia,grunt,Zewde Abba Aman
Expeditionary Forces of Abyssinia,grunt,Qena Abba Kalu
Expeditionary Forces of Abyssinia,grunt,Fana Abba Eden
Expeditionary Forces of Abyssinia,grunt,Weni Abba Laru
Expeditionary Forces of Abyssinia,grunt,Kiro Abba Genu
Expeditionary Forces of Abyssinia,grunt,Hasset Abba Senait
Expeditionary Forces of Abyssinia,grunt,Rezene Abba Wubet
Expeditionary Forces of Abyssinia,grunt,Rahel Abba Zemzem
Expeditionary Forces of Abyssinia,grunt,Bena Abba Amleset
Expeditionary Forces of Abyssinia,grunt,Senait Abba Yordanos
Expeditionary Forces of Abyssinia,grunt,Kiro Abba Eyoel
Expeditionary Forces of Abyssinia,grunt,Zuri Abba Kassa
Expeditionary Forces of Abyssinia,grunt,Senait Abba Jiru
Expeditionary Forces of Abyssinia,grunt,Tani Abba Fasil
Expeditionary Forces of Abyssinia,grunt,Oumer Abba Tamrat
Expeditionary Forces of Abyssinia,grunt,Vero Abba Bethel
Expeditionary Forces of Abyssinia,grunt,Yeshimebet Abba Jiru
Expeditionary Forces of Abyssinia,grunt,Jember Abba Tekle
Expeditionary Forces of Abyssinia,grunt,Tadese Abba Dawit
Expeditionary Forces of Abyssinia,grunt,Bereket Abba Haile
Expeditionary Forces of Abyssinia,grunt,Bisrat Abba Sefu
Expeditionary Forces of Abyssinia,elite,The Deserted Crown Fikirte
Expeditionary Forces of Abyssinia,elite,Warden of the Lion Throne Zano
Expeditionary Forces of Abyssinia,elite,Patriarch of the Black Sun
Expeditionary Forces of Abyssinia,elite,Commander of the Holy Reclaimers
Expeditionary Forces of Abyssinia,elite,The Starbound Prelate Jember
Expeditionary Forces of Abyssinia,elite,The Burning Hierophant Lemma
Expeditionary Forces of Abyssinia,elite,Patriarch of the Black Sun
Expeditionary Forces of Abyssinia,elite,The Dust Crowned King Eleni
Expeditionary Forces of Abyssinia,elite,Commander of the Holy Reclaimers
Expeditionary Forces of Abyssinia,elite,The Lion-Born Judge Mahlet
Expeditionary Forces of Abyssinia,elite,Lord of the Seven Monasteries
Expeditionary Forces of Abyssinia,elite,Arch-Bishop of the Ashen Creed
Expeditionary Forces of Abyssinia,elite,High Confessor of War Eleni
Expeditionary Forces of Abyssinia,elite,The Blackened Archbishop
Expeditionary Forces of Abyssinia,elite,Guardian of the Red Covenant
Expeditionary Forces of Abyssinia,elite,The Golden Spear of Zion
Expeditionary Forces of Abyssinia,elite,The Crimson Abbot Iman
Expeditionary Forces of Abyssinia,elite,The Lion of the Ash Marches
Expeditionary Forces of Abyssinia,elite,Abbot-General of Steel Prayer
Expeditionary Forces of Abyssinia,elite,The Starbound Prelate Kisanet
Expeditionary Forces of Abyssinia,elite,The Siege Saint of Tewahedo
Expeditionary Forces of Abyssinia,elite,The Flame of Lalibela Selam
Expeditionary Forces of Abyssinia,elite,The Holy Executioner of Kings
Expeditionary Forces of Abyssinia,elite,Protector of the Coptic Gate
Expeditionary Forces of Abyssinia,elite,The Blackened Archbishop Jiru
Expeditionary Forces of Abyssinia,elite,The Red Monastic Lord Tani
Expeditionary Forces of Abyssinia,elite,The Abyssal Monk-King Umi
Expeditionary Forces of Abyssinia,elite,The Golden Spear of Zion
Expeditionary Forces of Abyssinia,elite,Patriarch of the Black Sun
Expeditionary Forces of Abyssinia,elite,Commander of the Holy Reclaimers
Expeditionary Forces of Abyssinia,elite,The Iron Patriarch Kiros
Expeditionary Forces of Abyssinia,elite,Keeper of the Seventh Seal Adi
Expeditionary Forces of Abyssinia,elite,The Iron Patriarch Desta
Expeditionary Forces of Abyssinia,elite,Warden of the Lion Throne Aman
Expeditionary Forces of Abyssinia,elite,Patriarch of the Black Sun
Expeditionary Forces of Abyssinia,elite,The Silent Emperor Zewde
Expeditionary Forces of Abyssinia,elite,Warden of the Lion Throne Vero
Expeditionary Forces of Abyssinia,elite,The Crownless Emperor Dagmawit
Expeditionary Forces of Abyssinia,elite,The Lion-Born Judge Bekele
Expeditionary Forces of Abyssinia,elite,The Golden Liturgist Chalachew
Expeditionary Forces of Abyssinia,elite,Warden of the Lion Throne
Expeditionary Forces of Abyssinia,elite,Lord of the Seven Monasteries
Expeditionary Forces of Abyssinia,elite,The Thunder Confessor Hirut
Expeditionary Forces of Abyssinia,elite,The Burning Hierophant Mesfin
Expeditionary Forces of Abyssinia,elite,The Dust Crowned King Umer
Expeditionary Forces of Abyssinia,elite,The Golden Liturgist Tani
Expeditionary Forces of Abyssinia,elite,The Spear of Solomon Bari
Expeditionary Forces of Abyssinia,elite,The Silent Emperor Adi
Expeditionary Forces of Abyssinia,elite,The Golden Spear of Zion Laru
Expeditionary Forces of Abyssinia,elite,The Ashen Patriarchate Hani
Expeditionary Forces of Abyssinia,elite,The Deserted Crown Adi
Expeditionary Forces of Abyssinia,elite,The Iron Evangelist Gebre
Expeditionary Forces of Abyssinia,elite,Voice of the Orthodox Flame
Expeditionary Forces of Abyssinia,elite,General of the Sanctified Legions
Expeditionary Forces of Abyssinia,elite,High Confessor of War Desta
Expeditionary Forces of Abyssinia,elite,Commander of the Holy Reclaimers
Expeditionary Forces of Abyssinia,elite,The Last Bishop of War Hagos
Expeditionary Forces of Abyssinia,elite,Commander of the Holy Reclaimers
Expeditionary Forces of Abyssinia,elite,Warden of the Broken Psalter
Expeditionary Forces of Abyssinia,elite,The Martyr-Commander Sabaht
Expeditionary Forces of Abyssinia,elite,The Crimson Abbot Endale
Expeditionary Forces of Abyssinia,elite,The Ashen Patriarchate Umer
Expeditionary Forces of Abyssinia,elite,The Dust Crowned King Senait
Expeditionary Forces of Abyssinia,elite,Warden of the Broken Psalter
Expeditionary Forces of Abyssinia,elite,The Blackened Archbishop Mino
Expeditionary Forces of Abyssinia,elite,The Red Monastic Lord Nardos
Expeditionary Forces of Abyssinia,elite,The Flame of Lalibela Habte
Expeditionary Forces of Abyssinia,elite,Protector of the Coptic Gate
Expeditionary Forces of Abyssinia,elite,Warden of the Broken Psalter
Expeditionary Forces of Abyssinia,elite,The War Saint of Axum Amleset
Expeditionary Forces of Abyssinia,elite,The Thunder Confessor Medhin
Expeditionary Forces of Abyssinia,elite,Voice of the Orthodox Flame
Expeditionary Forces of Abyssinia,elite,Marshal of the Lion Host
Expeditionary Forces of Abyssinia,elite,Keeper of the Seventh Seal
Expeditionary Forces of Abyssinia,elite,Warden of the Lion Throne Gabi
Expeditionary Forces of Abyssinia,elite,The Last Bishop of War Mesi
Expeditionary Forces of Abyssinia,elite,The Burning Hierophant Dawit
Expeditionary Forces of Abyssinia,elite,Saint-General of the Eastern Front
Expeditionary Forces of Abyssinia,elite,General of the Sanctified Legions
Expeditionary Forces of Abyssinia,elite,High Confessor of War Tani
Expeditionary Forces of Abyssinia,elite,Patriarch of the Black Sun
Expeditionary Forces of Abyssinia,elite,The Saint of Endless Siege
Expeditionary Forces of Abyssinia,elite,Keeper of the Burning Ark
Expeditionary Forces of Abyssinia,elite,Herald of the Last Empire
Expeditionary Forces of Abyssinia,elite,The Deserted Crown Bena
Expeditionary Forces of Abyssinia,elite,The Martyr-Commander Nebiyu
Expeditionary Forces of Abyssinia,elite,The Abyss-Touched Strategos
Expeditionary Forces of Abyssinia,elite,The Dust Crowned King Chaltu
Expeditionary Forces of Abyssinia,elite,The Martyr-Commander Kassa
Expeditionary Forces of Abyssinia,elite,Marshal of the Lion Host Abiy
Expeditionary Forces of Abyssinia,elite,High Confessor of War Tero
Expeditionary Forces of Abyssinia,elite,The Iron Evangelist Eyoel
Expeditionary Forces of Abyssinia,elite,The Dust Crowned King Desta
Expeditionary Forces of Abyssinia,elite,The Blessed Warlord Xilo
Expeditionary Forces of Abyssinia,elite,The Saint of Endless Siege
Expeditionary Forces of Abyssinia,elite,The Holy Executioner of Kings
Expeditionary Forces of Abyssinia,elite,Warden of the Lion Throne Imru
Expeditionary Forces of Abyssinia,elite,The Deserted Crown Ilyas
Expeditionary Forces of Abyssinia,elite,The Abyss-Touched Strategos
Expeditionary Forces of Abyssinia,elite,Keeper of the Seventh Seal
Expeditionary Forces of Abyssinia,leader,The Lion-Born Judge Getenesh
Expeditionary Forces of Abyssinia,leader,Keeper of the Burning Ark Yohannes
Expeditionary Forces of Abyssinia,leader,The Burning Hierophant Oumer
Expeditionary Forces of Abyssinia,leader,Captain of the Radiant Spear Bena
Expeditionary Forces of Abyssinia,leader,The Blessed Warlord Kaleb
Expeditionary Forces of Abyssinia,leader,The Last Bishop of War Kisanet
Expeditionary Forces of Abyssinia,leader,The Blackened Archbishop Ilyas
Expeditionary Forces of Abyssinia,leader,The Crownless Emperor Xilo
Expeditionary Forces of Abyssinia,leader,The War Choir Master Amanuel
Expeditionary Forces of Abyssinia,leader,The Blessed Warlord Oumer
Expeditionary Forces of Abyssinia,leader,The Spear of Solomon Eyoel
Expeditionary Forces of Abyssinia,leader,The Ashen Patriarchate Yohannes
Expeditionary Forces of Abyssinia,leader,The Iron Patriarch Iman
Expeditionary Forces of Abyssinia,leader,Keeper of the Seventh Seal Zere
Expeditionary Forces of Abyssinia,leader,The Golden Spear of Zion Senait
Expeditionary Forces of Abyssinia,leader,The Burning Hierophant Habte
Expeditionary Forces of Abyssinia,leader,The Saint of Endless Siege Eleni
Expeditionary Forces of Abyssinia,leader,The Iron Evangelist Yeshimebet
Expeditionary Forces of Abyssinia,leader,The Abyssal Monk-King Xilo
Expeditionary Forces of Abyssinia,leader,The Siege Saint of Tewahedo Adi
Expeditionary Forces of Abyssinia,leader,The Golden Liturgist Abiy
Expeditionary Forces of Abyssinia,leader,Guardian of the Red Covenant Yared
Expeditionary Forces of Abyssinia,leader,Warden of the Broken Psalter Pano
Expeditionary Forces of Abyssinia,leader,Emperor of the Crimson Covenant Mulu
Expeditionary Forces of Abyssinia,leader,The Starbound Prelate Fari
Expeditionary Forces of Abyssinia,leader,The Red Monastic Lord Qena
Expeditionary Forces of Abyssinia,leader,The Dust Crowned King Zewde
Expeditionary Forces of Abyssinia,leader,Saint-General of the Eastern Front Dori
Expeditionary Forces of Abyssinia,leader,The Red Monastic Lord Obi
Expeditionary Forces of Abyssinia,leader,Herald of the Last Empire Frehiwot
Expeditionary Forces of Abyssinia,leader,The Blackened Archbishop Obi
Expeditionary Forces of Abyssinia,leader,The Iron Evangelist Nuru
Expeditionary Forces of Abyssinia,leader,The War Choir Master Lilit
Expeditionary Forces of Abyssinia,leader,The Iron Patriarch Desta
Expeditionary Forces of Abyssinia,leader,The Abyss-Touched Strategos Zemzem
Expeditionary Forces of Abyssinia,leader,Abbot-General of Steel Prayer Mesfin
Expeditionary Forces of Abyssinia,leader,The Lion-Born Judge Sani
Expeditionary Forces of Abyssinia,leader,Arch-Bishop of the Ashen Creed Adi
Expeditionary Forces of Abyssinia,leader,The Starbound Prelate Zewditu
Expeditionary Forces of Abyssinia,leader,Captain of the Radiant Spear Lomi
Expeditionary Forces of Abyssinia,leader,The War Choir Master Emebet
Expeditionary Forces of Abyssinia,leader,Saint-General of the Eastern Front Laru
Expeditionary Forces of Abyssinia,leader,The Starbound Prelate Adi
Expeditionary Forces of Abyssinia,leader,Captain of the Radiant Spear Celo
Expeditionary Forces of Abyssinia,leader,High Confessor of War Jani
Expeditionary Forces of Abyssinia,leader,Lord of the Seven Monasteries Yordanos
Expeditionary Forces of Abyssinia,leader,Patriarch of the Black Sun Nati
Expeditionary Forces of Abyssinia,leader,The Holy Executioner of Kings Pano
Expeditionary Forces of Abyssinia,leader,High Confessor of War Selam
Expeditionary Forces of Abyssinia,leader,Protector of the Coptic Gate Imru
Expeditionary Forces of Abyssinia,leader,High Negus of the Sacred Line Genet
Expeditionary Forces of Abyssinia,leader,The Starbound Prelate Ilyas
Expeditionary Forces of Abyssinia,leader,The Spear of Solomon Bekele
Expeditionary Forces of Abyssinia,leader,The Silent Emperor Endale
Expeditionary Forces of Abyssinia,leader,High Negus of the Sacred Line Tani
Expeditionary Forces of Abyssinia,leader,The Ashen Patriarchate Lemma
Expeditionary Forces of Abyssinia,leader,The Holy Executioner of Kings Endale
Expeditionary Forces of Abyssinia,leader,Herald of the Last Empire Bari
Expeditionary Forces of Abyssinia,leader,The War Choir Master Almaz
Expeditionary Forces of Abyssinia,leader,The Iron Evangelist Kebebush
Expeditionary Forces of Abyssinia,leader,The Last Bishop of War Dereje
Expeditionary Forces of Abyssinia,leader,The Deserted Crown Pano
Expeditionary Forces of Abyssinia,leader,The Red Monastic Lord Kaleb
Expeditionary Forces of Abyssinia,leader,The Deserted Crown Tsion
Expeditionary Forces of Abyssinia,leader,Marshal of the Lion Host Ilyas
Expeditionary Forces of Abyssinia,leader,Voice of the Orthodox Flame Fari
Expeditionary Forces of Abyssinia,leader,Marshal of the Lion Host Kiros
Expeditionary Forces of Abyssinia,leader,The Ashen Patriarchate Chala
Expeditionary Forces of Abyssinia,leader,The Siege Saint of Tewahedo Yordanos
Expeditionary Forces of Abyssinia,leader,Patriarch of the Black Sun Amanuel
Expeditionary Forces of Abyssinia,leader,The Blackened Archbishop Yeshimebet
Expeditionary Forces of Abyssinia,leader,The Last Bishop of War Yordanos
Expeditionary Forces of Abyssinia,leader,The Saint of Endless Siege Mesi
Expeditionary Forces of Abyssinia,leader,The Blessed Warlord Yordanos
Expeditionary Forces of Abyssinia,leader,The War Choir Master Tiru
Expeditionary Forces of Abyssinia,leader,The Silent Emperor Almaz
Expeditionary Forces of Abyssinia,leader,The Abyssal Monk-King Haile
Expeditionary Forces of Abyssinia,leader,The Saint of Endless Siege Eden
Expeditionary Forces of Abyssinia,leader,High Negus of the Sacred Line Celo
Expeditionary Forces of Abyssinia,leader,The Golden Liturgist Rasu
Expeditionary Forces of Abyssinia,leader,The Siege Saint of Tewahedo Kalu
Expeditionary Forces of Abyssinia,leader,The Lion-Born Judge Girma
Expeditionary Forces of Abyssinia,leader,Protector of the Coptic Gate Jember
Expeditionary Forces of Abyssinia,leader,The Martyr-Commander Rahelia
Expeditionary Forces of Abyssinia,leader,The War Saint of Axum Senait
Expeditionary Forces of Abyssinia,leader,The Iron Evangelist Gabi
Expeditionary Forces of Abyssinia,leader,The Starbound Prelate Mareg
Expeditionary Forces of Abyssinia,leader,The Martyr-Commander Addis
Expeditionary Forces of Abyssinia,leader,High Confessor of War Fikre
Expeditionary Forces of Abyssinia,leader,The Lion-Born Judge Sefu
Expeditionary Forces of Abyssinia,leader,Keeper of the Seventh Seal Hani
Expeditionary Forces of Abyssinia,leader,Saint-General of the Eastern Front Bariu
Expeditionary Forces of Abyssinia,leader,The Blackened Archbishop Getenesh
Expeditionary Forces of Abyssinia,leader,Guardian of the Red Covenant Netsanet
Expeditionary Forces of Abyssinia,leader,The Martyr-Commander Aster
Expeditionary Forces of Abyssinia,leader,General of the Sanctified Legions Lilit
Expeditionary Forces of Abyssinia,leader,Abbot-General of Steel Prayer Zano
Expeditionary Forces of Abyssinia,leader,The Blessed Warlord Wubet
Expeditionary Forces of Abyssinia,leader,The Ashen Patriarchate Tewodros
Expeditionary Forces of Abyssinia,leader,The Lion of the Ash Marches Zewde
Cavalcade of the Tenth Plague,grunt,Keziah
Cavalcade of the Tenth Plague,grunt,Hannah
Cavalcade of the Tenth Plague,grunt,Valeria
Cavalcade of the Tenth Plague,grunt,Silence
Cavalcade of the Tenth Plague,grunt,Thomas
Cavalcade of the Tenth Plague,grunt,Micah
Cavalcade of the Tenth Plague,grunt,Null
Cavalcade of the Tenth Plague,grunt,Mary
Cavalcade of the Tenth Plague,grunt,Azor Cycle of the Ashen Gate
Cavalcade of the Tenth Plague,grunt,Elisabet
Cavalcade of the Tenth Plague,grunt,Malchor
Cavalcade of the Tenth Plague,grunt,Delilah
Cavalcade of the Tenth Plague,grunt,Fever The Named End
Cavalcade of the Tenth Plague,grunt,Shira
Cavalcade of the Tenth Plague,grunt,Tabitha
Cavalcade of the Tenth Plague,grunt,Isolde
Cavalcade of the Tenth Plague,grunt,Leah
Cavalcade of the Tenth Plague,grunt,Susanna
Cavalcade of the Tenth Plague,grunt,Isolde
Cavalcade of the Tenth Plague,grunt,Cyprian Beta
Cavalcade of the Tenth Plague,grunt,Crown
Cavalcade of the Tenth Plague,grunt,Severus
Cavalcade of the Tenth Plague,grunt,Azrael
Cavalcade of the Tenth Plague,grunt,Second
Cavalcade of the Tenth Plague,grunt,Third
Cavalcade of the Tenth Plague,grunt,Fourth
Cavalcade of the Tenth Plague,grunt,Lilith
Cavalcade of the Tenth Plague,grunt,Sabina
Cavalcade of the Tenth Plague,grunt,Rift The Completed Horror
Cavalcade of the Tenth Plague,grunt,Naomi
Cavalcade of the Tenth Plague,grunt,Judith The Unsealed Disaster
Cavalcade of the Tenth Plague,grunt,Plague
Cavalcade of the Tenth Plague,grunt,Malachi
Cavalcade of the Tenth Plague,grunt,Ash The Sixth Correction Event
Cavalcade of the Tenth Plague,grunt,Cassia
Cavalcade of the Tenth Plague,grunt,Psalm
Cavalcade of the Tenth Plague,grunt,Elisabet
Cavalcade of the Tenth Plague,grunt,Mask
Cavalcade of the Tenth Plague,grunt,Yael Cycle of the Ashen Gate
Cavalcade of the Tenth Plague,grunt,Seventh
Cavalcade of the Tenth Plague,grunt,Sign
Cavalcade of the Tenth Plague,grunt,Ezekiel
Cavalcade of the Tenth Plague,grunt,Micah
Cavalcade of the Tenth Plague,grunt,Zechariah
Cavalcade of the Tenth Plague,grunt,Rift The Broken Judgment
Cavalcade of the Tenth Plague,grunt,End
Cavalcade of the Tenth Plague,grunt,Mordecai
Cavalcade of the Tenth Plague,grunt,Felix Cycle of the Iron Seal
Cavalcade of the Tenth Plague,grunt,Selene
Cavalcade of the Tenth Plague,grunt,Jezebel
Cavalcade of the Tenth Plague,grunt,Sarah Cycle of the Iron Seal
Cavalcade of the Tenth Plague,grunt,Obadiah
Cavalcade of the Tenth Plague,grunt,Delilah
Cavalcade of the Tenth Plague,grunt,End The Plague That Waits
Cavalcade of the Tenth Plague,grunt,Ezekiel
Cavalcade of the Tenth Plague,grunt,Fifth Echo of the Eighth Death
Cavalcade of the Tenth Plague,grunt,Theodora
Cavalcade of the Tenth Plague,grunt,Amos
Cavalcade of the Tenth Plague,grunt,Salome The Unnamed End
Cavalcade of the Tenth Plague,grunt,Scar Echo of the Sixth Death
Cavalcade of the Tenth Plague,grunt,Cassia
Cavalcade of the Tenth Plague,grunt,Cassian Gamma
Cavalcade of the Tenth Plague,grunt,Gershon
Cavalcade of the Tenth Plague,grunt,Sabina
Cavalcade of the Tenth Plague,grunt,Zillah
Cavalcade of the Tenth Plague,grunt,Mask
Cavalcade of the Tenth Plague,grunt,Scream
Cavalcade of the Tenth Plague,grunt,Eliana
Cavalcade of the Tenth Plague,grunt,Omen
Cavalcade of the Tenth Plague,grunt,Mara The Completed Horror
Cavalcade of the Tenth Plague,grunt,Elisabet
Cavalcade of the Tenth Plague,grunt,Joram
Cavalcade of the Tenth Plague,grunt,Dread Echo of the Fourth Death
Cavalcade of the Tenth Plague,grunt,Cyprian
Cavalcade of the Tenth Plague,grunt,Echo Cycle of the Ashen Gate
Cavalcade of the Tenth Plague,grunt,Zillah
Cavalcade of the Tenth Plague,grunt,Peter
Cavalcade of the Tenth Plague,grunt,Aurelia
Cavalcade of the Tenth Plague,grunt,Eighth The Last Warning Cycle
Cavalcade of the Tenth Plague,grunt,Raphael
Cavalcade of the Tenth Plague,grunt,Ignatius
Cavalcade of the Tenth Plague,grunt,Jezebel
Cavalcade of the Tenth Plague,grunt,Ash
Cavalcade of the Tenth Plague,grunt,Tobias
Cavalcade of the Tenth Plague,grunt,Joram
Cavalcade of the Tenth Plague,grunt,Psalm
Cavalcade of the Tenth Plague,grunt,Sear
Cavalcade of the Tenth Plague,grunt,Martha Delta
Cavalcade of the Tenth Plague,grunt,Eremiel
Cavalcade of the Tenth Plague,grunt,Simon The Unsealed Disaster
Cavalcade of the Tenth Plague,grunt,Tobias
Cavalcade of the Tenth Plague,grunt,Malachi The Walking Cataclysm
Cavalcade of the Tenth Plague,grunt,Isaac
Cavalcade of the Tenth Plague,grunt,Keziah
Cavalcade of the Tenth Plague,grunt,Zillah Beta
Cavalcade of the Tenth Plague,grunt,Sear
Cavalcade of the Tenth Plague,grunt,Azor
Cavalcade of the Tenth Plague,grunt,Sarah
Cavalcade of the Tenth Plague,grunt,Zechariah
Cavalcade of the Tenth Plague,grunt,Cassia
Cavalcade of the Tenth Plague,elite,Elazar the Broken Warning
Cavalcade of the Tenth Plague,elite,Mask the Iron End
Cavalcade of the Tenth Plague,elite,Abner the Hollow Cycle
Cavalcade of the Tenth Plague,elite,Hannah the Drowned Judgment
Cavalcade of the Tenth Plague,elite,Cinder the Walking Curse
Cavalcade of the Tenth Plague,elite,Cyprian the End Walking
Cavalcade of the Tenth Plague,elite,Micah the Ash Crowned
Cavalcade of the Tenth Plague,elite,Tobiasen the Ashen Plague
Cavalcade of the Tenth Plague,elite,Eighth the Hollow Plague
Cavalcade of the Tenth Plague,elite,Ignatius the Iron End
Cavalcade of the Tenth Plague,elite,Sixth the Walking Seal
Cavalcade of the Tenth Plague,elite,Tobias the Walking Seal
Cavalcade of the Tenth Plague,elite,Thomas the Drowned Judgment
Cavalcade of the Tenth Plague,elite,Aaron the Ash Crowned
Cavalcade of the Tenth Plague,elite,Kallian the Broken Mercy
Cavalcade of the Tenth Plague,elite,Fourth the Silent Affliction
Cavalcade of the Tenth Plague,elite,Dinah the Mercy Broken
Cavalcade of the Tenth Plague,elite,Victor the Burning Iteration
Cavalcade of the Tenth Plague,elite,Nathan the Ash Crowned
Cavalcade of the Tenth Plague,elite,Isolde the Iron Afflicted
Cavalcade of the Tenth Plague,elite,Mask the Drowned Judgment
Cavalcade of the Tenth Plague,elite,Vespera the Plague Remembered
Cavalcade of the Tenth Plague,elite,Second the End Twice Spoken
Cavalcade of the Tenth Plague,elite,Yael the Cycle Unending
Cavalcade of the Tenth Plague,elite,Cry the Plague Remembered
Cavalcade of the Tenth Plague,elite,Cassiel
Cavalcade of the Tenth Plague,elite,Fourth the Ashen Warning
Cavalcade of the Tenth Plague,elite,Ezekiel the Silent Ender
Cavalcade of the Tenth Plague,elite,Sabina the Hollow Mercy
Cavalcade of the Tenth Plague,elite,Ignatius the Silent Cataclysm
Cavalcade of the Tenth Plague,elite,Tenth the Hollow Plague
Cavalcade of the Tenth Plague,elite,Abner the Silent Plague
Cavalcade of the Tenth Plague,elite,Second the Tenth Silence
Cavalcade of the Tenth Plague,elite,Baruch the Cycle Unending
Cavalcade of the Tenth Plague,elite,Breath the Walking Seal
Cavalcade of the Tenth Plague,elite,Raphael the Catastrophe Marked
Cavalcade of the Tenth Plague,elite,Hannah the Drowned Judgment
Cavalcade of the Tenth Plague,elite,Malachi the Ashen Plague
Cavalcade of the Tenth Plague,elite,Raphael the Judgment Walker
Cavalcade of the Tenth Plague,elite,Nathan the Iron End
Cavalcade of the Tenth Plague,elite,Jonah the End Twice Spoken
Cavalcade of the Tenth Plague,elite,Judah the Walking Seal
Cavalcade of the Tenth Plague,elite,Noemi the Cycle Bound
Cavalcade of the Tenth Plague,elite,Sarah the Broken Cycle
Cavalcade of the Tenth Plague,elite,Mark the Hollow Plague
Cavalcade of the Tenth Plague,elite,Hosea the Hollow Cycle
Cavalcade of the Tenth Plague,elite,Breath the Silent Cataclysm
Cavalcade of the Tenth Plague,elite,Eremiel the Silent Plague
Cavalcade of the Tenth Plague,elite,Ash the Hollow Cycle
Cavalcade of the Tenth Plague,elite,Veil the Ash Born Catastrophe
Cavalcade of the Tenth Plague,elite,Malchor the Ashen Plague
Cavalcade of the Tenth Plague,elite,Sariel the Cycle Completed
Cavalcade of the Tenth Plague,elite,Severus the Silent Sickness
Cavalcade of the Tenth Plague,elite,Sear the Ashen Warning
Cavalcade of the Tenth Plague,elite,Abigail the Iron Afflicted
Cavalcade of the Tenth Plague,elite,Iron the Cycle Unending
Cavalcade of the Tenth Plague,elite,Micah the Tenth Plague Eternal
Cavalcade of the Tenth Plague,elite,Mary the Hollow End
Cavalcade of the Tenth Plague,elite,Talia the Broken Warning
Cavalcade of the Tenth Plague,elite,Adrian the Red Cycle
Cavalcade of the Tenth Plague,elite,Eliana the Broken Mercy
Cavalcade of the Tenth Plague,elite,Levi the Final Affliction
Cavalcade of the Tenth Plague,elite,Damian the Judgment Walker
Cavalcade of the Tenth Plague,elite,Rachel the Red Cataclysm
Cavalcade of the Tenth Plague,elite,Miriam the Final Seal
Cavalcade of the Tenth Plague,elite,Mask the Tenth Born
Cavalcade of the Tenth Plague,elite,Smoke the Walking Seal
Cavalcade of the Tenth Plague,elite,Baruch the Red Cataclysm
Cavalcade of the Tenth Plague,elite,Magdalena the Mercy Broken
Cavalcade of the Tenth Plague,elite,Joram the Iron Afflicted
Cavalcade of the Tenth Plague,elite,Joanna the Cycle Completed
Cavalcade of the Tenth Plague,elite,Tenth the Judgment Sealed
Cavalcade of the Tenth Plague,elite,Naomi the Silent Affliction
Cavalcade of the Tenth Plague,elite,Simon the Ashen Plague
Cavalcade of the Tenth Plague,elite,Elisabet
Cavalcade of the Tenth Plague,elite,Eliana the Iron Afflicted
Cavalcade of the Tenth Plague,elite,Cassiel the Silent Cataclysm
Cavalcade of the Tenth Plague,elite,Gershon the Plague That Counts
Cavalcade of the Tenth Plague,elite,Psalm the Silent Affliction
Cavalcade of the Tenth Plague,elite,Keren the Drowned Judgment
Cavalcade of the Tenth Plague,elite,Drain the Hollow Plague
Cavalcade of the Tenth Plague,elite,Sixth the Walking Curse
Cavalcade of the Tenth Plague,elite,Wound the Hollow End
Cavalcade of the Tenth Plague,elite,Third the Broken Mercy
Cavalcade of the Tenth Plague,elite,Hosea the Final Warning
Cavalcade of the Tenth Plague,elite,Joel the Red Cycle
Cavalcade of the Tenth Plague,elite,Lydia the Ash Crowned
Cavalcade of the Tenth Plague,elite,Matthias the Judgment Walker
Cavalcade of the Tenth Plague,elite,Lucian
Cavalcade of the Tenth Plague,elite,Seraphina the Silent Plague
Cavalcade of the Tenth Plague,elite,Zechariah the Cycle Completed
Cavalcade of the Tenth Plague,elite,Abigail the Broken Warning
Cavalcade of the Tenth Plague,elite,Adrian the Broken Warning
Cavalcade of the Tenth Plague,elite,Mark the Ash Marked
Cavalcade of the Tenth Plague,elite,Deborah the Ninth Cycle
Cavalcade of the Tenth Plague,elite,Azrael the Ashen Warning
Cavalcade of the Tenth Plague,elite,Cry the Black Bell
Cavalcade of the Tenth Plague,elite,Micah the Final Affliction
Cavalcade of the Tenth Plague,elite,Dust the Hollow End
Cavalcade of the Tenth Plague,elite,Ash the Black Bell
Cavalcade of the Tenth Plague,leader,Commander of the Tenth Cycle Damian
Cavalcade of the Tenth Plague,leader,Warden of the Final Catastrophe Lucian
Cavalcade of the Tenth Plague,leader,High Strategos of the Final Sickness Keren
Cavalcade of the Tenth Plague,leader,The Hollow Warden of Mercy Deborah
Cavalcade of the Tenth Plague,leader,The Ashen Executor of Endings Cyprian
Cavalcade of the Tenth Plague,leader,The Iron Plague Confessor Mordecai
Cavalcade of the Tenth Plague,leader,Lord of the Walking Plagues Omen
Cavalcade of the Tenth Plague,leader,The Ash Crowned Plague Lord Keziah
Cavalcade of the Tenth Plague,leader,The Ashen Warning Marshal Azrael
Cavalcade of the Tenth Plague,leader,The Hollow Warden of Mercy Miriam
Cavalcade of the Tenth Plague,leader,The Ninth Death Herald Plague
Cavalcade of the Tenth Plague,leader,Lord of the Walking Plagues Lucian
Cavalcade of the Tenth Plague,leader,The Walking Judgment Strategos Psalm
Cavalcade of the Tenth Plague,leader,The End Cycle Strategist Naomi
Cavalcade of the Tenth Plague,leader,The Final Plague Confessor Eighth
Cavalcade of the Tenth Plague,leader,The Silent Cataclysm Executor Tamar
Cavalcade of the Tenth Plague,leader,The Ashen Executor of Endings Rot
Cavalcade of the Tenth Plague,leader,The Silent Affliction General Abigail
Cavalcade of the Tenth Plague,leader,High Herald of the Tenth Plague Breath
Cavalcade of the Tenth Plague,leader,The Ash Crowned Plague Lord Eremiel
Cavalcade of the Tenth Plague,leader,The Hollow Warden of Mercy Psalm
Cavalcade of the Tenth Plague,leader,The Walking Curse Commander Crown
Cavalcade of the Tenth Plague,leader,Lord of the Walking Plagues Joram
Cavalcade of the Tenth Plague,leader,High Herald of the Tenth Plague Amos
Cavalcade of the Tenth Plague,leader,The Ninth Seal Breaker Abigail
Cavalcade of the Tenth Plague,leader,High Herald of the Tenth Plague Joanna
Cavalcade of the Tenth Plague,leader,The Final Warning Marshal End
Cavalcade of the Tenth Plague,leader,The Silent End Herald Zillah
Cavalcade of the Tenth Plague,leader,The Silent Cataclysm Executor Seraphina
Cavalcade of the Tenth Plague,leader,Keeper of the Last Affliction Cycle Aaron
Cavalcade of the Tenth Plague,leader,Warden of the Final Catastrophe Micah
Cavalcade of the Tenth Plague,leader,The Final Warning Marshal Bartholomew
Cavalcade of the Tenth Plague,leader,The Drowned Mercy Strategist Cassian
Cavalcade of the Tenth Plague,leader,The Ashen Judgment Strategos Adrian
Cavalcade of the Tenth Plague,leader,Warden of the Final Catastrophe Sickness
Cavalcade of the Tenth Plague,leader,The Ninth Catastrophe Executor Valeria
Cavalcade of the Tenth Plague,leader,The Broken Judgment Keeper Rachel
Cavalcade of the Tenth Plague,leader,The Hollow Cycle Keeper Gabriel
Cavalcade of the Tenth Plague,leader,The Ashen Warning Marshal Fourth
Cavalcade of the Tenth Plague,leader,The Silent Tenth Herald Cassia
Cavalcade of the Tenth Plague,leader,The Catastrophe Choir Warden Sear
Cavalcade of the Tenth Plague,leader,The Iron Cataclysm Keeper Severus
Cavalcade of the Tenth Plague,leader,The Ninth Seal Breaker Vespera
Cavalcade of the Tenth Plague,leader,The Walking Curse Commander Orpha
Cavalcade of the Tenth Plague,leader,The Silent Bell of Disaster Levi
Cavalcade of the Tenth Plague,leader,The Ashen Judgment Strategos Aurelia
Cavalcade of the Tenth Plague,leader,The Ninth Death Herald Obadiah
Cavalcade of the Tenth Plague,leader,The End Cycle Strategist Curse
Cavalcade of the Tenth Plague,leader,The Final Plague Confessor Azor
Cavalcade of the Tenth Plague,leader,The Broken Mercy Executor Wound
Cavalcade of the Tenth Plague,leader,The Broken Mercy Executor Tamar
Cavalcade of the Tenth Plague,leader,The Plague That Walks Commander Azrael
Cavalcade of the Tenth Plague,leader,The Red Judge of Contagion Delilah
Cavalcade of the Tenth Plague,leader,The Ashen Warning Marshal Ignatius
Cavalcade of the Tenth Plague,leader,The Iron Cataclysm Keeper Seventh
Cavalcade of the Tenth Plague,leader,The Second Death Herald Echo
Cavalcade of the Tenth Plague,leader,The Silent End Herald Cinder
Cavalcade of the Tenth Plague,leader,The Silent End Herald Crown
Cavalcade of the Tenth Plague,leader,The Ninth Seal Breaker Mark
Cavalcade of the Tenth Plague,leader,The End Cycle Strategist Jezebel
Cavalcade of the Tenth Plague,leader,The Hollow Warning Keeper Cassian
Cavalcade of the Tenth Plague,leader,The Ninth Death Herald Drain
Cavalcade of the Tenth Plague,leader,The Iron Mask of Judgment Second
Cavalcade of the Tenth Plague,leader,The Walking Curse Commander Severus
Cavalcade of the Tenth Plague,leader,The Ashen Executor of Endings Azrael
Cavalcade of the Tenth Plague,leader,The Final Warning Marshal Esther
Cavalcade of the Tenth Plague,leader,The Fevered Executor of Cycles Last
Cavalcade of the Tenth Plague,leader,The Silent Affliction General Elisabet
Cavalcade of the Tenth Plague,leader,The Ninth Seal Breaker John
Cavalcade of the Tenth Plague,leader,The Silent Affliction General Sixth
Cavalcade of the Tenth Plague,leader,The Walking Curse Commander Sickness
Cavalcade of the Tenth Plague,leader,The Hollow Warning Keeper Cassia
Cavalcade of the Tenth Plague,leader,The Broken Judgment Keeper Miriam
Cavalcade of the Tenth Plague,leader,The Silent Bell of Disaster Cassia
Cavalcade of the Tenth Plague,leader,The Red Plague Keeper Eternal Raphael
Cavalcade of the Tenth Plague,leader,The Tenth Plague Marshal Supreme Matthias
Cavalcade of the Tenth Plague,leader,The Iron Plague Confessor Luke
Cavalcade of the Tenth Plague,leader,The Ninth Seal Breaker Elisabet
Cavalcade of the Tenth Plague,leader,The End That Walks Gabriel
Cavalcade of the Tenth Plague,leader,The Black Bell Marshal of Endings Susanna
Cavalcade of the Tenth Plague,leader,The Ash Bell of Final Things Cassian
Cavalcade of the Tenth Plague,leader,The Plague Crowned Executor Tobiasen
Cavalcade of the Tenth Plague,leader,The Ninth Seal Breaker Vespera
Cavalcade of the Tenth Plague,leader,The Final Plague Confessor Mary
Cavalcade of the Tenth Plague,leader,The Iron Cataclysm Keeper Tenth
Cavalcade of the Tenth Plague,leader,High Herald of the Tenth Plague Ezekiel
Cavalcade of the Tenth Plague,leader,The Drowned Mercy Strategist Null
Cavalcade of the Tenth Plague,leader,The Ashen Executor of Endings Dust
Cavalcade of the Tenth Plague,leader,The Ash Crowned Plague Lord Salome
Cavalcade of the Tenth Plague,leader,Warden of the Final Catastrophe Ruth
Cavalcade of the Tenth Plague,leader,The Silent Affliction General Chain
Cavalcade of the Tenth Plague,leader,The Ashen Warning Marshal Mark
Cavalcade of the Tenth Plague,leader,The Iron Silence Confessor Nathan
Cavalcade of the Tenth Plague,leader,The Ash Crowned Plague Lord Hannah
Cavalcade of the Tenth Plague,leader,The Hollow End Confessor Shira
Cavalcade of the Tenth Plague,leader,High Strategos of the Final Sickness Baruch
Cavalcade of the Tenth Plague,leader,The Plague Marshal of Judgment Michal
Cavalcade of the Tenth Plague,leader,The Final Warning Marshal Cassian
Cavalcade of the Tenth Plague,leader,The Ninth Seal Breaker Chain
Cavalcade of the Tenth Plague,leader,The Red Affliction General Hymn
Court of Envy,grunt,Cael Emerald-Touched
Court of Envy,grunt,Amir The Unfulfilled
Court of Envy,grunt,Nura Echo-Favored
Court of Envy,grunt,Nadim Stolen Glory
Court of Envy,grunt,Sabria Twin-Marked
Court of Envy,grunt,Layla Hidden Ambition
Court of Envy,grunt,Selim Hidden Ambition
Court of Envy,grunt,Rune The Jealous
Court of Envy,grunt,Seren Crown-Seeker
Court of Envy,grunt,Talon The Watchful
Court of Envy,grunt,Sorina Emerald-Blessed
Court of Envy,grunt,Noor Reflection Exalted
Court of Envy,grunt,Riven Stolen Glory
Court of Envy,grunt,Lina Desire Eternal
Court of Envy,grunt,Seren Secret-Blessed
Court of Envy,grunt,Kamil Mirror-Blessed
Court of Envy,grunt,Dusk Emerald-Blessed
Court of Envy,grunt,Onyx Shadow Blessed
Court of Envy,grunt,Aisha Stolen Honor
Court of Envy,grunt,Omar Reflection Exalted
Court of Envy,grunt,Nasir The Watchful
Court of Envy,grunt,Basira The Unfulfilled
Court of Envy,grunt,Zephyr Mirror Eternal
Court of Envy,grunt,Winter Echo-Anointed
Court of Envy,grunt,River Coveting Soul
Court of Envy,grunt,Yusef Shadow-Favored
Court of Envy,grunt,Briar The Covetous
Court of Envy,grunt,Yasmin Borrowed Glory
Court of Envy,grunt,Garnet Emerald-Blessed
Court of Envy,grunt,Yusef Borrowed Light
Court of Envy,grunt,Amir Emerald Crowned
Court of Envy,grunt,Murad Crown-Desired
Court of Envy,grunt,Veyn Shadow-Favored
Court of Envy,grunt,Cove Glory-Stealer
Court of Envy,grunt,Kael Mirror-Favored
Court of Envy,grunt,Flint Secret-Blessed
Court of Envy,grunt,Noor The Watchful
Court of Envy,grunt,Mazin Mirror Eternal
Court of Envy,grunt,Imran Coveting Soul
Court of Envy,grunt,Ruqayya Mirror-Blessed
Court of Envy,grunt,Sorina Glory-Stealer
Court of Envy,grunt,Liora Stolen Glory
Court of Envy,grunt,Tarek Echo-Favored
Court of Envy,grunt,Ilyas Reflection Exalted
Court of Envy,grunt,Sorina Coveting Heart
Court of Envy,grunt,Jamila Hidden Flame
Court of Envy,grunt,Sahil Secret-Keeper
Court of Envy,grunt,Arden Crown-Seeker
Court of Envy,grunt,Tahira The Watchful
Court of Envy,grunt,Wren Mirror Chosen
Court of Envy,grunt,Rana Crown-Coveter
Court of Envy,grunt,Zuleika Echo-Anointed
Court of Envy,grunt,Aster Mirror-Thief
Court of Envy,grunt,Cael Reflection Perfected
Court of Envy,grunt,Vesper Desire-Bound
Court of Envy,grunt,Briar Reflection-Touched
Court of Envy,grunt,Rania Glory-Stealer
Court of Envy,grunt,Murad Secret-Keeper
Court of Envy,grunt,Tempest Mirror-Favored
Court of Envy,grunt,Sage Reflection-Touched
Court of Envy,grunt,Indigo Reflection Perfected
Court of Envy,grunt,Ilyas Stolen Birthright
Court of Envy,grunt,River Twin-Marked
Court of Envy,grunt,Safiya Glory-Stealer
Court of Envy,grunt,Sorina Secret Hunger
Court of Envy,grunt,Dusk Hidden Desire
Court of Envy,grunt,Aster Secret Hunger
Court of Envy,grunt,Qasim Mirror Eternal
Court of Envy,grunt,Nizam Twin-Marked
Court of Envy,grunt,Dalia Desire-Bound
Court of Envy,grunt,Zahra Echo-Anointed
Court of Envy,grunt,Aisha Stolen Honor
Court of Envy,grunt,Samir Secret-Keeper
Court of Envy,grunt,Vale Echo-Crowned
Court of Envy,grunt,Darian Emerald-Blessed
Court of Envy,grunt,Tariq Secret-Blessed
Court of Envy,grunt,Talon Emerald Crowned
Court of Envy,grunt,Ilyas Reflection Exalted
Court of Envy,grunt,Azure Coveting Soul
Court of Envy,grunt,Shirin Mirror-Favored
Court of Envy,grunt,Selim Mirror-Blessed
Court of Envy,grunt,Rowan Echo-Favored
Court of Envy,grunt,Kairo Coveting Soul
Court of Envy,grunt,Raif Glory-Stealer
Court of Envy,grunt,Lumen The Jealous
Court of Envy,grunt,Mariam Mirror Chosen
Court of Envy,grunt,Noor Reflection-Bound
Court of Envy,grunt,Kairo Emerald-Blessed
Court of Envy,grunt,Ayman Mirror-Blessed
Court of Envy,grunt,Zara Twin-Marked
Court of Envy,grunt,Garnet Shadow Blessed
Court of Envy,grunt,Dania Echo-Crowned
Court of Envy,grunt,Jalal Hidden Ambition
Court of Envy,grunt,Dania Stolen Honor
Court of Envy,grunt,Huda Secret Hunger
Court of Envy,grunt,Zephyr The Jealous
Court of Envy,grunt,Yamina Echo-Anointed
Court of Envy,grunt,Sana Coveted One
Court of Envy,grunt,Rowan Twin-Souled
Court of Envy,grunt,Indigo Crown-Seeker
Court of Envy,elite,Rania House Whispered Court
Court of Envy,elite,Safiya House Emerald Court
Court of Envy,elite,Khalid House Green Coil
Court of Envy,elite,Moss House Echoing Hall
Court of Envy,elite,Meridian House Reflection
Court of Envy,elite,Shale House Silent Throne
Court of Envy,elite,Darian House Whispered Court
Court of Envy,elite,Rayan Silver Veil
Court of Envy,elite,Khalid House Twin Crown
Court of Envy,elite,Noor House Glass Throne
Court of Envy,elite,Veyn House Whispered Name
Court of Envy,elite,Ayman House Shadow Crown
Court of Envy,elite,Omar House Shadow Hall
Court of Envy,elite,Nyx House Veiled Reflection
Court of Envy,elite,Moss House Secret Crown
Court of Envy,elite,Jamila House Stolen Honor
Court of Envy,elite,Sana House Echoing Hall
Court of Envy,elite,Zayn House Twin Serpent
Court of Envy,elite,Kairo House Echo Hall
Court of Envy,elite,Fahim House Secret Crown
Court of Envy,elite,Adil House Glass Throne
Court of Envy,elite,Noor House Whispered Name
Court of Envy,elite,Frost House Glass Regent
Court of Envy,elite,Sable House Echo
Court of Envy,elite,Frost House Mirror Vein
Court of Envy,elite,Darian House Twin Serpent
Court of Envy,elite,Omar House Serikar
Court of Envy,elite,Dania House Secret Name
Court of Envy,elite,Nadir House Hidden Face
Court of Envy,elite,Azure House Stolen Birthright
Court of Envy,elite,Rayan House Glass Coil
Court of Envy,elite,Rafiq House Whispered Name
Court of Envy,elite,Ivory House False Crown
Court of Envy,elite,Shirin House Coveted Throne
Court of Envy,elite,Raif House Twin Flame
Court of Envy,elite,Faruq House Glass Coil
Court of Envy,elite,Zephyr House Shadow Hall
Court of Envy,elite,Harun House False Crown
Court of Envy,elite,Fariha House Coveted Kingdom
Court of Envy,elite,Zara House Coveted Kingdom
Court of Envy,elite,Samira Mirror Court
Court of Envy,elite,Fahim House Looking Hall
Court of Envy,elite,Faruq House Shade Reflection
Court of Envy,elite,Samina House Reflection
Court of Envy,elite,Yusef House Glass Regent
Court of Envy,elite,Flint House Twin Flame
Court of Envy,elite,Phoenix House Hidden Glory
Court of Envy,elite,Zahir House Stolen Honor
Court of Envy,elite,Inaya House Looking Glass
Court of Envy,elite,Latif House Silent Mirror
Court of Envy,elite,Selim House Whispered Name
Court of Envy,elite,Rania House Stolen Crown
Court of Envy,elite,Zayed House Glass Coil
Court of Envy,elite,Karim House Secret Crown
Court of Envy,elite,Fariha House Twin Flame
Court of Envy,elite,Rania House Emerald Throne
Court of Envy,elite,Winter House Whispered Name
Court of Envy,elite,Nizam House Green Coil
Court of Envy,elite,Sahil House Whispered Court
Court of Envy,elite,Amal House Whispered Court
Court of Envy,elite,Nabila House Mirror Banner
Court of Envy,elite,Omar House Stolen Birthright
Court of Envy,elite,Vesper House False Crown
Court of Envy,elite,Harbor
Court of Envy,elite,Tarek House Shadow Crown
Court of Envy,elite,Safiya House Borrowed Glory
Court of Envy,elite,Samira House Echoing Hall
Court of Envy,elite,Cael House Shadow Jewel
Court of Envy,elite,Jamal House Twin Crown
Court of Envy,elite,Nyx House Glass Throne
Court of Envy,elite,Naima House Looking Glass
Court of Envy,elite,Rafiq House Green Coil
Court of Envy,elite,Zahra House False Crown
Court of Envy,elite,Lumen House Looking Hall
Court of Envy,elite,Sahil House Emerald Crown
Court of Envy,elite,Fariha House Stolen Honor
Court of Envy,elite,Akram House Borrowed Glory
Court of Envy,elite,Shirin House Coveted Kingdom
Court of Envy,elite,Dalia House Reflection
Court of Envy,elite,Cael House Green Flame
Court of Envy,elite,Nadir House Stolen Birthright
Court of Envy,elite,Rania House Whispered Name
Court of Envy,elite,Yusef House Silent Throne
Court of Envy,elite,Jamal House Stolen Honor
Court of Envy,elite,Aisha House Glass Regent
Court of Envy,elite,Tarek Mirror Court
Court of Envy,elite,Yamina House Glass Throne
Court of Envy,elite,Rowan House Whispered Name
Court of Envy,elite,Rayan House Reflection Throne
Court of Envy,elite,Amina House Twin Crown
Court of Envy,elite,Alina House Emerald Throne
Court of Envy,elite,Aster House Reflection Throne
Court of Envy,elite,Indigo House Mirror Vein
Court of Envy,elite,Tempest House Coveted Kingdom
Court of Envy,elite,Rayan House Coveted Jewel
Court of Envy,elite,Talib House Looking Glass
Court of Envy,elite,Murad House Shadow Crown
Court of Envy,elite,Arden House Reflection
Court of Envy,elite,Wren House Serikar
Court of Envy,elite,Flint House Emerald Throne
Court of Envy,leader,Shadow Sovereign Mira
Court of Envy,leader,Reflection Chancellor Suleiman
Court of Envy,leader,Keeper of Reflections Jamal
Court of Envy,leader,Twin Sovereign Frost
Court of Envy,leader,Shadow Sovereign Rafiq
Court of Envy,leader,Lord of Stolen Crowns Harbor
Court of Envy,leader,Green Regent Ruqayya
Court of Envy,leader,Shadow Regent Basira
Court of Envy,leader,Echo Regent Jalal
Court of Envy,leader,Reflection Regent Zayed
Court of Envy,leader,Green Regent Mira
Court of Envy,leader,Keeper of Secrets Cove
Court of Envy,leader,Emerald Archon Ash
Court of Envy,leader,Mirror Princess Shirin
Court of Envy,leader,Reflection Regent Peregrine
Court of Envy,leader,Secret Archon Samira
Court of Envy,leader,Reflection Regent Darian
Court of Envy,leader,Lady of Echoes Shale
Court of Envy,leader,Emerald Vizier Mahira
Court of Envy,leader,Keeper of Coveted Things
Court of Envy,leader,Lord of Echoes Azra
Court of Envy,leader,Reflected Vizier Leila
Court of Envy,leader,Hidden Regent Jibril
Court of Envy,leader,Glass Archon Ember
Court of Envy,leader,Echo Keeper Talon
Court of Envy,leader,Echo Regent Layla
Court of Envy,leader,Echo Keeper Malik
Court of Envy,leader,Hidden Steward Dusk
Court of Envy,leader,Reflection Regent Fariha
Court of Envy,leader,Mirror Sovereign Khadija
Court of Envy,leader,Emerald Sovereign Cinder
Court of Envy,leader,Twin Regent Amina
Court of Envy,leader,Mirror Sovereign Winter
Court of Envy,leader,Lady of Echoes Safiya
Court of Envy,leader,Echo Regent Shale
Court of Envy,leader,Lady of Borrowed Glory Hakim
Court of Envy,leader,Glass Sovereign Samira
Court of Envy,leader,Twin Regent Malik
Court of Envy,leader,Glass Regent Qasim
Court of Envy,leader,Keeper of Reflections Tarek
Court of Envy,leader,Lord of Stolen Crowns Shale
Court of Envy,leader,Secret Keeper Nadim
Court of Envy,leader,Hidden Steward Nimra
Court of Envy,leader,Hidden Regent Azure
Court of Envy,leader,Lady of Echoes Safiya
Court of Envy,leader,Lord of Coveting Rune
Court of Envy,leader,Glass Sovereign Silver
Court of Envy,leader,Secret Keeper Khadija
Court of Envy,leader,Lord of Stolen Crowns Adil
Court of Envy,leader,Reflection Regent Huda
Court of Envy,leader,Mirror Steward Peregrine
Court of Envy,leader,Mirror Princess Nasir
Court of Envy,leader,Glass Sovereign Rana
Court of Envy,leader,Keeper of Coveted Things Zara
Court of Envy,leader,Glass Archon Seren
Court of Envy,leader,Secret Keeper Wren
Court of Envy,leader,Mirror Steward Aisha
Court of Envy,leader,Twin Keeper Faris
Court of Envy,leader,Lord of Echoes Qasim
Court of Envy,leader,Twin Sovereign Riven
Court of Envy,leader,Shadow Chancellor Omar
Court of Envy,leader,Lord of Stolen Crowns Jalal
Court of Envy,leader,Shadow Chancellor Yasmin
Court of Envy,leader,Mirror Master Storm
Court of Envy,leader,Twin Sovereign Murad
Court of Envy,leader,Keeper of Reflections Adil
Court of Envy,leader,Hidden Regent Echo
Court of Envy,leader,Reflected Vizier Samina
Court of Envy,leader,Reflection Chancellor Iman
Court of Envy,leader,Twin Sovereign Sorina
Court of Envy,leader,Mirror Chamberlain Sol
Court of Envy,leader,Shadow Chamberlain Storm
Court of Envy,leader,Mirror Prince Harun
Court of Envy,leader,Mirror Prince Shale
Court of Envy,leader,Twin Keeper Mariam
Court of Envy,leader,Court Mimic Onyx
Court of Envy,leader,Reflection Warden Omar
Court of Envy,leader,Shadow Sovereign Winter
Court of Envy,leader,Hidden Regent Nadir
Court of Envy,leader,Keeper of Reflections Omar
Court of Envy,leader,Twin Regent Iskander
Court of Envy,leader,Emerald Archon Qasim
Court of Envy,leader,Glass Keeper Phoenix
Court of Envy,leader,Echo Sovereign Faris
Court of Envy,leader,Twin Keeper Azure
Court of Envy,leader,Reflection Warden Qasim
Court of Envy,leader,Secret Archon Dania
Court of Envy,leader,Twin Keeper Qasim
Court of Envy,leader,Green Regent Salma
Court of Envy,leader,Mirror Prince Fariha
Court of Envy,leader,Lady of Echoes Rafiq
Court of Envy,leader,Twin Keeper Briar
Court of Envy,leader,Green Chancellor Inaya
Court of Envy,leader,Reflected Vizier Qasim
Court of Envy,leader,Twin Regent Khalid
Court of Envy,leader,Secret Archon Leila
Court of Envy,leader,Glass Regent Darian
Court of Envy,leader,Shadow Chamberlain Peregrine
Court of Envy,leader,Keeper of Coveted Things Rania
Court of Envy,leader,Mirror Steward Hamid
Court of Gluttony,grunt,Vale The Excessive
Court of Gluttony,grunt,Mira Banquet-Favored
Court of Gluttony,grunt,Malik Golden-Appetite
Court of Gluttony,grunt,Zahra Golden-Appetite
Court of Gluttony,grunt,Suleiman Velvet-Appetite
Court of Gluttony,grunt,Karima Overflowing Soul
Court of Gluttony,grunt,Tempest The Excessive
Court of Gluttony,grunt,Shirin Cup Eternal
Court of Gluttony,grunt,Azure Feast-Touched
Court of Gluttony,grunt,Fariha Harvest-Favored
Court of Gluttony,grunt,Samira Golden Favored
Court of Gluttony,grunt,Nimra Banquet Exalted
Court of Gluttony,grunt,Liora Feast Perfected
Court of Gluttony,grunt,Liora Banquet Perfected
Court of Gluttony,grunt,Soraya Table-Crowned
Court of Gluttony,grunt,Liora Feast-Blessed
Court of Gluttony,grunt,Shale Golden-Appetite
Court of Gluttony,grunt,Shirin The Indulgent
Court of Gluttony,grunt,Zahra Riches Blessed
Court of Gluttony,grunt,Cinder Bottomless Desire
Court of Gluttony,grunt,Mariam Cup-Anointed
Court of Gluttony,grunt,Tempest Golden Favored
Court of Gluttony,grunt,Sol Plenty Crowned
Court of Gluttony,grunt,Phoenix Golden-Appetite
Court of Gluttony,grunt,Rayan The Overfed
Court of Gluttony,grunt,Karim Sweet Blessed
Court of Gluttony,grunt,Shale Never Filled
Court of Gluttony,grunt,Nimra Overflowing Soul
Court of Gluttony,grunt,Khalid Banquet-Bound
Court of Gluttony,grunt,Raif Cup Eternal
Court of Gluttony,grunt,Basira Bottomless Desire
Court of Gluttony,grunt,Yasmin Feast Exalted
Court of Gluttony,grunt,Kamil The Overfed
Court of Gluttony,grunt,Nadim Golden-Blessed
Court of Gluttony,grunt,Tarek Sweet-Toothed
Court of Gluttony,grunt,Lumen Golden Favored
Court of Gluttony,grunt,Sahil Feast Chosen
Court of Gluttony,grunt,Yasmin Richly Anointed
Court of Gluttony,grunt,Rowan Golden Soul
Court of Gluttony,grunt,Khadija Feast-Touched
Court of Gluttony,grunt,Karima The Sated
Court of Gluttony,grunt,Khalid Banquet-Crowned
Court of Gluttony,grunt,Rowan Riches Blessed
Court of Gluttony,grunt,Zahir Honey-Blessed
Court of Gluttony,grunt,Hollis Golden-Blessed
Court of Gluttony,grunt,Omar Banquet-Crowned
Court of Gluttony,grunt,Iman Feast Perfected
Court of Gluttony,grunt,Jamal Overflowing Heart
Court of Gluttony,grunt,Tarek Table Eternal
Court of Gluttony,grunt,Iskander Velvet Blessed
Court of Gluttony,grunt,Shale Feast Chosen
Court of Gluttony,grunt,Echo Sweet-Toothed
Court of Gluttony,grunt,Khadija Feast-Blessed
Court of Gluttony,grunt,Inaya Richly Anointed
Court of Gluttony,grunt,Nasira Overflowing Soul
Court of Gluttony,grunt,Nadia Bottomless Desire
Court of Gluttony,grunt,Winter The Excessive
Court of Gluttony,grunt,Inaya Never Filled
Court of Gluttony,grunt,Latif Sweet-Willed
Court of Gluttony,grunt,Rashid Riches Blessed
Court of Gluttony,grunt,Kairo The Indulgent
Court of Gluttony,grunt,Rayan Cup-Crowned
Court of Gluttony,grunt,Azure Feast Incarnate
Court of Gluttony,grunt,Tempest Table-Crowned
Court of Gluttony,grunt,Salma The Sated
Court of Gluttony,grunt,Jamal Feast Chosen
Court of Gluttony,grunt,Jibril Richly Fed
Court of Gluttony,grunt,Ash Banquet Perfected
Court of Gluttony,grunt,Tahira Feast Perfected
Court of Gluttony,grunt,Arden Bottomless Desire
Court of Gluttony,grunt,Faris Feast Exalted
Court of Gluttony,grunt,Azhar Cup Favored
Court of Gluttony,grunt,Silver Golden-Appetite
Court of Gluttony,grunt,Hakim The Excessive
Court of Gluttony,grunt,Nadim Richly Anointed
Court of Gluttony,grunt,Yamina Sweet-Willed
Court of Gluttony,grunt,Ash Harvest-Crowned
Court of Gluttony,grunt,Khadija Feast-Anointed
Court of Gluttony,grunt,Sol Golden Favored
Court of Gluttony,grunt,Cove Golden Favored
Court of Gluttony,grunt,Ember Bottomless Desire
Court of Gluttony,grunt,Nadia Sweet-Toothed
Court of Gluttony,grunt,Sabria Golden Favored
Court of Gluttony,grunt,River The Overfed
Court of Gluttony,grunt,Ivory The Overfed
Court of Gluttony,grunt,Mira Velvet-Appetite
Court of Gluttony,grunt,Malik Feast Incarnate
Court of Gluttony,grunt,Sable Sweet-Willed
Court of Gluttony,grunt,Karima Sweet-Toothed
Court of Gluttony,grunt,Raif Golden Soul
Court of Gluttony,grunt,River Banquet Exalted
Court of Gluttony,grunt,Samina Honey Crowned
Court of Gluttony,grunt,Jalal Hungering for More
Court of Gluttony,grunt,Rafiq Banquet Perfected
Court of Gluttony,grunt,Mahira Honey-Blessed
Court of Gluttony,grunt,Aziel Feast-Anointed
Court of Gluttony,grunt,Zev Table-Favored
Court of Gluttony,grunt,Ember Velvet-Appetite
Court of Gluttony,grunt,Aisha Richly Anointed
Court of Gluttony,grunt,Jamal Cup-Crowned
Court of Gluttony,elite,Amal House Overflowing Table
Court of Gluttony,elite,Inaya House Rich Harvest
Court of Gluttony,elite,Mazin House Golden Table
Court of Gluttony,elite,Ayman House Seven Goblets
Court of Gluttony,elite,Liora House Silver Plate
Court of Gluttony,elite,Talon House Endless Banquet
Court of Gluttony,elite,Azra House Fattened Calf
Court of Gluttony,elite,Ember House Gilded Feast
Court of Gluttony,elite,Sahil House Honeyed Crown
Court of Gluttony,elite,Omar House Rich Cup
Court of Gluttony,elite,Hamid House Endless Banquet
Court of Gluttony,elite,Faruq House Fattened Throne
Court of Gluttony,elite,Wren House Velvet Table
Court of Gluttony,elite,Cael House Bottomless Cup
Court of Gluttony,elite,Riven House Velvet Harvest
Court of Gluttony,elite,Selene House Silver Goblet
Court of Gluttony,elite,Sol House Golden Goblet
Court of Gluttony,elite,Fariha House Rich Harvest
Court of Gluttony,elite,Dania House Gilded Table
Court of Gluttony,elite,Moss House Amber Feast
Court of Gluttony,elite,Lumen House Feast Regent
Court of Gluttony,elite,Amina House Golden Goblet
Court of Gluttony,elite,Faruq House Rich Table
Court of Gluttony,elite,Kael House Fattened Calf
Court of Gluttony,elite,Azhar House Endless Cup
Court of Gluttony,elite,Zev House Seven Courses
Court of Gluttony,elite,Yasmin House Overflowing Table
Court of Gluttony,elite,Sabria House Amber Ale
Court of Gluttony,elite,Garnet House Honey Feast
Court of Gluttony,elite,Shirin House Crimson Goblet
Court of Gluttony,elite,Samira House Fattened Calf
Court of Gluttony,elite,Shirin House Golden Banquet
Court of Gluttony,elite,Idris House Velvet Goblet
Court of Gluttony,elite,Winter House Rich Cup
Court of Gluttony,elite,Rania House Honey Feast
Court of Gluttony,elite,Ivory House Golden Table
Court of Gluttony,elite,Echo House Silver Goblet
Court of Gluttony,elite,Nimra House Velvet Table
Court of Gluttony,elite,Imran House Golden Goblet
Court of Gluttony,elite,Harun House Crimson Table
Court of Gluttony,elite,Zayed House Sweet Harvest
Court of Gluttony,elite,Ashar House Gilded Table
Court of Gluttony,elite,Ayman House Seven Courses
Court of Gluttony,elite,Khadija House Seven Courses
Court of Gluttony,elite,Yasmin House Honeyed Crown
Court of Gluttony,elite,Ember House Endless Table
Court of Gluttony,elite,Silver House Rich Harvest
Court of Gluttony,elite,Kairo House Seven Courses
Court of Gluttony,elite,Fariha House Honeyed Banquet
Court of Gluttony,elite,Sahil House Gilded Feast
Court of Gluttony,elite,Raif House Golden Banquet
Court of Gluttony,elite,Dalia House Overflowing Cup
Court of Gluttony,elite,Mariam House Spiced Table
Court of Gluttony,elite,Ilyas House Silver Plate
Court of Gluttony,elite,Peregrine House Honeyed Crown
Court of Gluttony,elite,Vesper House Gilded Table
Court of Gluttony,elite,Sabria House Feast Regent
Court of Gluttony,elite,Hakim House Silver Plate
Court of Gluttony,elite,Nimra House Rich Table
Court of Gluttony,elite,Aster House Golden Hall
Court of Gluttony,elite,Inaya House Rich Cup
Court of Gluttony,elite,Alina House Velvet Table
Court of Gluttony,elite,Wren House Spiced Crown
Court of Gluttony,elite,Peregrine House Golden Hall
Court of Gluttony,elite,Idris House Gilded Feast
Court of Gluttony,elite,Talib Feast Court
Court of Gluttony,elite,Naima House Feast Eternal
Court of Gluttony,elite,Rana House Fattened Calf
Court of Gluttony,elite,Khalid House Feast Regent
Court of Gluttony,elite,Nadia House Silver Plate
Court of Gluttony,elite,Talon House Roasted Crown
Court of Gluttony,elite,Fariha House Seven Goblets
Court of Gluttony,elite,Azure House Spiced Crown
Court of Gluttony,elite,Tarek House Feast Regent
Court of Gluttony,elite,Zara House Gilded Feast
Court of Gluttony,elite,Fahim House Fattened Calf
Court of Gluttony,elite,Ashar House Honeyed Banquet
Court of Gluttony,elite,Hana House Endless Table
Court of Gluttony,elite,Rayan House Honey Feast
Court of Gluttony,elite,Seren Feast Court
Court of Gluttony,elite,Azhar House Overflowing Cup
Court of Gluttony,elite,Aisha House Golden Table
Court of Gluttony,elite,Aisha House Crimson Goblet
Court of Gluttony,elite,Farah House Crimson Feast
Court of Gluttony,elite,Fahim House Bottomless Cup
Court of Gluttony,elite,Hamid House Rich Banquet
Court of Gluttony,elite,Nimra House Sugared Throne
Court of Gluttony,elite,Basil House Crimson Table
Court of Gluttony,elite,Zephyr House Spiced Table
Court of Gluttony,elite,Silver House Golden Hall
Court of Gluttony,elite,Suleiman
Court of Gluttony,elite,Layla House Honeyed Hall
Court of Gluttony,elite,Nura House Overflowing Cup
Court of Gluttony,elite,Dalia House Amber Hall
Court of Gluttony,elite,Sol House Golden Banquet
Court of Gluttony,elite,Zuleika
Court of Gluttony,elite,Noor House Spiced Table
Court of Gluttony,elite,Aziel House Bottomless Cup
Court of Gluttony,elite,Rowan House Golden Harvest
Court of Gluttony,elite,Talon House Sugared Throne
Court of Gluttony,leader,Honeyed Chancellor Imran
Court of Gluttony,leader,Feast Prince Hakim
Court of Gluttony,leader,Keeper of the Table River
Court of Gluttony,leader,Lady of Overflowing Cups River
Court of Gluttony,leader,Feast Vizier Amir
Court of Gluttony,leader,Golden Exemplar Jalal
Court of Gluttony,leader,Riches Steward Basira
Court of Gluttony,leader,Keeper of the Cellars Briar
Court of Gluttony,leader,Harvest Regent Indigo
Court of Gluttony,leader,Lord of Seven Courses
Court of Gluttony,leader,Lord of Plenty Riven
Court of Gluttony,leader,Banquet Supreme Sabria
Court of Gluttony,leader,Master of Feasts Mahira
Court of Gluttony,leader,Rich Harvest Keeper Mahira
Court of Gluttony,leader,Lady of Seven Courses Nadim
Court of Gluttony,leader,Keeper of the Cellars Zahir
Court of Gluttony,leader,Harvest Archon Kairo
Court of Gluttony,leader,Lord of Endless Plenty Yamina
Court of Gluttony,leader,Rich Harvest Keeper Rafiq
Court of Gluttony,leader,Harvest Regent Khadija
Court of Gluttony,leader,Feast Chancellor Akram
Court of Gluttony,leader,Lord of Plenty Iman
Court of Gluttony,leader,Lady of Plenty Salma
Court of Gluttony,leader,Keeper of the Golden Plate
Court of Gluttony,leader,Grand Steward of Plenty Selene
Court of Gluttony,leader,Grand Carver Arden
Court of Gluttony,leader,Banquet Chancellor Darian
Court of Gluttony,leader,Harvest Archon Indigo
Court of Gluttony,leader,Keeper of Sweet Wines Shirin
Court of Gluttony,leader,Golden Regent Azra
Court of Gluttony,leader,Banquet Lady Lina
Court of Gluttony,leader,Lord of Plenty Khadija
Court of Gluttony,leader,Riches Regent Zara
Court of Gluttony,leader,Grand Host Yamina
Court of Gluttony,leader,Lord of Endless Plenty Nasira
Court of Gluttony,leader,Keeper of Delights Idris
Court of Gluttony,leader,Grand Host Nasira
Court of Gluttony,leader,Lord of Plenty Nasir
Court of Gluttony,leader,Lady of Seven Courses Nizam
Court of Gluttony,leader,Banquet Master Rania
Court of Gluttony,leader,Harvest Archon Inaya
Court of Gluttony,leader,Banquet Lady Suleiman
Court of Gluttony,leader,Velvet Regent Rana
Court of Gluttony,leader,Riches Steward Selene
Court of Gluttony,leader,Golden Host Mazin
Court of Gluttony,leader,Banquet Lady Shale
Court of Gluttony,leader,Feast Eternal Naima
Court of Gluttony,leader,Keeper of the Table Tempest
Court of Gluttony,leader,Feast Vizier Sable
Court of Gluttony,leader,Banquet Master Cove
Court of Gluttony,leader,Feast Regent Rashid
Court of Gluttony,leader,Feast Chancellor Samira
Court of Gluttony,leader,Harvest Archon Mariam
Court of Gluttony,leader,Grand Steward of Plenty Shirin
Court of Gluttony,leader,Velvet Sovereign Ashar
Court of Gluttony,leader,Banquet Chancellor Kairo
Court of Gluttony,leader,Golden Steward Zephyr
Court of Gluttony,leader,Banquet Lady Rana
Court of Gluttony,leader,Harvest Regent Huda
Court of Gluttony,leader,Golden Exemplar Tariq
Court of Gluttony,leader,Golden Exemplar Ilyas
Court of Gluttony,leader,Grand Host Sana
Court of Gluttony,leader,Harvest Sovereign Aziel
Court of Gluttony,leader,Banquet Sovereign Sana
Court of Gluttony,leader,Lord of Overflowing Cups Rayan
Court of Gluttony,leader,Banquet Chancellor Lina
Court of Gluttony,leader,Banquet Supreme Samina
Court of Gluttony,leader,Keeper of the Cellars Huda
Court of Gluttony,leader,Keeper of the Cellars Ayman
Court of Gluttony,leader,Harvest Archon Harun
Court of Gluttony,leader,Master of Indulgence Vale
Court of Gluttony,leader,Golden Host Shirin
Court of Gluttony,leader,Honeyed Chancellor Moss
Court of Gluttony,leader,Feast Eternal Nasir
Court of Gluttony,leader,Lord of Plenty Khadija
Court of Gluttony,leader,Keeper of Sweet Wines Sorina
Court of Gluttony,leader,Keeper of the Golden Plate
Court of Gluttony,leader,Riches Regent Nasira
Court of Gluttony,leader,Banquet Archon Kairo
Court of Gluttony,leader,Feast Sovereign Nasira
Court of Gluttony,leader,Lord of Seven Courses Noor
Court of Gluttony,leader,Rich Table Keeper Aisha
Court of Gluttony,leader,Feast Eternal Nasira
Court of Gluttony,leader,Lady of Seven Courses Ashen
Court of Gluttony,leader,Golden Host Jamal
Court of Gluttony,leader,Rich Harvest Keeper Mariam
Court of Gluttony,leader,Riches Steward Noor
Court of Gluttony,leader,Feast Chancellor Sana
Court of Gluttony,leader,Keeper of the Table Iskander
Court of Gluttony,leader,Banquet Archon Wren
Court of Gluttony,leader,Grand Host Nadim
Court of Gluttony,leader,Golden Host Amina
Court of Gluttony,leader,Master of Feasts Sage
Court of Gluttony,leader,Golden Exemplar Amir
Court of Gluttony,leader,Keeper of Sweet Wines Rashid
Court of Gluttony,leader,Grand Carver Rune
Court of Gluttony,leader,Velvet Sovereign Samir
Court of Gluttony,leader,Feast Archon Kael
Court of Gluttony,leader,Cup Regent Arden
Court of Gluttony,leader,Riches Steward Qasim
Court of Greed,grunt,Jamal Coin Favored
Court of Greed,grunt,Tariq Ledger-Touched
Court of Greed,grunt,Murad Riches Favored
Court of Greed,grunt,Sabria Hoard-Blessed
Court of Greed,grunt,Moss Coin Marked
Court of Greed,grunt,Winter Riches Crowned
Court of Greed,grunt,Echo Wealth Perfected
Court of Greed,grunt,Rafiq Gold-Eaten
Court of Greed,grunt,Basil Wealth-Drunk
Court of Greed,grunt,Adil Coin Perfected
Court of Greed,grunt,Nasir Coin-Sworn
Court of Greed,grunt,Talon Gold-Eaten
Court of Greed,grunt,Echo Keeper of Debts
Court of Greed,grunt,Ash The Holder
Court of Greed,grunt,Leila Golden Favored
Court of Greed,grunt,Basira Coin Keeper
Court of Greed,grunt,Talon The Holder
Court of Greed,grunt,Alina Debt-Bound
Court of Greed,grunt,Rune Treasure Chosen
Court of Greed,grunt,Zephyr Ever Counting
Court of Greed,grunt,Wren Wealth Bound
Court of Greed,grunt,Sable Treasure-Bound
Court of Greed,grunt,Amir The Possessor
Court of Greed,grunt,Zahra Debt-Anointed
Court of Greed,grunt,Nadir Ever Counting
Court of Greed,grunt,Ash Coin Perfected
Court of Greed,grunt,Basira Riches Crowned
Court of Greed,grunt,Rayan Treasure Chosen
Court of Greed,grunt,Aster Tribute Keeper
Court of Greed,grunt,Qasim Coin Perfected
Court of Greed,grunt,Shale Golden Hunger
Court of Greed,grunt,Sage Gold-Eaten
Court of Greed,grunt,Fahim Treasure-Bound
Court of Greed,grunt,Shale Golden Favored
Court of Greed,grunt,Rana Hoard Keeper
Court of Greed,grunt,Yamina Treasure Chosen
Court of Greed,grunt,Rania Tribute Keeper
Court of Greed,grunt,Dalia Gold-Eaten
Court of Greed,grunt,Basil Ever Seeking
Court of Greed,grunt,Amina Golden Hunger
Court of Greed,grunt,Suleiman The Holder
Court of Greed,grunt,Azhar Golden Hearted
Court of Greed,grunt,Riven Riches Incarnate
Court of Greed,grunt,Raif Wealth Exalted
Court of Greed,grunt,Nadir Debt-Bound
Court of Greed,grunt,Tempest Debt-Bound
Court of Greed,grunt,Nasira Coin Marked
Court of Greed,grunt,Mira Coin Favored
Court of Greed,grunt,River Golden Hearted
Court of Greed,grunt,Yamina The Acquirer
Court of Greed,grunt,Lumen Golden Favored
Court of Greed,grunt,Ruqayya Gold-Blooded
Court of Greed,grunt,Moss Wealth Bound
Court of Greed,grunt,Adil Coin-Touched
Court of Greed,grunt,Kheir Hoard Keeper
Court of Greed,grunt,Talon Tribute Keeper
Court of Greed,grunt,Fahim Bullion-Fed
Court of Greed,grunt,Azra Treasure Chosen
Court of Greed,grunt,Sabria The Accumulator
Court of Greed,grunt,Veyn Riches Favored
Court of Greed,grunt,Briar Hoard-Blessed
Court of Greed,grunt,Lumen Ledger-Touched
Court of Greed,grunt,Zara Prosperity Bound
Court of Greed,grunt,Aisha The Unpaid
Court of Greed,grunt,Jibril Wealth Bound
Court of Greed,grunt,Amal Debt-Bound
Court of Greed,grunt,Jibril Tribute Keeper
Court of Greed,grunt,Moss Riches Favored
Court of Greed,grunt,Kheir The Unpaid
Court of Greed,grunt,Azhar Gold-Blooded
Court of Greed,grunt,Nimra Hoard-Blessed
Court of Greed,grunt,Yamina Wealth Bound
Court of Greed,grunt,Harun Keeper of Tribute
Court of Greed,grunt,Inaya Gold-Blooded
Court of Greed,grunt,Onyx Ever Seeking
Court of Greed,grunt,Rashid Ever Counting
Court of Greed,grunt,Selim Riches Incarnate
Court of Greed,grunt,Layla Hoard Eternal
Court of Greed,grunt,Azra Hoard-Born
Court of Greed,grunt,Huda Coin-Touched
Court of Greed,grunt,Dania Rich Beyond Need
Court of Greed,grunt,Alina Golden Hunger
Court of Greed,grunt,Dania Riches Favored
Court of Greed,grunt,Riven Wealth Bound
Court of Greed,grunt,Mariam The Holder
Court of Greed,grunt,Garnet Wealth Perfected
Court of Greed,grunt,Leila Gilded Soul
Court of Greed,grunt,Hakim Vault Touched
Court of Greed,grunt,Sahil Golden Favored
Court of Greed,grunt,Peregrine The Possessor
Court of Greed,grunt,Storm Coin-Sworn
Court of Greed,grunt,Peregrine Coin-Sworn
Court of Greed,grunt,Latif Coin Marked
Court of Greed,grunt,Safiya Coin Keeper
Court of Greed,grunt,Riven Ever Seeking
Court of Greed,grunt,Harun Golden Favored
Court of Greed,grunt,Malik The Holder
Court of Greed,grunt,Zev Gold-Blooded
Court of Greed,grunt,Dania Coin Blessed
Court of Greed,grunt,Jalal Keeper of Debts
Court of Greed,elite,Zayed Mammon Court
Court of Greed,elite,Echo House Speculator
Court of Greed,elite,Jamal House Tallyman
Court of Greed,elite,Samira House Gilt
Court of Greed,elite,Talib House Mercator
Court of Greed,elite,Ashar Debt Spiral
Court of Greed,elite,Azure House Argent
Court of Greed,elite,Tempest House Wealthspire
Court of Greed,elite,Nadia House Treasury
Court of Greed,elite,Ashar House Wealthspire
Court of Greed,elite,Safiya Debt Spiral
Court of Greed,elite,Mariam Brass Ledger
Court of Greed,elite,Kael House Dividend
Court of Greed,elite,Rana Silver Index
Court of Greed,elite,Sorina House Coinward
Court of Greed,elite,Tarek Gold Vein
Court of Greed,elite,Vale Debt Spiral
Court of Greed,elite,Adil House Sable Purse
Court of Greed,elite,Kael House Aurum
Court of Greed,elite,Karima House Aurum
Court of Greed,elite,Mira House Wealthspire
Court of Greed,elite,Rayan House Richhold
Court of Greed,elite,Darian House Ledger
Court of Greed,elite,Wren Mammon Court
Court of Greed,elite,Ivory House Auric
Court of Greed,elite,Ash Gold Vein
Court of Greed,elite,Vale Silver Index
Court of Greed,elite,Tarek House Silvermark
Court of Greed,elite,Selene House Golden Scale
Court of Greed,elite,Storm House Talon
Court of Greed,elite,Jamila Hoardeater Clan
Court of Greed,elite,Tahira House Fortune
Court of Greed,elite,Khadija House Coinward
Court of Greed,elite,Darian Gold Vein
Court of Greed,elite,Rania Brass Ledger
Court of Greed,elite,Zayed House Treasurefall
Court of Greed,elite,Arden House Golden Hand
Court of Greed,elite,Nadir House Counting Hall
Court of Greed,elite,Talon Gold Vein
Court of Greed,elite,Nadim House Exchange
Court of Greed,elite,Dania House Wealthborn
Court of Greed,elite,Phoenix House Merchant
Court of Greed,elite,Fahim House Mintaris
Court of Greed,elite,Ivory House Prosper
Court of Greed,elite,Ashar House Aurum
Court of Greed,elite,Basil Gold Vein
Court of Greed,elite,Aster House Bullion
Court of Greed,elite,Rana House Silvermark
Court of Greed,elite,Aster House Aurum
Court of Greed,elite,Harbor House Wealthborn
Court of Greed,elite,Nasir House Coinwell
Court of Greed,elite,Cove House Bullion
Court of Greed,elite,Yasmin House Coinwright
Court of Greed,elite,Silver House Dividend
Court of Greed,elite,Nadim House Dividend
Court of Greed,elite,Karim Mammon Court
Court of Greed,elite,Lina Brass Ledger
Court of Greed,elite,Samir House Wealthborn
Court of Greed,elite,Darian House Silvermark
Court of Greed,elite,Malik House Speculator
Court of Greed,elite,Jamila House Mintwell
Court of Greed,elite,Fariha House Ducat
Court of Greed,elite,Azra House Wealthspire
Court of Greed,elite,Nimra House Mintwell
Court of Greed,elite,Aziel House Silvermark
Court of Greed,elite,Ashen House Speculator
Court of Greed,elite,Veyn House Bullion
Court of Greed,elite,Murad House Mintwell
Court of Greed,elite,Echo House Ducat
Court of Greed,elite,Rania House Silvermark
Court of Greed,elite,Sol Golden Exchange
Court of Greed,elite,Jalal Gilded Coil
Court of Greed,elite,Sable House Speculator
Court of Greed,elite,Basira House Speculator
Court of Greed,elite,Karim House Treasurefall
Court of Greed,elite,Basira House Auric
Court of Greed,elite,Salma Mammon Court
Court of Greed,elite,Aziel House Treasury
Court of Greed,elite,Winter House Prosperity
Court of Greed,elite,Aster House Treasurefall
Court of Greed,elite,Hollis Hoardeater Clan
Court of Greed,elite,Leila House Prosper
Court of Greed,elite,Ivory Coin Throne
Court of Greed,elite,Amina Hoardeater Clan
Court of Greed,elite,Kairo House Prospera
Court of Greed,elite,Liora House Prospera
Court of Greed,elite,Sable House Aurum
Court of Greed,elite,Liora House Prosperity
Court of Greed,elite,Huda House Exchange
Court of Greed,elite,Yamina House Golden Scale
Court of Greed,elite,Nadim Gilded Coil
Court of Greed,elite,Frost House Vaultborn
Court of Greed,elite,Huda Mammon Court
Court of Greed,elite,Iman House Vaultborn
Court of Greed,elite,Raif House Auric
Court of Greed,elite,Khalid House Golden Hand
Court of Greed,elite,Mira House Silvermark
Court of Greed,elite,Cinder Mammon Court
Court of Greed,elite,Ruqayya House Mintwell
Court of Greed,elite,Ilyas House Counting Hall
Court of Greed,leader,Merchant Regent Winter
Court of Greed,leader,Treasury Keeper Latif
Court of Greed,leader,Grand Financier Iman
Court of Greed,leader,Bullion Keeper Flint
Court of Greed,leader,Keeper of Coin Garnet
Court of Greed,leader,Treasury Sovereign Tariq
Court of Greed,leader,Wealth Steward Harun
Court of Greed,leader,Treasury Sovereign Qasim
Court of Greed,leader,Ledger Master Frost
Court of Greed,leader,Keeper of Dividends Jibril
Court of Greed,leader,Mint Overseer Alina
Court of Greed,leader,Prosperity Warden Farah
Court of Greed,leader,Treasury Keeper Nadir
Court of Greed,leader,Ledger Master Samina
Court of Greed,leader,Merchant Archon Zephyr
Court of Greed,leader,Wealth Exemplar Hamid
Court of Greed,leader,Vault Chancellor Mahira
Court of Greed,leader,Chief Collector Hana
Court of Greed,leader,Riches Regent Sorina
Court of Greed,leader,Tax Regent Yasmin
Court of Greed,leader,Master of Ledgers Samira
Court of Greed,leader,Golden Warden Faruq
Court of Greed,leader,Grand Financier Adil
Court of Greed,leader,Bullion Marshal Seren
Court of Greed,leader,Tax Regent Echo
Court of Greed,leader,Golden Regent Mariam
Court of Greed,leader,Ledger Master Storm
Court of Greed,leader,Tax Regent Farah
Court of Greed,leader,Wealth Steward Hollis
Court of Greed,leader,Golden Regent Phoenix
Court of Greed,leader,Grand Financier Rana
Court of Greed,leader,Coin Archon Soren
Court of Greed,leader,Gold Master Rowan
Court of Greed,leader,Coin Archon Ash
Court of Greed,leader,Gilded Steward Khalid
Court of Greed,leader,Prosperity Master Echo
Court of Greed,leader,Coin Sovereign Iman
Court of Greed,leader,Gilded Steward Rafiq
Court of Greed,leader,Master of Wealth Amal
Court of Greed,leader,Chancellor Alina
Court of Greed,leader,Debt Collector Karima
Court of Greed,leader,Keeper of Accounts Leila
Court of Greed,leader,Ledger Master Rafiq
Court of Greed,leader,Vault Master Aster
Court of Greed,leader,Vault Chancellor Aster
Court of Greed,leader,Coin Magistrate Talon
Court of Greed,leader,Merchant Prince Nyx
Court of Greed,leader,Treasury Keeper Vesper
Court of Greed,leader,Golden Chancellor Ashen
Court of Greed,leader,Chief Appraiser Flint
Court of Greed,leader,Gold Master Nizam
Court of Greed,leader,Chief Appraiser Amina
Court of Greed,leader,Merchant Regent Tariq
Court of Greed,leader,Tax Keeper Tempest
Court of Greed,leader,Bullion Keeper Jamal
Court of Greed,leader,Coin Sovereign Latif
Court of Greed,leader,Ledger Master Iman
Court of Greed,leader,Master of Revenues Rayan
Court of Greed,leader,Master of Revenues Khadija
Court of Greed,leader,Coin Magistrate Raif
Court of Greed,leader,Mint Overseer Vale
Court of Greed,leader,High Auditor Tahira
Court of Greed,leader,Coin Magistrate Indigo
Court of Greed,leader,Merchant Archon Kamil
Court of Greed,leader,Debt Warden Kael
Court of Greed,leader,Keeper of Dividends Lina
Court of Greed,leader,Golden Chancellor Karim
Court of Greed,leader,Debt Collector Hollis
Court of Greed,leader,Chancellor Ilyas
Court of Greed,leader,Prosperity Warden Yasmin
Court of Greed,leader,Coin Archon Idris
Court of Greed,leader,Vault Chancellor Amal
Court of Greed,leader,Tax Keeper Kairo
Court of Greed,leader,Keeper of Dividends Rana
Court of Greed,leader,Master of Revenues Rowan
Court of Greed,leader,Gold Master Nimra
Court of Greed,leader,Master of Revenues Echo
Court of Greed,leader,Treasurer Soren
Court of Greed,leader,Chief Collector Iman
Court of Greed,leader,Keeper of Accounts Tariq
Court of Greed,leader,Treasury Keeper Noor
Court of Greed,leader,Treasurer Sahil
Court of Greed,leader,Tax Keeper Dalia
Court of Greed,leader,Merchant Princess Sable
Court of Greed,leader,Coin Archon Nadia
Court of Greed,leader,Gold Master Kael
Court of Greed,leader,Merchant Princess Sol
Court of Greed,leader,High Auditor Raif
Court of Greed,leader,Coin Sovereign Dalia
Court of Greed,leader,Prosperity Warden Sorina
Court of Greed,leader,High Banker Sorina
Court of Greed,leader,Merchant Princess Kairo
Court of Greed,leader,Coin Magistrate Zuleika
Court of Greed,leader,Merchant Regent Darian
Court of Greed,leader,Wealth Exemplar Zayn
Court of Greed,leader,High Auditor Kamil
Court of Greed,leader,Golden Regent Cael
Court of Greed,leader,Golden Warden Nasira
Court of Greed,leader,Gilded Steward Farah
Court of Greed,leader,Vault Chancellor Zara
Court of Lust,grunt,Nadia Scarlet Exalted
Court of Lust,grunt,Garnet Rose Favored
Court of Lust,grunt,Cael Scarlet Kissed
Court of Lust,grunt,Zara Scarlet Kissed
Court of Lust,grunt,Kael Heart Eternal
Court of Lust,grunt,Ember Rose-Crowned
Court of Lust,grunt,Peregrine Flesh Anointed
Court of Lust,grunt,Ember Velvet Crowned
Court of Lust,grunt,Tempest Moonlit Passion
Court of Lust,grunt,Zahra Desire Perfected
Court of Lust,grunt,Ruqayya Sweet Whisper
Court of Lust,grunt,Adil The Tempting
Court of Lust,grunt,Wren Scarlet Exalted
Court of Lust,grunt,Sage Perfumed Favored
Court of Lust,grunt,Liora Perfumed Favored
Court of Lust,grunt,Tempest Sweet Temptation
Court of Lust,grunt,Leila Velvet Exalted
Court of Lust,grunt,Iskander Rose Favored
Court of Lust,grunt,Ashar Golden Desire
Court of Lust,grunt,Vale Heart-Stealer
Court of Lust,grunt,Adil Endless Longing
Court of Lust,grunt,Adil Desire-Bound
Court of Lust,grunt,Nasira Crimson-Blessed
Court of Lust,grunt,Inaya Flesh Crowned
Court of Lust,grunt,Imran Scarlet Favored
Court of Lust,grunt,Samira Rose Eternal
Court of Lust,grunt,Nyx Golden Desire
Court of Lust,grunt,Zephyr Flesh Anointed
Court of Lust,grunt,Raif Heart Eternal
Court of Lust,grunt,Aziel Perfumed Favored
Court of Lust,grunt,Nabila Flesh Anointed
Court of Lust,grunt,Fahim Heart Favored
Court of Lust,grunt,Zayn Sweet Temptation
Court of Lust,grunt,Zayn Desire Chosen
Court of Lust,grunt,Frost Scarlet Favored
Court of Lust,grunt,Lina Sweet Blessed
Court of Lust,grunt,Naima Sweet Temptation
Court of Lust,grunt,Raif Scarlet Exalted
Court of Lust,grunt,Arden Sweet Whisper
Court of Lust,grunt,Rania Velvet Blessed
Court of Lust,grunt,Dania Flesh Anointed
Court of Lust,grunt,Jibril Flesh-Sworn
Court of Lust,grunt,Nadia Velvet Sovereign
Court of Lust,grunt,Shale Scarlet Kissed
Court of Lust,grunt,Zara Perfumed Soul
Court of Lust,grunt,Talib Velvet-Touched
Court of Lust,grunt,Fariha The Tempting
Court of Lust,grunt,Mazin Endless Longing
Court of Lust,grunt,Vesper Velvet-Touched
Court of Lust,grunt,Samira Velvet-Touched
Court of Lust,grunt,Nasir Perfumed Soul
Court of Lust,grunt,Zahra Flesh Perfected
Court of Lust,grunt,Aisha Rose-Crowned
Court of Lust,grunt,Kael Heart Eternal
Court of Lust,grunt,Nyx Silk Crowned
Court of Lust,grunt,Inaya Desire-Bound
Court of Lust,grunt,Hollis Passion Bound
Court of Lust,grunt,Mazin Sweet Temptation
Court of Lust,grunt,Mira Crimson Desire
Court of Lust,grunt,Talon Scarlet Eternal
Court of Lust,grunt,Iman Velvet Exalted
Court of Lust,grunt,Fariha Rose-Crowned
Court of Lust,grunt,Khalid Passion Crowned
Court of Lust,grunt,Lina Sweet Temptation
Court of Lust,grunt,Amal Sweet Temptation
Court of Lust,grunt,Alina Passion Crowned
Court of Lust,grunt,River Flesh Perfected
Court of Lust,grunt,Rune Crimson Eternal
Court of Lust,grunt,Jalal Rose-Crowned
Court of Lust,grunt,Layla Passion Bound
Court of Lust,grunt,Garnet Heart-Stealer
Court of Lust,grunt,Silver Moonlit Desire
Court of Lust,grunt,Samina Perfumed Favored
Court of Lust,grunt,Nadia Desire Chosen
Court of Lust,grunt,Zara Velvet Chosen
Court of Lust,grunt,Jibril Heart-Stealer
Court of Lust,grunt,Amal Velvet Sovereign
Court of Lust,grunt,Aziel Flesh Crowned
Court of Lust,grunt,Khalid Heart Favored
Court of Lust,grunt,Samira Rose Perfected
Court of Lust,grunt,Sol Desire Eternal
Court of Lust,grunt,Dusk The Tempting
Court of Lust,grunt,Ivory Moonlit Passion
Court of Lust,grunt,Seren Desire Chosen
Court of Lust,grunt,Sage Velvet Crowned
Court of Lust,grunt,Rafiq Heart Favored
Court of Lust,grunt,Cove Passion Bound
Court of Lust,grunt,Sorina Endless Longing
Court of Lust,grunt,Zahir Scarlet Kissed
Court of Lust,grunt,Sana Velvet Blessed
Court of Lust,grunt,Jamila Heart-Stealer
Court of Lust,grunt,Lina Velvet-Touched
Court of Lust,grunt,Cinder Passion Crowned
Court of Lust,grunt,Selene Scarlet Kissed
Court of Lust,grunt,Talon Desire Perfected
Court of Lust,grunt,Sahil Sweet Whisper
Court of Lust,grunt,Sana Scarlet Eternal
Court of Lust,grunt,Ivory Passion Crowned
Court of Lust,grunt,Harbor The Tempting
Court of Lust,grunt,Hakim Passion Crowned
Court of Lust,elite,Cinder House Scarlet Bloom
Court of Lust,elite,Tarek House Golden Bloom
Court of Lust,elite,Fariha House Silk Court
Court of Lust,elite,Echo House Golden Bloom
Court of Lust,elite,Aisha House Velvet Throne
Court of Lust,elite,Hakim House Crimson Jewel
Court of Lust,elite,Basil House Perfumed Hall
Court of Lust,elite,Sable House Crimson Court
Court of Lust,elite,Dusk House Velvet Crown
Court of Lust,elite,Dusk House Golden Bloom
Court of Lust,elite,Veyn House Secret Embrace
Court of Lust,elite,Basil House Silk Flame
Court of Lust,elite,Azra House Hidden Desire
Court of Lust,elite,Talib House Moon Crown
Court of Lust,elite,Briar House Scarlet Flame
Court of Lust,elite,Kairo House Rose Regent
Court of Lust,elite,Azra House Ember Rose
Court of Lust,elite,Rayan House Perfumed Hall
Court of Lust,elite,Azure House Moonlit Hall
Court of Lust,elite,Nasir House Secret Embrace
Court of Lust,elite,Meridian House Crimson Jewel
Court of Lust,elite,Jamal House Ember Rose
Court of Lust,elite,Rafiq House Crimson Desire
Court of Lust,elite,Cove House Rose Hall
Court of Lust,elite,Aziel House Scarlet Throne
Court of Lust,elite,Dusk House Crimson Veil
Court of Lust,elite,Zara House Moonlit Veil
Court of Lust,elite,Akram House Secret Rose
Court of Lust,elite,Huda House Moon Crown
Court of Lust,elite,Rune House Scarlet Flame
Court of Lust,elite,Yamina House Ember Silk
Court of Lust,elite,Farah House Velvet Regent
Court of Lust,elite,Jibril House Golden Veil
Court of Lust,elite,Mariam House Moonlit Rose
Court of Lust,elite,Ember House Velvet Hall
Court of Lust,elite,Layla House Whispered Passion
Court of Lust,elite,Suleiman House Rose Crown
Court of Lust,elite,Briar House Sweet Thorn
Court of Lust,elite,Zev House Moon Crown
Court of Lust,elite,Ilyas House Whispered Heart
Court of Lust,elite,Samina House Velvet Throne
Court of Lust,elite,Garnet House Velvet Banner
Court of Lust,elite,Vesper House Rose Crown
Court of Lust,elite,Harun House Endless Desire
Court of Lust,elite,Jamila House Crimson Desire
Court of Lust,elite,Soraya House Whispered Passion
Court of Lust,elite,Omar House Secret Embrace
Court of Lust,elite,Soren House Perfumed Throne
Court of Lust,elite,Azure House Rose Hall
Court of Lust,elite,Amina House Velvet Banner
Court of Lust,elite,Raif House Crimson Desire
Court of Lust,elite,Nyx House Scarlet Throne
Court of Lust,elite,Suleiman House Silk Flame
Court of Lust,elite,Samir House Silk Banner
Court of Lust,elite,Nizam House Secret Embrace
Court of Lust,elite,Silver House Velvet Hall
Court of Lust,elite,Noor House Secret Rose
Court of Lust,elite,Murad Velvet Coil
Court of Lust,elite,River House Silk Throne
Court of Lust,elite,Hamid House Crimson Throne
Court of Lust,elite,Sahil House Rose Crown
Court of Lust,elite,Mazin House Silver Rose
Court of Lust,elite,Zara House Rose Regent
Court of Lust,elite,Veyn House Silver Rose
Court of Lust,elite,Samina House Ember Silk
Court of Lust,elite,Karima House Crimson Bloom
Court of Lust,elite,Nura House Scarlet Whisper
Court of Lust,elite,Aisha House Crimson Desire
Court of Lust,elite,Rashid House Crimson Jewel
Court of Lust,elite,Amir House Velvet Hall
Court of Lust,elite,Raif House Endless Desire
Court of Lust,elite,Amir House Silk Flame
Court of Lust,elite,Aziel House Silk Flame
Court of Lust,elite,Liora House Crimson Throne
Court of Lust,elite,Mahira House Crimson Desire
Court of Lust,elite,Vale House Sweet Thorn
Court of Lust,elite,Zuleika House Silver Rose
Court of Lust,elite,Faris House Velvet Throne
Court of Lust,elite,Lumen House Perfumed Throne
Court of Lust,elite,Tariq House Whispered Passion
Court of Lust,elite,Azra House Crimson Coil
Court of Lust,elite,Ivory House Secret Embrace
Court of Lust,elite,Rania House Scarlet Throne
Court of Lust,elite,Lumen House Golden Kiss
Court of Lust,elite,Zephyr House Endless Desire
Court of Lust,elite,Zuleika House Moon Crown
Court of Lust,elite,Suleiman House Rose Crown
Court of Lust,elite,Nyx House Velvet Hall
Court of Lust,elite,Basira House Silk Flame
Court of Lust,elite,Nimra Velvet Coil
Court of Lust,elite,Zara House Scarlet Whisper
Court of Lust,elite,Seren House Crimson Throne
Court of Lust,elite,Cael House Whispered Passion
Court of Lust,elite,Sahil Velvet Coil
Court of Lust,elite,Amal House Crimson Coil
Court of Lust,elite,Ashar House Silk Flame
Court of Lust,elite,Adil House Scarlet Coil
Court of Lust,elite,River House Hidden Desire
Court of Lust,elite,Dusk House Silk Court
Court of Lust,elite,Imran House Crimson Coil
Court of Lust,leader,Keeper of Longing Khalid
Court of Lust,leader,Velvet Keeper Veyn
Court of Lust,leader,Lord of Temptation Khadija
Court of Lust,leader,Scarlet Keeper Zahra
Court of Lust,leader,Velvet Archon Shirin
Court of Lust,leader,Scarlet Regent Sana
Court of Lust,leader,Ember Regent Basil
Court of Lust,leader,Moonlit Regent Basil
Court of Lust,leader,Lord of Hearts Sorina
Court of Lust,leader,Crimson Regent Dania
Court of Lust,leader,Scarlet Prince Karim
Court of Lust,leader,Golden Chamberlain Silver
Court of Lust,leader,Velvet Chancellor Flint
Court of Lust,leader,Lady of Temptation Ruqayya
Court of Lust,leader,Golden Sovereign Huda
Court of Lust,leader,Golden Regent Fahim
Court of Lust,leader,Crimson Chamberlain Aisha
Court of Lust,leader,Moonlit Regent Jamal
Court of Lust,leader,Scarlet Regent Fahim
Court of Lust,leader,Perfumed Sovereign Jamal
Court of Lust,leader,Velvet Regent Supreme Veyn
Court of Lust,leader,Crimson Steward Yamina
Court of Lust,leader,Golden Chamberlain Rana
Court of Lust,leader,Velvet Master Samina
Court of Lust,leader,Scarlet Prince Alina
Court of Lust,leader,Lady of Hearts Samir
Court of Lust,leader,Rose Chancellor Rune
Court of Lust,leader,Moonlit Regent Sol
Court of Lust,leader,Crimson Steward Samir
Court of Lust,leader,Moonlit Sovereign Zayed
Court of Lust,leader,Perfumed Vizier Kairo
Court of Lust,leader,Rose Archon Moss
Court of Lust,leader,Desire Warden Kael
Court of Lust,leader,Ember Regent Sol
Court of Lust,leader,Velvet Archon Moss
Court of Lust,leader,Scarlet Prince Suleiman
Court of Lust,leader,Rose Prince Indigo
Court of Lust,leader,Scarlet Prince Nadia
Court of Lust,leader,Scarlet Sovereign Farah
Court of Lust,leader,Crimson Chamberlain Samira
Court of Lust,leader,Court Flame Basil
Court of Lust,leader,Keeper of Longing Leila
Court of Lust,leader,Desire Warden Farah
Court of Lust,leader,Lady of Temptation Talib
Court of Lust,leader,Keeper of Passions Sable
Court of Lust,leader,Golden Regent Zayed
Court of Lust,leader,Keeper of Longing River
Court of Lust,leader,Desire Warden Ashen
Court of Lust,leader,Silk Sovereign Ember
Court of Lust,leader,Rose Chancellor Sable
Court of Lust,leader,Velvet Keeper Ayman
Court of Lust,leader,Crimson Chamberlain Basil
Court of Lust,leader,Crimson Chamberlain Malik
Court of Lust,leader,Velvet Chancellor Nasir
Court of Lust,leader,Rose Keeper Zev
Court of Lust,leader,Ember Regent Rowan
Court of Lust,leader,Rose Archon Kael
Court of Lust,leader,Crimson Exemplar Dalia
Court of Lust,leader,Golden Regent Hakim
Court of Lust,leader,Perfumed Regent Jalal
Court of Lust,leader,Silk Chancellor Sable
Court of Lust,leader,Velvet Sovereign Vale
Court of Lust,leader,Rose Chancellor Rayan
Court of Lust,leader,Perfumed Sovereign Sorina
Court of Lust,leader,Scarlet Regent Latif
Court of Lust,leader,Moonlit Sovereign Sol
Court of Lust,leader,Rose Princess Kheir
Court of Lust,leader,Silk Chancellor Sabria
Court of Lust,leader,Rose Archon Nura
Court of Lust,leader,Scarlet Keeper Adil
Court of Lust,leader,Silk Sovereign Ashen
Court of Lust,leader,Perfumed Vizier Nadir
Court of Lust,leader,Rose Sovereign Cove
Court of Lust,leader,Lord of Hearts Amina
Court of Lust,leader,Moonlit Keeper Samir
Court of Lust,leader,Silk Sovereign Talon
Court of Lust,leader,Golden Sovereign Zuleika
Court of Lust,leader,Scarlet Regent Amina
Court of Lust,leader,Scarlet Archon Ash
Court of Lust,leader,Perfumed Regent Jalal
Court of Lust,leader,Velvet Master Tahira
Court of Lust,leader,Moonlit Regent Mahira
Court of Lust,leader,Desire Regent Nimra
Court of Lust,leader,Lady of Temptation Ashar
Court of Lust,leader,Keeper of Longing Alina
Court of Lust,leader,Ember Regent Azure
Court of Lust,leader,Court Flame Basil
Court of Lust,leader,Rose Prince Akram
Court of Lust,leader,Silk Exemplar Nasira
Court of Lust,leader,Perfumed Vizier Sana
Court of Lust,leader,Desire Warden Winter
Court of Lust,leader,Lord of Hearts Ilyas
Court of Lust,leader,Crimson Exemplar Samir
Court of Lust,leader,Silk Sovereign Liora
Court of Lust,leader,Lady of Hearts Mira
Court of Lust,leader,Crimson Archon Latif
Court of Lust,leader,Golden Chamberlain Phoenix
Court of Lust,leader,Keeper of Passions Sol
Court of Lust,leader,Moonlit Keeper Winter
Court of Lust,leader,Perfumed Vizier Yasmin
Court of Pride,grunt,Seren The Splendid
Court of Pride,grunt,Hollis The Peerless
Court of Pride,grunt,Ivory The Resplendent
Court of Pride,grunt,Ivory The Splendid
Court of Pride,grunt,Sana The Lofty
Court of Pride,grunt,Rafiq Self-Crowned
Court of Pride,grunt,Faruq Unbowed
Court of Pride,grunt,Adil Unbowed
Court of Pride,grunt,Vale Crown Perfected
Court of Pride,grunt,Echo Beyond Judgment
Court of Pride,grunt,Veyn Pride Incarnate
Court of Pride,grunt,Darian Favored Above All
Court of Pride,grunt,Azhar Throne-Lifted
Court of Pride,grunt,Alina Mirror-Crowned
Court of Pride,grunt,Sage Self-Made
Court of Pride,grunt,Safiya The Triumphant
Court of Pride,grunt,Ayman The Brilliant
Court of Pride,grunt,Nadir Ascendant
Court of Pride,grunt,Leila Self-Exalted
Court of Pride,grunt,Mahira Unbowed
Court of Pride,grunt,Zuleika High-Born in Spirit
Court of Pride,grunt,Noor The Unsurpassed
Court of Pride,grunt,Talib Mirror-Crowned
Court of Pride,grunt,Basil Throne-Chosen
Court of Pride,grunt,Alina High-Born in Spirit
Court of Pride,grunt,Arden Above Reproach
Court of Pride,grunt,Selene Above Reproach
Court of Pride,grunt,Darian Favored Above All
Court of Pride,grunt,Liora The Resplendent
Court of Pride,grunt,Vale Crowned Eternal
Court of Pride,grunt,Khalid Golden-Blooded
Court of Pride,grunt,Salma Above Kings
Court of Pride,grunt,Winter Glory-Anointed
Court of Pride,grunt,Darian Self-Exalted
Court of Pride,grunt,Adil Golden-Blooded
Court of Pride,grunt,Qasim The Majestic
Court of Pride,grunt,Selene The Eminent
Court of Pride,grunt,Onyx Pride Incarnate
Court of Pride,grunt,Aster The Untarnished
Court of Pride,grunt,Liora First Among Shadows
Court of Pride,grunt,Tempest The Resplendent
Court of Pride,grunt,Talon Crowned in False Light
Court of Pride,grunt,Samir The Elevated
Court of Pride,grunt,Rana The Victorious
Court of Pride,grunt,Salma The Brilliant
Court of Pride,grunt,Sahil Self-Made
Court of Pride,grunt,Inaya Self-Made
Court of Pride,grunt,Azra Pride Incarnate
Court of Pride,grunt,Vale Golden Soul
Court of Pride,grunt,Hana Beyond Judgment
Court of Pride,grunt,Ashen Glory-Bound
Court of Pride,grunt,Ivory Golden Soul
Court of Pride,grunt,Vesper Golden-Blooded
Court of Pride,grunt,Kamil Self-Exalted
Court of Pride,grunt,Harun The Brilliant
Court of Pride,grunt,Ashen High-Born in Spirit
Court of Pride,grunt,Jibril Pride Incarnate
Court of Pride,grunt,Sorina Serpent-Crowned
Court of Pride,grunt,Nadim The Illustrious
Court of Pride,grunt,Imran The Majestic
Court of Pride,grunt,Storm Throne-Raised
Court of Pride,grunt,Khadija The Brilliant
Court of Pride,grunt,Sabria Throne-Raised
Court of Pride,grunt,Nasira Golden Soul
Court of Pride,grunt,Khadija Self-Exalted
Court of Pride,grunt,Faruq The Eminent
Court of Pride,grunt,Ayman Glory-Anointed
Court of Pride,grunt,Garnet Unbowed
Court of Pride,grunt,Murad The Eminent
Court of Pride,grunt,Samira The Magnificent
Court of Pride,grunt,Aziel The Eminent
Court of Pride,grunt,Lumen Above Kings
Court of Pride,grunt,Ashen Self-Made
Court of Pride,grunt,Nizam The Eminent
Court of Pride,grunt,Vesper Glory-Bound
Court of Pride,grunt,Safiya Above All Others
Court of Pride,grunt,Rowan The Exemplar
Court of Pride,grunt,Talib Glory-Bound
Court of Pride,grunt,Aziel Crown Perfected
Court of Pride,grunt,Faruq Glory-Bound
Court of Pride,grunt,Onyx Mirror-Breaker
Court of Pride,grunt,Kheir The Victorious
Court of Pride,grunt,Kairo Pride-Anointed
Court of Pride,grunt,Nadim Beloved of None
Court of Pride,grunt,Aster The Lofty
Court of Pride,grunt,Imran Crowned Eternal
Court of Pride,grunt,Soren Crowned Eternal
Court of Pride,grunt,Sol Glory-Bound
Court of Pride,grunt,Soren Throne-Lifted
Court of Pride,grunt,Mazin Self-Crowned
Court of Pride,grunt,Nura The Magnified
Court of Pride,grunt,Dalia The Eminent
Court of Pride,grunt,Inaya Crown Perfected
Court of Pride,grunt,Sable The Magnificent
Court of Pride,grunt,Khadija The Victorious
Court of Pride,grunt,Silver The Majestic
Court of Pride,grunt,Zuleika Self-Made
Court of Pride,grunt,Fariha Self-Crowned
Court of Pride,grunt,Fahim The Majestic
Court of Pride,grunt,River Crowned Eternal
Court of Pride,elite,Mira House Drakon
Court of Pride,elite,Nizam House Asterion
Court of Pride,elite,Rowan House Orinth
Court of Pride,elite,Sorina House Solkar
Court of Pride,elite,Cael House Iskand
Court of Pride,elite,Sana Ashen Throne
Court of Pride,elite,Tarek House Eldarion
Court of Pride,elite,Selim House Seraphine
Court of Pride,elite,Nadir House Reth
Court of Pride,elite,Phoenix Court of Mirrors
Court of Pride,elite,Nabila Silver Canopy
Court of Pride,elite,Faris House Kaelor
Court of Pride,elite,Tahira House Kaelor
Court of Pride,elite,Kairo House Reth
Court of Pride,elite,Echo Silver Canopy
Court of Pride,elite,Flint House Asterion
Court of Pride,elite,Huda House Luxor
Court of Pride,elite,Hamid House Solarius
Court of Pride,elite,Samira Golden Coil
Court of Pride,elite,Rana House Solkar
Court of Pride,elite,Peregrine House Voriel
Court of Pride,elite,Harbor House Merovar
Court of Pride,elite,Flint House Calix
Court of Pride,elite,Nabila House Voriel
Court of Pride,elite,Zahir House Veyron
Court of Pride,elite,Veyn Golden Coil
Court of Pride,elite,Cove House Cyran
Court of Pride,elite,Azra Court of Mirrors
Court of Pride,elite,Jibril House Luxor
Court of Pride,elite,Jamal House Serikar
Court of Pride,elite,Qasim House Aurex
Court of Pride,elite,Dania House Seraphine
Court of Pride,elite,Idris Crown Dominion
Court of Pride,elite,Talib House Voriel
Court of Pride,elite,Hamid House Seraphine
Court of Pride,elite,Zara House Malkor
Court of Pride,elite,Amal Crown Dominion
Court of Pride,elite,Safiya House Damaris
Court of Pride,elite,Samina House Elaris
Court of Pride,elite,Phoenix House Myr
Court of Pride,elite,Sabria Ashen Throne
Court of Pride,elite,Jamal House Aurelian
Court of Pride,elite,Zephyr Sable Crown
Court of Pride,elite,Raif House Talassar
Court of Pride,elite,Darian House Kharis
Court of Pride,elite,Lumen House Aurex
Court of Pride,elite,Yasmin House Orinth
Court of Pride,elite,Rana Throne of Glass
Court of Pride,elite,Mira House Eldarion
Court of Pride,elite,Farah House Vhal
Court of Pride,elite,Samira House Seraphine
Court of Pride,elite,Ruqayya House Myr
Court of Pride,elite,Nura House Aurex
Court of Pride,elite,Zara Ivory Diadem
Court of Pride,elite,Rafiq House Drakon
Court of Pride,elite,Zayed House Solenne
Court of Pride,elite,Meridian House Merovar
Court of Pride,elite,Faris House Voriel
Court of Pride,elite,Naima House Luxor
Court of Pride,elite,Selim House Valen
Court of Pride,elite,Hollis House Cassiel
Court of Pride,elite,Leila House Nerath
Court of Pride,elite,Kheir House Marzak
Court of Pride,elite,Yamina House Asterion
Court of Pride,elite,Lina House Damaris
Court of Pride,elite,Sable House Eldarion
Court of Pride,elite,Selene House Reth
Court of Pride,elite,Inaya House Cyran
Court of Pride,elite,Nadim House Merovar
Court of Pride,elite,Moss House Asterion
Court of Pride,elite,Basil Golden Coil
Court of Pride,elite,Rashid House Valen
Court of Pride,elite,Khalid House Aurelian
Court of Pride,elite,Zayn House Vhal
Court of Pride,elite,Sol House Cassiel
Court of Pride,elite,Yasmin Throne of Glass
Court of Pride,elite,Tariq House Aurex
Court of Pride,elite,Nasira House Calix
Court of Pride,elite,Zahra House Adram
Court of Pride,elite,Shale House Kaelor
Court of Pride,elite,Jamal Throne of Glass
Court of Pride,elite,Nura House Cassiel
Court of Pride,elite,Yusef House Elaris
Court of Pride,elite,Harbor House Myr
Court of Pride,elite,Nabila House Solkar
Court of Pride,elite,Sahil Ashen Throne
Court of Pride,elite,Peregrine House Valen
Court of Pride,elite,Jalal House Solarius
Court of Pride,elite,Omar House Aurex
Court of Pride,elite,Silver House Calix
Court of Pride,elite,Ruqayya House Cassiel
Court of Pride,elite,Shirin Golden Coil
Court of Pride,elite,Leila House Malakar
Court of Pride,elite,Tempest House Calix
Court of Pride,elite,Nizam House Thalor
Court of Pride,elite,Selene Throne of Glass
Court of Pride,elite,Zayn Eidolon Court
Court of Pride,elite,Mariam House Kharis
Court of Pride,elite,Jibril House Solenne
Court of Pride,elite,Suleiman House Veyron
Court of Pride,leader,Supreme Regent Noor
Court of Pride,leader,Prince Jalal
Court of Pride,leader,Serpent Regent Zara
Court of Pride,leader,Golden Regent Safiya
Court of Pride,leader,Princess Sol
Court of Pride,leader,Lord Paramount Amal
Court of Pride,leader,Lady of Mirrors Peregrine
Court of Pride,leader,Ascendant Lady Ash
Court of Pride,leader,Keeper of Honors Zara
Court of Pride,leader,Imperial Voice Briar
Court of Pride,leader,Chamberlain Jalal
Court of Pride,leader,Radiant Sovereign Amal
Court of Pride,leader,Lord Paramount Azhar
Court of Pride,leader,Palace Archon Kairo
Court of Pride,leader,Grand Steward Fahim
Court of Pride,leader,Exalted One Naima
Court of Pride,leader,High Lord Fahim
Court of Pride,leader,Herald Supreme Inaya
Court of Pride,leader,Sovereign Ruqayya
Court of Pride,leader,High Chamberlain Kheir
Court of Pride,leader,Ascendant Lord Nyx
Court of Pride,leader,Ivory Vizier Kamil
Court of Pride,leader,Serpent Noble Ivory
Court of Pride,leader,Crown Regent Ivory
Court of Pride,leader,Throne Keeper Ruqayya
Court of Pride,leader,Prince Rana
Court of Pride,leader,First Among Equals Hollis
Court of Pride,leader,Ivory Vizier Riven
Court of Pride,leader,Crown Regent Faris
Court of Pride,leader,Court Exemplar Iman
Court of Pride,leader,Court Master Hakim
Court of Pride,leader,Golden Regent Nabila
Court of Pride,leader,Master of Ceremony Zuleika
Court of Pride,leader,Exalted Regent Lina
Court of Pride,leader,Ascendant Lord Sahil
Court of Pride,leader,First Among Equals Ilyas
Court of Pride,leader,Serpent Regent Ilyas
Court of Pride,leader,Princess Nadia
Court of Pride,leader,Sovereign Zara
Court of Pride,leader,Lady of Splendor Nimra
Court of Pride,leader,Court Exemplar Ash
Court of Pride,leader,Crown Regent Winter
Court of Pride,leader,Palace Archon Nadia
Court of Pride,leader,High Regent Layla
Court of Pride,leader,Crown Princess Rune
Court of Pride,leader,Sovereign Raif
Court of Pride,leader,Golden Regent Kael
Court of Pride,leader,Exalted Regent Sable
Court of Pride,leader,Crown Princess Karima
Court of Pride,leader,Noble Ascendant Darian
Court of Pride,leader,Serpent Regent Jamila
Court of Pride,leader,Crown Regent Harbor
Court of Pride,leader,Crown Prince Ash
Court of Pride,leader,Duchess Murad
Court of Pride,leader,Ascendant Lord Veyn
Court of Pride,leader,Throne Keeper Cinder
Court of Pride,leader,Lord of Mirrors Zahra
Court of Pride,leader,Grand Steward Hollis
Court of Pride,leader,Imperial Voice Frost
Court of Pride,leader,Crown Regent Flint
Court of Pride,leader,Noble Ascendant Amir
Court of Pride,leader,Duchess Huda
Court of Pride,leader,Throne Keeper Zuleika
Court of Pride,leader,Keeper of Honors Vale
Court of Pride,leader,Court Sovereign Nasira
Court of Pride,leader,First Minister Zuleika
Court of Pride,leader,Court Exemplar Silver
Court of Pride,leader,First Among Equals Riven
Court of Pride,leader,First Minister Kamil
Court of Pride,leader,Lady of Mirrors Qasim
Court of Pride,leader,Keeper of Glory Murad
Court of Pride,leader,Lady of Splendor Kairo
Court of Pride,leader,Crown Regent Amir
Court of Pride,leader,Ivory Vizier Zuleika
Court of Pride,leader,Princess Jamal
Court of Pride,leader,Crown Princess Nasir
Court of Pride,leader,Imperial Voice Samira
Court of Pride,leader,Princess Zara
Court of Pride,leader,Lady Paramount Noor
Court of Pride,leader,Ivory Vizier Zayn
Court of Pride,leader,Sovereign Talib
Court of Pride,leader,Court Exemplar Karim
Court of Pride,leader,Exalted Regent Cael
Court of Pride,leader,Lord of Mirrors Winter
Court of Pride,leader,Ascendant Lord Mariam
Court of Pride,leader,Golden Chamberlain Soren
Court of Pride,leader,Exalted Regent Farah
Court of Pride,leader,High Lady Azra
Court of Pride,leader,Radiant Sovereign Ivory
Court of Pride,leader,Radiant Sovereign Ayman
Court of Pride,leader,Throne Archon Soren
Court of Pride,leader,Lord of Splendor Meridian
Court of Pride,leader,Palace Marshal Iman
Court of Pride,leader,Princess Nasir
Court of Pride,leader,Throne Keeper Imran
Court of Pride,leader,Herald Supreme Rune
Court of Pride,leader,Master of Ceremony Talon
Court of Pride,leader,Golden Regent Khalid
Court of Pride,leader,High Lady Nadia
Court of Pride,leader,Vizier Zahir
Court of Sloth,grunt,Soren Hollow-Eyed
Court of Sloth,grunt,Nyx Fading Slowly
Court of Sloth,grunt,Sana Rest Crowned
Court of Sloth,grunt,Briar Grey-Touched
Court of Sloth,grunt,Frost Rest-Favored
Court of Sloth,grunt,Peregrine Stillness-Anointed
Court of Sloth,grunt,Azra Fading Slowly
Court of Sloth,grunt,Faruq Stillness-Anointed
Court of Sloth,grunt,Noor Motionless Blessed
Court of Sloth,grunt,Sage Never Woke
Court of Sloth,grunt,Ember Stillness Perfected
Court of Sloth,grunt,Hollis Still-Willed
Court of Sloth,grunt,Nabila Rest-Favored
Court of Sloth,grunt,Yusef Motionless Blessed
Court of Sloth,grunt,Jamal The Delayed
Court of Sloth,grunt,Harun Sleep-Crowned
Court of Sloth,grunt,Samira The Resigned
Court of Sloth,grunt,Cove Quiet-Blessed
Court of Sloth,grunt,Flint Silent Blessed
Court of Sloth,grunt,Amina Endless Slumber
Court of Sloth,grunt,Nadia Ashen-Eyed
Court of Sloth,grunt,Aziel Motionless Heart
Court of Sloth,grunt,Samira Waning Hope
Court of Sloth,grunt,Nadim Dust Eternal
Court of Sloth,grunt,Rana Sleep-Crowned
Court of Sloth,grunt,Rune Waning Hope
Court of Sloth,grunt,Aziel Fading Slowly
Court of Sloth,grunt,Ruqayya Dust-Anointed
Court of Sloth,grunt,Amal Dream-Touched
Court of Sloth,grunt,Aster Sleep Eternal
Court of Sloth,grunt,Aster Rest-Anointed
Court of Sloth,grunt,Sol Silent-Marked
Court of Sloth,grunt,Selene The Indifferent
Court of Sloth,grunt,Sabria Ashen Soul
Court of Sloth,grunt,Leila The Indifferent
Court of Sloth,grunt,Ashar Silent-Marked
Court of Sloth,grunt,Iskander Quiet-Souled
Court of Sloth,grunt,Sana Dream-Touched
Court of Sloth,grunt,Azhar Final Rest
Court of Sloth,grunt,Ayman The Delayed
Court of Sloth,grunt,Meridian The Indifferent
Court of Sloth,grunt,Salma Motionless Heart
Court of Sloth,grunt,Suleiman Fading Grace
Court of Sloth,grunt,Riven Rest-Eternal
Court of Sloth,grunt,Malik Silent-Marked
Court of Sloth,grunt,Hana Drowsing Soul
Court of Sloth,grunt,Murad Waning Spirit
Court of Sloth,grunt,Ashen Silent-Marked
Court of Sloth,grunt,Lumen Fading Slowly
Court of Sloth,grunt,Inaya Quiet-Souled
Court of Sloth,grunt,Vesper Stillness-Anointed
Court of Sloth,grunt,Shale Endless Slumber
Court of Sloth,grunt,Aster Grey-Touched
Court of Sloth,grunt,Silver Waning Spirit
Court of Sloth,grunt,Rana Quiet-Blessed
Court of Sloth,grunt,Ash Stillness Perfected
Court of Sloth,grunt,Yusef Dust Eternal
Court of Sloth,grunt,Salma Quiet-Souled
Court of Sloth,grunt,Jamal Final Rest
Court of Sloth,grunt,Jamila Silent-Marked
Court of Sloth,grunt,Azra Quiet-Souled
Court of Sloth,grunt,Jibril Never Woke
Court of Sloth,grunt,Cinder Rest Crowned
Court of Sloth,grunt,Ayman The Unhurried
Court of Sloth,grunt,Ember Waning Spirit
Court of Sloth,grunt,Aster Sleep Chosen
Court of Sloth,grunt,Garnet Sleep-Crowned
Court of Sloth,grunt,Hakim Motionless Blessed
Court of Sloth,grunt,Harbor Rest-Anointed
Court of Sloth,grunt,Iman Rest-Anointed
Court of Sloth,grunt,Noor Ash-Blessed
Court of Sloth,grunt,Omar Rest-Anointed
Court of Sloth,grunt,Latif Sleep-Blessed
Court of Sloth,grunt,Shale Ashen-Eyed
Court of Sloth,grunt,Moss Dust-Crowned
Court of Sloth,grunt,Sage The Weary
Court of Sloth,grunt,Yamina Dust-Touched
Court of Sloth,grunt,Wren Fading Slowly
Court of Sloth,grunt,Dusk Fading Slowly
Court of Sloth,grunt,Yamina Rest-Favored
Court of Sloth,grunt,Layla Still-Willed
Court of Sloth,grunt,Azhar Quiet-Blessed
Court of Sloth,grunt,Amina Motionless Heart
Court of Sloth,grunt,Imran Fading Grace
Court of Sloth,grunt,Qasim The Idle
Court of Sloth,grunt,Meridian Dust-Crowned
Court of Sloth,grunt,Meridian Sleep Chosen
Court of Sloth,grunt,Basil Rest-Favored
Court of Sloth,grunt,Akram Rest-Anointed
Court of Sloth,grunt,Zara Dust-Touched
Court of Sloth,grunt,Harbor Quiet-Blessed
Court of Sloth,grunt,Soren Sleep-Blessed
Court of Sloth,grunt,Ruqayya Ashen-Eyed
Court of Sloth,grunt,Sana Quiet-Blessed
Court of Sloth,grunt,Amir Hollow-Eyed
Court of Sloth,grunt,Liora Stillness-Anointed
Court of Sloth,grunt,Mariam The Sluggish
Court of Sloth,grunt,Selene Dust-Touched
Court of Sloth,grunt,Adil Sleep-Crowned
Court of Sloth,grunt,Zahra The Unmoved
Court of Sloth,elite,Ilyas House Unfinished Deed
Court of Sloth,elite,Zuleika House Forgotten Hour
Court of Sloth,elite,Ayman House Endless Sleep
Court of Sloth,elite,Yasmin House Drowsing Court
Court of Sloth,elite,Latif House Drowsing Throne
Court of Sloth,elite,Vesper House Ashen Hall
Court of Sloth,elite,Salma House Silent Hall
Court of Sloth,elite,Yasmin House Silent Hall
Court of Sloth,elite,Sorina House Forgotten Regent
Court of Sloth,elite,Nura House Dreaming Crown
Court of Sloth,elite,Aisha House Resting Crown
Court of Sloth,elite,Ember House Dream Coil
Court of Sloth,elite,Naima House Silent Hall
Court of Sloth,elite,Farah House Dimming Light
Court of Sloth,elite,Inaya House Last Effort
Court of Sloth,elite,Naima House Idle Throne
Court of Sloth,elite,Hana House Fading Court
Court of Sloth,elite,Safiya House Grey Serpent
Court of Sloth,elite,Hamid House Fading Ember
Court of Sloth,elite,Suleiman House Unfinished Deed
Court of Sloth,elite,Rayan House Hollow Hall
Court of Sloth,elite,Zayed House Ashen Court
Court of Sloth,elite,Liora House Dust Banner
Court of Sloth,elite,Azra House Grey Veil
Court of Sloth,elite,Suleiman House Hollow Hall
Court of Sloth,elite,Rana House Unfinished Deed
Court of Sloth,elite,Soraya House Fading Ember
Court of Sloth,elite,Moss House Grey Throne
Court of Sloth,elite,Vesper House Dreaming Hall
Court of Sloth,elite,Yusef House Sleeping Regent
Court of Sloth,elite,Kairo House Still Water
Court of Sloth,elite,Nadim House Idle Throne
Court of Sloth,elite,Sana House Sleeping Regent
Court of Sloth,elite,Nadia House Ashen Pillow
Court of Sloth,elite,Wren House Idle Throne
Court of Sloth,elite,Fahim House Sleeping Serpent
Court of Sloth,elite,Alina House Grey Veil
Court of Sloth,elite,Sol House Endless Sleep
Court of Sloth,elite,Karima House Quiet Banner
Court of Sloth,elite,Flint House Motionless Crown
Court of Sloth,elite,Zuleika House Hollow Bell
Court of Sloth,elite,Kairo House Motionless Star
Court of Sloth,elite,Khadija House Hollow Bell
Court of Sloth,elite,Khalid House Ashen Court
Court of Sloth,elite,Basil House Sleeping Regent
Court of Sloth,elite,Jamal House Silent Hall
Court of Sloth,elite,Nura House Grey Serpent
Court of Sloth,elite,Rashid House Hollow Bell
Court of Sloth,elite,Sahil House Last Effort
Court of Sloth,elite,Azure House Quiet Throne
Court of Sloth,elite,Nizam House Still Water
Court of Sloth,elite,Zayn House Hollow Crown
Court of Sloth,elite,Nadia House Sleeping Serpent
Court of Sloth,elite,Raif House Ashen Hall
Court of Sloth,elite,Safiya House Forgotten Hour
Court of Sloth,elite,Nimra House Sleeping Regent
Court of Sloth,elite,Nizam House Ashen Court
Court of Sloth,elite,Amir House Forgotten Crown
Court of Sloth,elite,Nadir House Silent Hall
Court of Sloth,elite,Tarek House Restless Sleep
Court of Sloth,elite,Dalia House Sleeping Hall
Court of Sloth,elite,Zev House Waning Hall
Court of Sloth,elite,Huda House Drowsing Court
Court of Sloth,elite,Basil House Dust Banner
Court of Sloth,elite,Riven House Fading Court
Court of Sloth,elite,Amal House Grey Veil
Court of Sloth,elite,Latif House Fading Court
Court of Sloth,elite,Tempest House Resting Crown
Court of Sloth,elite,Sol House Hollow Hall
Court of Sloth,elite,Ashen House Quiet Coil
Court of Sloth,elite,Garnet House Sleeping Regent
Court of Sloth,elite,Dalia House Dream Coil
Court of Sloth,elite,Nizam House Still Throne
Court of Sloth,elite,Vesper House Last Candle
Court of Sloth,elite,Yasmin House Dust Veil
Court of Sloth,elite,Faris House Still Water
Court of Sloth,elite,Sol House Grey Throne
Court of Sloth,elite,Ivory House Hollow Bell
Court of Sloth,elite,Zayed House Quiet Throne
Court of Sloth,elite,Jamila House Hollow Crown
Court of Sloth,elite,Azhar House Sleeping Serpent
Court of Sloth,elite,Murad House Grey Veil
Court of Sloth,elite,Mahira House Silent Hall
Court of Sloth,elite,Rowan House Hollow Hall
Court of Sloth,elite,Amir Dust Throne
Court of Sloth,elite,Safiya House Ashen Pillow
Court of Sloth,elite,Nimra House Ashen Hall
Court of Sloth,elite,Yusef House Silent Hall
Court of Sloth,elite,Safiya House Final Rest
Court of Sloth,elite,Hollis House Still Throne
Court of Sloth,elite,Huda House Quiet Throne
Court of Sloth,elite,Tahira Dust Throne
Court of Sloth,elite,Zev House Last Candle
Court of Sloth,elite,Naima House Forgotten Hour
Court of Sloth,elite,Nura House Silent Chamber
Court of Sloth,elite,Basil House Quiet Coil
Court of Sloth,elite,Nasir House Last Candle
Court of Sloth,elite,Echo House Restless Sleep
Court of Sloth,elite,Talon House Ashen Hall
Court of Sloth,elite,Jamal House Last Candle
Court of Sloth,leader,Lady of Quiet Waters Azra
Court of Sloth,leader,Resting Archon Hamid
Court of Sloth,leader,Grey Sovereign Raif
Court of Sloth,leader,Drowsing Archon Ivory
Court of Sloth,leader,Drowsing Archon Tempest
Court of Sloth,leader,Quiet Chancellor Noor
Court of Sloth,leader,Sleeping Princess Azhar
Court of Sloth,leader,Dimming Regent Murad
Court of Sloth,leader,Sleeping Princess Phoenix
Court of Sloth,leader,Lady of Silence Azra
Court of Sloth,leader,Keeper of Forgotten Things
Court of Sloth,leader,Quiet Sovereign Kamil
Court of Sloth,leader,Lord of Fading Light Mira
Court of Sloth,leader,Dream Regent Harbor
Court of Sloth,leader,Grey Archon Nadia
Court of Sloth,leader,Keeper of the Hollow Bell
Court of Sloth,leader,Dream Exemplar Zahir
Court of Sloth,leader,Keeper of the Last Hour Nyx
Court of Sloth,leader,Keeper of the Waning Flame
Court of Sloth,leader,Keeper of the Hollow Bell
Court of Sloth,leader,Grey Regent Alina
Court of Sloth,leader,Dimming Regent Jibril
Court of Sloth,leader,Quiet Sovereign Tariq
Court of Sloth,leader,Sleeping Princess Hollis
Court of Sloth,leader,Lord of the Last Effort
Court of Sloth,leader,Master of Stillness Indigo
Court of Sloth,leader,Ashen Chamberlain Huda
Court of Sloth,leader,Lady of Silence Jamila
Court of Sloth,leader,Sleeping Princess Zev
Court of Sloth,leader,Grey Sovereign Azra
Court of Sloth,leader,Ashen Chamberlain Iman
Court of Sloth,leader,Lady of Delay Faruq
Court of Sloth,leader,Dust Regent Imran
Court of Sloth,leader,Keeper of the Last Hour Khalid
Court of Sloth,leader,Sleeping Princess Rashid
Court of Sloth,leader,Sleeping Prince Aziel
Court of Sloth,leader,Dream Exemplar Indigo
Court of Sloth,leader,Dream Prince Azure
Court of Sloth,leader,Dust Sovereign Zahra
Court of Sloth,leader,Grey Regent Lina
Court of Sloth,leader,Drowsing Sovereign Ashar
Court of Sloth,leader,Lord of the Last Effort Nadir
Court of Sloth,leader,Sleeping Prince Nasir
Court of Sloth,leader,Quiet Chancellor Cinder
Court of Sloth,leader,Dream Regent Sahil
Court of Sloth,leader,Dream Chancellor Tariq
Court of Sloth,leader,Silent Vizier Nasir
Court of Sloth,leader,Quiet Sovereign Mira
Court of Sloth,leader,Silent Regent Suleiman
Court of Sloth,leader,Dust Regent Talib
Court of Sloth,leader,Grey Regent Briar
Court of Sloth,leader,Silent Vizier Tariq
Court of Sloth,leader,Dream Exemplar Soraya
Court of Sloth,leader,Silent Master Zara
Court of Sloth,leader,Silent Regent Zayed
Court of Sloth,leader,Drowsing Sovereign Tempest
Court of Sloth,leader,Dust Sovereign Wren
Court of Sloth,leader,Resting Archon Shirin
Court of Sloth,leader,Keeper of Endless Sleep Kamil
Court of Sloth,leader,Keeper of the Last Hour Amina
Court of Sloth,leader,Grey Chamberlain Tariq
Court of Sloth,leader,Sleeping Prince Tahira
Court of Sloth,leader,Dream Prince Rayan
Court of Sloth,leader,Motionless Sovereign Sahil
Court of Sloth,leader,Dream Regent Ashar
Court of Sloth,leader,Stillness Warden Talib
Court of Sloth,leader,Dream Princess Amina
Court of Sloth,leader,Dream Chancellor Raif
Court of Sloth,leader,Grey Chamberlain Rayan
Court of Sloth,leader,Dream Prince Vesper
Court of Sloth,leader,Dust Regent Cael
Court of Sloth,leader,Dream Chancellor River
Court of Sloth,leader,Resting Regent Safiya
Court of Sloth,leader,Drowsing Sovereign Dalia
Court of Sloth,leader,Keeper of the Last Hour Indigo
Court of Sloth,leader,Keeper of Rest Lumen
Court of Sloth,leader,Sleeping Princess River
Court of Sloth,leader,Lord of Quiet Waters Aisha
Court of Sloth,leader,Silent Master Khadija
Court of Sloth,leader,Ashen Chamberlain Nyx
Court of Sloth,leader,Keeper of Final Rest Layla
Court of Sloth,leader,Keeper of Final Rest Garnet
Court of Sloth,leader,Lady of Delay Dania
Court of Sloth,leader,Lady of Fading Light Echo
Court of Sloth,leader,Silent Chamberlain Idris
Court of Sloth,leader,Keeper of the Last Hour
Court of Sloth,leader,Keeper of the Last Hour Samir
Court of Sloth,leader,Silent Vizier Fariha
Court of Sloth,leader,Ash Regent Aziel
Court of Sloth,leader,Lord of Fading Light Mahira
Court of Sloth,leader,Drowsing Sovereign Shale
Court of Sloth,leader,Keeper of Rest Zev
Court of Sloth,leader,Keeper of the Hollow Bell
Court of Sloth,leader,Dimming Regent Ash
Court of Sloth,leader,Quiet Sovereign Aziel
Court of Sloth,leader,Dream Prince Azure
Court of Sloth,leader,Sleeping Prince Zephyr
Court of Sloth,leader,Keeper of Forgotten Things
Court of Sloth,leader,Keeper of the Waning Flame
Court of Sloth,leader,Lady of Fading Light Ember
Court of Wrath,grunt,Tahira Crimson-Blessed
Court of Wrath,grunt,Noor Wrath-Anointed
Court of Wrath,grunt,Imran The Unrelenting
Court of Wrath,grunt,Zev Iron-Fisted
Court of Wrath,grunt,Ashar Wrath-Anointed
Court of Wrath,grunt,Tariq Rage-Touched
Court of Wrath,grunt,Mazin Flame-Anointed
Court of Wrath,grunt,Sage Rage-Touched
Court of Wrath,grunt,Wren Blood-Drenched
Court of Wrath,grunt,Tariq Never Forgiven
Court of Wrath,grunt,Ash Fire-Born
Court of Wrath,grunt,Cove Endless Fury
Court of Wrath,grunt,Nura Blood-Anointed
Court of Wrath,grunt,Kheir Wrath Crowned
Court of Wrath,grunt,Ivory Battle Chosen
Court of Wrath,grunt,Silver Iron-Fisted
Court of Wrath,grunt,Riven Battle-Fed
Court of Wrath,grunt,Seren Crimson-Blessed
Court of Wrath,grunt,Jibril Fire-Born
Court of Wrath,grunt,Latif War-Touched
Court of Wrath,grunt,Hamid Rage-Blessed
Court of Wrath,grunt,Sabria Battle Chosen
Court of Wrath,grunt,Iman The Merciless
Court of Wrath,grunt,Arden War-Blessed
Court of Wrath,grunt,Zara The Unrelenting
Court of Wrath,grunt,Tariq Ash-Marked
Court of Wrath,grunt,Shirin Rage-Touched
Court of Wrath,grunt,Samina Rage-Blessed
Court of Wrath,grunt,Imran Blood-Crowned
Court of Wrath,grunt,Arden Crimson-Blessed
Court of Wrath,grunt,Wren Blood-Anointed
Court of Wrath,grunt,Hakim Skull-Blessed
Court of Wrath,grunt,Frost Ash Eternal
Court of Wrath,grunt,Phoenix Crimson-Blessed
Court of Wrath,grunt,Onyx Wrath Incarnate
Court of Wrath,grunt,Naima War-Touched
Court of Wrath,grunt,Ashen Crimson-Blessed
Court of Wrath,grunt,Cael Battle-Fed
Court of Wrath,grunt,Rafiq Rage Exalted
Court of Wrath,grunt,Azhar Rage-Blessed
Court of Wrath,grunt,Mahira Iron-Fisted
Court of Wrath,grunt,Sorina Rage-Blessed
Court of Wrath,grunt,Azhar Battle-Fed
Court of Wrath,grunt,Jibril Flame-Touched
Court of Wrath,grunt,Nabila Fire-Fed
Court of Wrath,grunt,Zahra Ash Eternal
Court of Wrath,grunt,Sorina The Destroyer
Court of Wrath,grunt,Mazin Battle-Hardened
Court of Wrath,grunt,Ember Ash-Wreathed
Court of Wrath,grunt,Kamil Wrath Perfected
Court of Wrath,grunt,Darian Fury Favored
Court of Wrath,grunt,Faris Iron-Willed
Court of Wrath,grunt,Qasim Iron-Fisted
Court of Wrath,grunt,Noor Iron-Fisted
Court of Wrath,grunt,Hollis The Avenger
Court of Wrath,grunt,Farah Flame-Touched
Court of Wrath,grunt,Leila Rage-Driven
Court of Wrath,grunt,Harbor Iron-Willed
Court of Wrath,grunt,Zahir Battle Perfected
Court of Wrath,grunt,Azra War Perfected
Court of Wrath,grunt,Aisha Wrath-Anointed
Court of Wrath,grunt,Hollis Fury-Bound
Court of Wrath,grunt,Briar Blood Exalted
Court of Wrath,grunt,Onyx The Destroyer
Court of Wrath,grunt,Farah Skull-Blessed
Court of Wrath,grunt,Sol Battle Chosen
Court of Wrath,grunt,Suleiman Blood-Crowned
Court of Wrath,grunt,Akram Rage-Touched
Court of Wrath,grunt,Zara Iron-Fisted
Court of Wrath,grunt,Karima Never Forgiven
Court of Wrath,grunt,Kheir Battle Perfected
Court of Wrath,grunt,Selim Fire-Fed
Court of Wrath,grunt,Rania Fire-Born
Court of Wrath,grunt,Talib Battle-Crowned
Court of Wrath,grunt,Meridian Fury Favored
Court of Wrath,grunt,Dalia Wrath Crowned
Court of Wrath,grunt,Nadir Ash-Wreathed
Court of Wrath,grunt,Farah The Destroyer
Court of Wrath,grunt,Nizam Fire-Born
Court of Wrath,grunt,Phoenix War-Blessed
Court of Wrath,grunt,Zayn Wrath Incarnate
Court of Wrath,grunt,Inaya Flame Crowned
Court of Wrath,grunt,Garnet Skull-Blessed
Court of Wrath,grunt,Inaya Fury-Bound
Court of Wrath,grunt,Ilyas Fury Favored
Court of Wrath,grunt,Vesper Blood-Crowned
Court of Wrath,grunt,Soren Iron-Willed
Court of Wrath,grunt,Harbor The Destroyer
Court of Wrath,grunt,Amal Fire-Born
Court of Wrath,grunt,Lina Ash Eternal
Court of Wrath,grunt,Kheir Wrath Crowned
Court of Wrath,grunt,Huda Battle-Crowned
Court of Wrath,grunt,Moss Wrath-Anointed
Court of Wrath,grunt,Nadim Blood-Crowned
Court of Wrath,grunt,Yasmin Blood-Anointed
Court of Wrath,grunt,Aisha Fury Favored
Court of Wrath,grunt,Akram Flame Crowned
Court of Wrath,grunt,Leila Rage-Marked
Court of Wrath,grunt,Aziel Blood-Crowned
Court of Wrath,grunt,Frost Iron-Willed
Court of Wrath,elite,Inaya House Bloodwake
Court of Wrath,elite,Dania House Barzak
Court of Wrath,elite,Kael House Iron Wrath
Court of Wrath,elite,Rowan House Flameborn
Court of Wrath,elite,Aziel House Scorchmark
Court of Wrath,elite,Briar House Firetongue
Court of Wrath,elite,Kairo House Vorak
Court of Wrath,elite,Inaya House Bloodwake
Court of Wrath,elite,Inaya House Malgor
Court of Wrath,elite,Liora House Carnifex
Court of Wrath,elite,Ashar House Rage Banner
Court of Wrath,elite,Huda House Raze
Court of Wrath,elite,Malik House Fury Crown
Court of Wrath,elite,Storm House Endless War
Court of Wrath,elite,Jalal House Flameborn
Court of Wrath,elite,Jibril House Rageheart
Court of Wrath,elite,Darian House Kharak
Court of Wrath,elite,Peregrine House Battle Crown
Court of Wrath,elite,Amina Red Fang
Court of Wrath,elite,Fariha House Barzak
Court of Wrath,elite,Kheir House Iron Wrath
Court of Wrath,elite,Indigo House Battle Throne
Court of Wrath,elite,Selene Burning Spear
Court of Wrath,elite,Ember House Endless War
Court of Wrath,elite,Wren House Bloodwake
Court of Wrath,elite,Mariam House Warfire
Court of Wrath,elite,Moss House Stormblade
Court of Wrath,elite,Ivory House Varkul
Court of Wrath,elite,Soren House Blood Throne
Court of Wrath,elite,Kheir House Tharos
Court of Wrath,elite,Aisha Blood Banner
Court of Wrath,elite,Meridian House Burning Crown
Court of Wrath,elite,Veyn House Bloodstorm
Court of Wrath,elite,Harun House Rageheart
Court of Wrath,elite,Lumen House Flameborn
Court of Wrath,elite,Meridian House Ember Crown
Court of Wrath,elite,Amina House Iron Wrath
Court of Wrath,elite,Mazin House Rageheart
Court of Wrath,elite,Hana House Bloodwake
Court of Wrath,elite,Mira Ember Host
Court of Wrath,elite,Amir Red Fang
Court of Wrath,elite,Nadia War Coil
Court of Wrath,elite,Selim House Skull Banner
Court of Wrath,elite,Rune Ash War Court
Court of Wrath,elite,Yusef House Raze
Court of Wrath,elite,Tahira House Fury Crown
Court of Wrath,elite,Seren House Red Talon
Court of Wrath,elite,Zahir House Firetongue
Court of Wrath,elite,Layla House Warfire
Court of Wrath,elite,Kairo House Warcoil
Court of Wrath,elite,Khadija House Iron Blood
Court of Wrath,elite,Soren House Vorak
Court of Wrath,elite,Idris House Tharos
Court of Wrath,elite,Rana House Ashen Blade
Court of Wrath,elite,Omar House Wrathspire
Court of Wrath,elite,Farah House Battlecry
Court of Wrath,elite,Rafiq House Warborn
Court of Wrath,elite,Dusk House Warcoil
Court of Wrath,elite,Rania House Warfire
Court of Wrath,elite,Rayan House Carnifex
Court of Wrath,elite,Kairo House Drakar
Court of Wrath,elite,Salma House Wrathspire
Court of Wrath,elite,Mira House Blood Throne
Court of Wrath,elite,Jibril Ash War Court
Court of Wrath,elite,Dania House Barzak
Court of Wrath,elite,Fariha House Iron Tempest
Court of Wrath,elite,Jalal House Kordun
Court of Wrath,elite,Harbor House Ember Crown
Court of Wrath,elite,Darian Ash War Court
Court of Wrath,elite,Amir Ash War Court
Court of Wrath,elite,Aziel House Warborn
Court of Wrath,elite,Salma Ash War Court
Court of Wrath,elite,Hana House Varkul
Court of Wrath,elite,Huda House Barzak
Court of Wrath,elite,Jalal Blood Banner
Court of Wrath,elite,Vale House Burning Crown
Court of Wrath,elite,Shirin House Stormblade
Court of Wrath,elite,Mahira House Ashen Blade
Court of Wrath,elite,Sol House Iron Rage
Court of Wrath,elite,Dania House Battle Crown
Court of Wrath,elite,Karima House Malgor
Court of Wrath,elite,Tarek Blood Banner
Court of Wrath,elite,Huda Ember Host
Court of Wrath,elite,Nizam House Varkul
Court of Wrath,elite,Sana House Barzak
Court of Wrath,elite,Jamila House Red Talon
Court of Wrath,elite,Zara Red Fang
Court of Wrath,elite,Omar House Kharak
Court of Wrath,elite,Tempest Crimson Standard
Court of Wrath,elite,Basira House Battle Crown
Court of Wrath,elite,Riven House Rageheart
Court of Wrath,elite,Zev House Skull Throne
Court of Wrath,elite,Kheir Iron Tempest
Court of Wrath,elite,Frost Blood Banner
Court of Wrath,elite,Nyx House Iron Tempest
Court of Wrath,elite,Ivory House Stormblade
Court of Wrath,elite,Sabria House Drakar
Court of Wrath,elite,Zayed House Doommarch
Court of Wrath,elite,Ivory House Rage Banner
Court of Wrath,elite,Vale House Bloodstorm
Court of Wrath,leader,Iron Regent Jalal
Court of Wrath,leader,Keeper of Fury Nadia
Court of Wrath,leader,Lord of Battle Tahira
Court of Wrath,leader,Iron Exemplar Mahira
Court of Wrath,leader,Blood Keeper Ivory
Court of Wrath,leader,War Prince Huda
Court of Wrath,leader,War Vizier Nimra
Court of Wrath,leader,Wrath Lady Nabila
Court of Wrath,leader,High Butcher Selim
Court of Wrath,leader,Wrath Exemplar Jibril
Court of Wrath,leader,Iron Princess Samir
Court of Wrath,leader,Blood Chamberlain Harun
Court of Wrath,leader,Wrath Lady Raif
Court of Wrath,leader,War Chancellor Mazin
Court of Wrath,leader,Blood Chamberlain Nizam
Court of Wrath,leader,Master of War Sahil
Court of Wrath,leader,High Butcher Amina
Court of Wrath,leader,Battle Regent Sabria
Court of Wrath,leader,Lord of Ashes Akram
Court of Wrath,leader,Lady of Battle Dalia
Court of Wrath,leader,War Chancellor Naima
Court of Wrath,leader,Wrath Lord Salma
Court of Wrath,leader,Lord of Ashes Sable
Court of Wrath,leader,Rage Warden Karim
Court of Wrath,leader,War Prince Samira
Court of Wrath,leader,Crimson Regent Rania
Court of Wrath,leader,Rage Sovereign Soraya
Court of Wrath,leader,Blood Marshal Fariha
Court of Wrath,leader,Iron Exemplar Akram
Court of Wrath,leader,Crimson Archon Mira
Court of Wrath,leader,Keeper of Fury Nadia
Court of Wrath,leader,War Herald Iskander
Court of Wrath,leader,Crimson Regent Amina
Court of Wrath,leader,Fury Regent Farah
Court of Wrath,leader,Battle Steward River
Court of Wrath,leader,Battle Steward Hana
Court of Wrath,leader,Master of War Yusef
Court of Wrath,leader,War Princess Rayan
Court of Wrath,leader,Blood Regent Vesper
Court of Wrath,leader,Blood Duchess Selim
Court of Wrath,leader,Iron Princess Aster
Court of Wrath,leader,Crimson Warden Seren
Court of Wrath,leader,Lady of Slaughter Soren
Court of Wrath,leader,Battle Regent Alina
Court of Wrath,leader,Crimson Regent Ilyas
Court of Wrath,leader,Battle Steward Sol
Court of Wrath,leader,Lord of Slaughter Amir
Court of Wrath,leader,Blood Chamberlain Frost
Court of Wrath,leader,Rage Sovereign Fariha
Court of Wrath,leader,Lord of Ashes Darian
Court of Wrath,leader,Lord of Endless War Lina
Court of Wrath,leader,War Prince Ayman
Court of Wrath,leader,Blood Keeper Azra
Court of Wrath,leader,Flame Sovereign Akram
Court of Wrath,leader,Lady of Battle Nura
Court of Wrath,leader,Ash Regent Nadir
Court of Wrath,leader,Wrath Exemplar Nasir
Court of Wrath,leader,Rage Warden Hamid
Court of Wrath,leader,Lord of Battle Arden
Court of Wrath,leader,Lord of Ashes Harbor
Court of Wrath,leader,Master of War Storm
Court of Wrath,leader,Iron Regent Fahim
Court of Wrath,leader,Battle Steward Echo
Court of Wrath,leader,Wrath Lady Yamina
Court of Wrath,leader,Battle Archon Jamila
Court of Wrath,leader,Wrath Lord Raif
Court of Wrath,leader,Iron Regent Tempest
Court of Wrath,leader,War Prince Noor
Court of Wrath,leader,War Herald Raif
Court of Wrath,leader,Ash Marshal Sable
Court of Wrath,leader,Crimson Archon Arden
Court of Wrath,leader,Blood Keeper Nasir
Court of Wrath,leader,War Vizier Aisha
Court of Wrath,leader,Battle Steward Aisha
Court of Wrath,leader,Master of Carnage Sol
Court of Wrath,leader,Ash Marshal Khalid
Court of Wrath,leader,War Herald Soraya
Court of Wrath,leader,Blood Marshal Latif
Court of Wrath,leader,Iron Commander Soren
Court of Wrath,leader,Lady of Ashes Hakim
Court of Wrath,leader,Lord of Endless War Layla
Court of Wrath,leader,Blood Duchess Sana
Court of Wrath,leader,Iron Princess Selim
Court of Wrath,leader,Lord of Slaughter Briar
Court of Wrath,leader,Iron Exemplar Samina
Court of Wrath,leader,Blood Marshal Layla
Court of Wrath,leader,War Vizier Faruq
Court of Wrath,leader,Blood Duke Samina
Court of Wrath,leader,Wrath Lady Mazin
Court of Wrath,leader,Battle Sovereign Rune
Court of Wrath,leader,Battle Regent Riven
Court of Wrath,leader,Battle Master Lumen
Court of Wrath,leader,Lord of Slaughter Layla
Court of Wrath,leader,Fury Regent Alina
Court of Wrath,leader,Wrath Lady Vale
Court of Wrath,leader,Lady of Ashes Nyx
Court of Wrath,leader,Battle Master River
Court of Wrath,leader,Blood Keeper Selim
Court of Wrath,leader,War Princess Zephyr
Court of Wrath,leader,Lady of Slaughter Cove
Cult of the Black Grail,grunt,Rosalie Of the Blooming Flesh
Cult of the Black Grail,grunt,Taint Of the Weeping Pustule
Cult of the Black Grail,grunt,Blister Of the Carrion March
Cult of the Black Grail,grunt,Camille Miasma
Cult of the Black Grail,grunt,Decay Of the Corpse Communion
Cult of the Black Grail,grunt,Sore Of the Carrion Banner
Cult of the Black Grail,grunt,Slough Of Saint Corvus' Feast
Cult of the Black Grail,grunt,Margot Of the Rot Cathedral
Cult of the Black Grail,grunt,Hervé Of the Black Harvest
Cult of the Black Grail,grunt,Julienne
Cult of the Black Grail,grunt,Ruin Of the Mireborn Grail
Cult of the Black Grail,grunt,Canker Of the Carrion Harvest
Cult of the Black Grail,grunt,Silvain Leech
Cult of the Black Grail,grunt,Elodie
Cult of the Black Grail,grunt,Estelle Of the Mire Communion
Cult of the Black Grail,grunt,Aldric Flyswarm
Cult of the Black Grail,grunt,Florian Worm
Cult of the Black Grail,grunt,Remy Slime
Cult of the Black Grail,grunt,Ivette Gravetide
Cult of the Black Grail,grunt,Nicodeme Spoor
Cult of the Black Grail,grunt,Solange
Cult of the Black Grail,grunt,Ysabel Of the Putrid Chalice
Cult of the Black Grail,grunt,Valerian Pox
Cult of the Black Grail,grunt,Francine
Cult of the Black Grail,grunt,Blight Of the Carrion Chapel
Cult of the Black Grail,grunt,Odette Lesion
Cult of the Black Grail,grunt,Smut Of the Thousand Flies
Cult of the Black Grail,grunt,Flyswarm Of the Carrion March
Cult of the Black Grail,grunt,Fleur Of the Gall Harvest
Cult of the Black Grail,grunt,Corpsevine Blight
Cult of the Black Grail,grunt,Quentin
Cult of the Black Grail,grunt,Urban Of the Blighted Vessel
Cult of the Black Grail,grunt,Tristan Scourge
Cult of the Black Grail,grunt,Amelie Blackrot
Cult of the Black Grail,grunt,Wretch Of the Worm Communion
Cult of the Black Grail,grunt,Alaric Carrion
Cult of the Black Grail,grunt,Fungus Of the Black Root
Cult of the Black Grail,grunt,Pascal Spoor
Cult of the Black Grail,grunt,Canker Of the Leech Procession
Cult of the Black Grail,grunt,Ulric Of the Fly Cathedral
Cult of the Black Grail,grunt,Tristan Of the Sacred Ulcer
Cult of the Black Grail,grunt,Dorian Filth
Cult of the Black Grail,grunt,Sabine Slough
Cult of the Black Grail,grunt,Marius Gravetide
Cult of the Black Grail,grunt,Norbert Worm
Cult of the Black Grail,grunt,Grime Of the Corpse Orchard
Cult of the Black Grail,grunt,Blackbloom Mouldering
Cult of the Black Grail,grunt,Solange Of the Ashen Feast
Cult of the Black Grail,grunt,Corvin
Cult of the Black Grail,grunt,Smut Maggot
Cult of the Black Grail,grunt,Clarisse Gravetide
Cult of the Black Grail,grunt,Giselle Lesion
Cult of the Black Grail,grunt,Perrine
Cult of the Black Grail,grunt,Mireborn Of the Black Leech
Cult of the Black Grail,grunt,Gravetide Of the Fly Choir
Cult of the Black Grail,grunt,Spoor Wormwood
Cult of the Black Grail,grunt,Carrion Of the Mireborn Grail
Cult of the Black Grail,grunt,Yves Flyswarm
Cult of the Black Grail,grunt,Victor Of the Corpse Orchard
Cult of the Black Grail,grunt,Hadrian Corpsevine
Cult of the Black Grail,grunt,Theobald
Cult of the Black Grail,grunt,Damian Of the Drowned Chalice
Cult of the Black Grail,grunt,Rainier
Cult of the Black Grail,grunt,Gravetide Pest
Cult of the Black Grail,grunt,Lesion Of the Corpse Communion
Cult of the Black Grail,grunt,Blanche
Cult of the Black Grail,grunt,Fulbert
Cult of the Black Grail,grunt,Wretch Of the Black Orchard
Cult of the Black Grail,grunt,Konrad Of the Blooming Rot
Cult of the Black Grail,grunt,Cecile Of the Festering Host
Cult of the Black Grail,grunt,Helene Of the Blooming Pox
Cult of the Black Grail,grunt,Silvain Of the Black Communion
Cult of the Black Grail,grunt,Aveline Of the Carrion Cup
Cult of the Black Grail,grunt,Josselin Of the Black Harvest
Cult of the Black Grail,grunt,Ulric Ulcer
Cult of the Black Grail,grunt,Spoor Of the Festering Host
Cult of the Black Grail,grunt,Xavier Decay
Cult of the Black Grail,grunt,Fungus Of the Blessed Decay
Cult of the Black Grail,grunt,Perrine
Cult of the Black Grail,grunt,Plague Of the Pestilent Host
Cult of the Black Grail,grunt,Blackbloom
Cult of the Black Grail,grunt,Severin Of the Blessed Maggot
Cult of the Black Grail,grunt,Ashrot Pest
Cult of the Black Grail,grunt,Ignace Grime
Cult of the Black Grail,grunt,Helene Of the Eternal Outbreak
Cult of the Black Grail,grunt,Marceline
Cult of the Black Grail,grunt,Carrion
Cult of the Black Grail,grunt,Beatrice
Cult of the Black Grail,grunt,Gallroot
Cult of the Black Grail,grunt,Blight Of the Plague Orchard
Cult of the Black Grail,grunt,Rosalie Of the Tenth Outbreak
Cult of the Black Grail,grunt,Gallroot Of the Sacred Blight
Cult of the Black Grail,grunt,Tristan Of the Corpse Garden
Cult of the Black Grail,grunt,Genevieve Scab
Cult of the Black Grail,grunt,Ashrot Of the Rot Choir
Cult of the Black Grail,grunt,Helene Smut
Cult of the Black Grail,grunt,Godfrey
Cult of the Black Grail,grunt,Josselin Lesion
Cult of the Black Grail,grunt,Dorian Of the Fly King's Feast
Cult of the Black Grail,grunt,Blackrot Worm
Cult of the Black Grail,elite,Marshal of the Fly Choir
Cult of the Black Grail,elite,Grailwarden of the Sacred Ulcer
Cult of the Black Grail,elite,Keeper of the Thousand Flies
Cult of the Black Grail,elite,The Carrion Kingmaker Edric
Cult of the Black Grail,elite,Keeper of the Last Chalice
Cult of the Black Grail,elite,Prophet of the Blooming Pox
Cult of the Black Grail,elite,The Gall-Blessed Knight Fungus
Cult of the Black Grail,elite,Apostle of the Final Communion
Cult of the Black Grail,elite,Master of the Pestilent Garden
Cult of the Black Grail,elite,Apostle of the Worm Feast
Cult of the Black Grail,elite,Keeper of the Blistered Reliquary
Cult of the Black Grail,elite,Keeper of the Eternal Grail
Cult of the Black Grail,elite,Keeper of the Blistered Reliquary
Cult of the Black Grail,elite,Lord of the Corpse Garden
Cult of the Black Grail,elite,Keeper of the Putrid Cup
Cult of the Black Grail,elite,Lord of the Corpse Garden
Cult of the Black Grail,elite,Apostle of the Sacred Blight
Cult of the Black Grail,elite,The Rot-Crowned Knight Bile
Cult of the Black Grail,elite,Lord of the Corpse Garden
Cult of the Black Grail,elite,Knight of the Eternal Outbreak
Cult of the Black Grail,elite,The Pestilent Marshal Delphine
Cult of the Black Grail,elite,Apostle of the Final Communion
Cult of the Black Grail,elite,Keeper of the Carrion Cup
Cult of the Black Grail,elite,The Mire-Blessed Commander
Cult of the Black Grail,elite,The Carrion Liturgist Miasma
Cult of the Black Grail,elite,Apostle of the Black Communion
Cult of the Black Grail,elite,Guardian of the Rot Cathedral
Cult of the Black Grail,elite,Lord of the Black Harvest
Cult of the Black Grail,elite,Lord of the Corpse Garden Scab
Cult of the Black Grail,elite,Warden of the Blooming Rot
Cult of the Black Grail,elite,Apostle of the Final Communion
Cult of the Black Grail,elite,Grailwarden of the Sacred Ulcer
Cult of the Black Grail,elite,Grail Prophet of Decay
Cult of the Black Grail,elite,Apostle of the Final Communion
Cult of the Black Grail,elite,Herald of the Blessed Rot
Cult of the Black Grail,elite,The Rot-Crowned Knight Estelle
Cult of the Black Grail,elite,The Black Orchard Warden
Cult of the Black Grail,elite,Prophet of the Carrion Gospel
Cult of the Black Grail,elite,Apostle of the Black Communion
Cult of the Black Grail,elite,Grail Knight of the Black Feast
Cult of the Black Grail,elite,Lord of the Black Root Bloom
Cult of the Black Grail,elite,Keeper of the Blistered Reliquary
Cult of the Black Grail,elite,Warden of the Mire Kingdom
Cult of the Black Grail,elite,Grail Prophet of Decay Ashrot
Cult of the Black Grail,elite,Apostle of the Fungal Crown
Cult of the Black Grail,elite,The Fly-Saint's Herald Lambert
Cult of the Black Grail,elite,Keeper of the Last Chalice
Cult of the Black Grail,elite,Lord of the Black Harvest
Cult of the Black Grail,elite,The Fly-Saint's Herald
Cult of the Black Grail,elite,The Carrion Kingmaker Cecile
Cult of the Black Grail,elite,The Rot Cathedral Marshal
Cult of the Black Grail,elite,Warden of the Mire Kingdom
Cult of the Black Grail,elite,The Rot-Crowned Knight Blight
Cult of the Black Grail,elite,Keeper of the Thousand Flies
Cult of the Black Grail,elite,Custodian of the Corpse Orchard
Cult of the Black Grail,elite,Prophet of the Carrion Gospel
Cult of the Black Grail,elite,Keeper of the Putrid Cup
Cult of the Black Grail,elite,The Carrion Liturgist Lisette
Cult of the Black Grail,elite,Guardian of the Rot Cathedral
Cult of the Black Grail,elite,Keeper of the Thousand Flies
Cult of the Black Grail,elite,Prophet of the Blooming Pox
Cult of the Black Grail,elite,Apostle of the Sacred Blight
Cult of the Black Grail,elite,Keeper of the Last Chalice
Cult of the Black Grail,elite,The Carrion Confessor Drip
Cult of the Black Grail,elite,Prophet of the Blooming Pox
Cult of the Black Grail,elite,Master of the Pestilent Garden
Cult of the Black Grail,elite,Guardian of the Rot Cathedral
Cult of the Black Grail,elite,Knight of the Rotten Eucharist
Cult of the Black Grail,elite,Keeper of the Black Vineyard
Cult of the Black Grail,elite,Master of the Pestilent Garden
Cult of the Black Grail,elite,The Mire-Blessed Commander
Cult of the Black Grail,elite,Grail Bearer of the Ninth Contagion
Cult of the Black Grail,elite,The Last Grail Bearer
Cult of the Black Grail,elite,Keeper of the Last Chalice
Cult of the Black Grail,elite,Apostle of the Sacred Blight
Cult of the Black Grail,elite,Custodian of the Corpse Orchard
Cult of the Black Grail,elite,Keeper of the Thousand Flies
Cult of the Black Grail,elite,Grail Knight of the Black Feast
Cult of the Black Grail,elite,Keeper of the Carrion Cup Odo
Cult of the Black Grail,elite,Black Grail Knight Yann
Cult of the Black Grail,elite,The Rot-Crowned Knight Olivier
Cult of the Black Grail,elite,Warden of the Mire Kingdom
Cult of the Black Grail,elite,Knight of the Weeping Chalice
Cult of the Black Grail,elite,Apostle of the Final Communion
Cult of the Black Grail,elite,Herald of the Blessed Rot
Cult of the Black Grail,elite,The Fly-Saint's Herald Rosalie
Cult of the Black Grail,elite,Apostle of the Final Communion
Cult of the Black Grail,elite,Marshal of the Fly Choir
Cult of the Black Grail,elite,Keeper of the Putrid Cup
Cult of the Black Grail,elite,Lord of the Black Harvest
Cult of the Black Grail,elite,Apostle of the Fungal Crown
Cult of the Black Grail,elite,Knight of the Weeping Chalice
Cult of the Black Grail,elite,Knight of the Gall Throne Worm
Cult of the Black Grail,elite,Prophet of the Carrion Gospel
Cult of the Black Grail,elite,Apostle of the Fungal Crown
Cult of the Black Grail,elite,Prophet of the Blooming Pox
Cult of the Black Grail,elite,Marshal of the Fly Choir
Cult of the Black Grail,elite,The Carrion Confessor Theobald
Cult of the Black Grail,elite,Guardian of the Rot Cathedral
Cult of the Black Grail,elite,Keeper of the Putrid Cup
Cult of the Black Grail,leader,Apostle of the Fungal Crown Berengar
Cult of the Black Grail,leader,Grailwarden of the Sacred Ulcer Pascal
Cult of the Black Grail,leader,Grail Knight of the Black Feast Mouldering
Cult of the Black Grail,leader,Guardian of the Rot Cathedral Mire
Cult of the Black Grail,leader,Warden of the Worm Crown Perrine
Cult of the Black Grail,leader,Keeper of the Putrid Cup Victor
Cult of the Black Grail,leader,Warden of the Mire Kingdom Leech
Cult of the Black Grail,leader,Apostle of the Black Communion Chyme
Cult of the Black Grail,leader,Keeper of the Blistered Reliquary Geraldine
Cult of the Black Grail,leader,Custodian of the Corpse Orchard Decay
Cult of the Black Grail,leader,Knight of the Rotten Eucharist Husk
Cult of the Black Grail,leader,Prophet of the Carrion Gospel Rosalie
Cult of the Black Grail,leader,Lord of the Festering Host Rot
Cult of the Black Grail,leader,The Mire-Blessed Commander Isambard
Cult of the Black Grail,leader,The Mire-Blessed Commander Edric
Cult of the Black Grail,leader,Knight of the Rotten Eucharist Filth
Cult of the Black Grail,leader,Knight of the Rotten Eucharist Gall
Cult of the Black Grail,leader,Apostle of the Black Communion Flyswarm
Cult of the Black Grail,leader,Custodian of the Corpse Orchard Josselin
Cult of the Black Grail,leader,Grail Knight of the Black Feast Slough
Cult of the Black Grail,leader,Lord of the Corpse Garden Zacharie
Cult of the Black Grail,leader,Custodian of the Corpse Orchard Damian
Cult of the Black Grail,leader,Lord of the Sacred Fungus Marceline
Cult of the Black Grail,leader,The Fly-Saint's Herald Hadrian
Cult of the Black Grail,leader,Prophet of the Blooming Pox Lesion
Cult of the Black Grail,leader,The Mire-Blessed Commander Ignace
Cult of the Black Grail,leader,Apostle of the Worm Feast Vivienne
Cult of the Black Grail,leader,The Last Grail Bearer Drip
Cult of the Black Grail,leader,Lord of the Black Harvest Lucille
Cult of the Black Grail,leader,Keeper of the Putrid Cup Rainier
Cult of the Black Grail,leader,High Leech of the Grail Alaric
Cult of the Black Grail,leader,The Black Orchard Warden Dominique
Cult of the Black Grail,leader,Custodian of the Corpse Orchard Victor
Cult of the Black Grail,leader,Lord of the Corpse Garden Pauline
Cult of the Black Grail,leader,Apostle of the Worm Feast Ysabel
Cult of the Black Grail,leader,Lord of the Festering Host Felicienne
Cult of the Black Grail,leader,Keeper of the Putrid Cup Wilfred
Cult of the Black Grail,leader,Keeper of the Last Chalice Rot
Cult of the Black Grail,leader,Apostle of the Worm Feast Genevieve
Cult of the Black Grail,leader,Herald of the Blessed Rot Waldemar
Cult of the Black Grail,leader,The Last Grail Bearer Solange
Cult of the Black Grail,leader,Keeper of the Black Vineyard Severin
Cult of the Black Grail,leader,Grail Knight of the Black Feast Lesion
Cult of the Black Grail,leader,Lord of the Sacred Fungus Konrad
Cult of the Black Grail,leader,Lord of the Festering Host Florian
Cult of the Black Grail,leader,The Rot-Crowned Knight Ulric
Cult of the Black Grail,leader,Lord of the Black Harvest Carrion
Cult of the Black Grail,leader,The Rot-Crowned Knight Clarisse
Cult of the Black Grail,leader,Custodian of the Corpse Orchard Isambard
Cult of the Black Grail,leader,Marshal of the Fly Choir Plague
Cult of the Black Grail,leader,Warden of the Blooming Rot Leopold
Cult of the Black Grail,leader,Apostle of the Final Communion Baudoin
Cult of the Black Grail,leader,The Mire-Blessed Commander Rot
Cult of the Black Grail,leader,Grailwarden of the Sacred Ulcer Mold
Cult of the Black Grail,leader,Master of the Pestilent Garden Aveline
Cult of the Black Grail,leader,The Last Grail Bearer Roland
Cult of the Black Grail,leader,Warden of the Worm Crown Filth
Cult of the Black Grail,leader,Knight of the Weeping Chalice Helene
Cult of the Black Grail,leader,Grail Prophet of Decay Rainier
Cult of the Black Grail,leader,The Rot-Crowned Knight Rot
Cult of the Black Grail,leader,Keeper of the Blistered Reliquary Mireille
Cult of the Black Grail,leader,Knight of the Weeping Chalice Scab
Cult of the Black Grail,leader,The Rot-Crowned Knight Ulcer
Cult of the Black Grail,leader,Lord of the Corpse Garden Cassian
Cult of the Black Grail,leader,Keeper of the Thousand Flies Blight
Cult of the Black Grail,leader,Knight of the Gall Throne Gall
Cult of the Black Grail,leader,Apostle of the Final Communion Fester
Cult of the Black Grail,leader,Knight of the Eternal Outbreak Olivier
Cult of the Black Grail,leader,Keeper of the Black Vineyard Pauline
Cult of the Black Grail,leader,Keeper of the Black Vineyard Roland
Cult of the Black Grail,leader,Lord of the Sacred Fungus Filth
Cult of the Black Grail,leader,The Worm-Crowned Marshal Mireille
Cult of the Black Grail,leader,The Pestilent Marshal Gaspard
Cult of the Black Grail,leader,Keeper of the Last Chalice Pest
Cult of the Black Grail,leader,The Carrion Confessor Sabine
Cult of the Black Grail,leader,Warden of the Mire Kingdom Nicodeme
Cult of the Black Grail,leader,Knight of the Gall Throne Severin
Cult of the Black Grail,leader,Lord of the Festering Host Josselin
Cult of the Black Grail,leader,Apostle of the Fungal Crown Alaric
Cult of the Black Grail,leader,The Gall-Blessed Knight Flyswarm
Cult of the Black Grail,leader,The Rot Cathedral Marshal Zacharie
Cult of the Black Grail,leader,Master of Sacred Putrefaction Perrine
Cult of the Black Grail,leader,Warden of the Mire Kingdom Baudoin
Cult of the Black Grail,leader,The Last Grail Bearer Maggot
Cult of the Black Grail,leader,Keeper of the Carrion Cup Silvain
Cult of the Black Grail,leader,Custodian of the Corpse Orchard Fester
Cult of the Black Grail,leader,The Last Grail Bearer Estelle
Cult of the Black Grail,leader,The Last Grail Bearer Wretch
Cult of the Black Grail,leader,Keeper of the Putrid Cup Olivier
Cult of the Black Grail,leader,Guardian of the Rot Cathedral Leech
Cult of the Black Grail,leader,Apostle of the Final Communion Spoor
Cult of the Black Grail,leader,Knight of the Weeping Chalice Sabine
Cult of the Black Grail,leader,Master of Sacred Putrefaction Felicienne
Cult of the Black Grail,leader,The Mire-Blessed Commander Fungus
Cult of the Black Grail,leader,The Pestilent Marshal Filth
Cult of the Black Grail,leader,The Rot-Crowned Knight Maggot
Cult of the Black Grail,leader,Grail Bearer of the Ninth Contagion Estelle
Cult of the Black Grail,leader,Lord of the Black Root Henriette
Cult of the Black Grail,leader,Keeper of the Eternal Grail Zacharie
Cult of the Black Grail,leader,Grail Knight of the Black Feast Pest
Dirge of the Great Hegemon,grunt,Wake Of the Reliquary Throne
Dirge of the Great Hegemon,grunt,Wilfred
Dirge of the Great Hegemon,grunt,Censer Of the Tomb Kingdom
Dirge of the Great Hegemon,grunt,Ashen Of the Silent Requiem
Dirge of the Great Hegemon,grunt,Bernadette Of the Final Muster
Dirge of the Great Hegemon,grunt,Last Of the Shrouded Kingdom
Dirge of the Great Hegemon,grunt,Celestine
Dirge of the Great Hegemon,grunt,Ambrose
Dirge of the Great Hegemon,grunt,Tomb Of the Shrouded Kingdom
Dirge of the Great Hegemon,grunt,Obsequy
Dirge of the Great Hegemon,grunt,Toll Of the Black Pall Host
Dirge of the Great Hegemon,grunt,Helena
Dirge of the Great Hegemon,grunt,Lantern
Dirge of the Great Hegemon,grunt,Floriana
Dirge of the Great Hegemon,grunt,Dirge Of the Ashen Reliquary
Dirge of the Great Hegemon,grunt,Aurelian
Dirge of the Great Hegemon,grunt,Vigilant
Dirge of the Great Hegemon,grunt,Last Of the Forgotten King
Dirge of the Great Hegemon,grunt,Sophia Of the Last Procession
Dirge of the Great Hegemon,grunt,Hadrian Of the Hollow Court
Dirge of the Great Hegemon,grunt,Adelaidea
Dirge of the Great Hegemon,grunt,Hollow
Dirge of the Great Hegemon,grunt,Ulric Of the Forgotten Dynasty
Dirge of the Great Hegemon,grunt,Euphemia Of the Ashen Throne
Dirge of the Great Hegemon,grunt,Marguerite
Dirge of the Great Hegemon,grunt,Silence
Dirge of the Great Hegemon,grunt,Waldemar
Dirge of the Great Hegemon,grunt,Stillness
Dirge of the Great Hegemon,grunt,Mourning
Dirge of the Great Hegemon,grunt,Memory Of the Last Coronation
Dirge of the Great Hegemon,grunt,Echo
Dirge of the Great Hegemon,grunt,Rite Of the Tomb Banner Legion
Dirge of the Great Hegemon,grunt,Psalm
Dirge of the Great Hegemon,grunt,Isolde Of the Weeping Citadel
Dirge of the Great Hegemon,grunt,Magdalena
Dirge of the Great Hegemon,grunt,Aldwyn Of the Final Muster
Dirge of the Great Hegemon,grunt,Requiem Of the Mourning Host
Dirge of the Great Hegemon,grunt,Euphemia Of the Vigilant Dead
Dirge of the Great Hegemon,grunt,Alaric
Dirge of the Great Hegemon,grunt,Stillness Of the Tomb Marches
Dirge of the Great Hegemon,grunt,Matilda Of the Last Vigil
Dirge of the Great Hegemon,grunt,Oath Of the Fallen Abbey Guard
Dirge of the Great Hegemon,grunt,Octavian
Dirge of the Great Hegemon,grunt,Rowena
Dirge of the Great Hegemon,grunt,Cecilia Of the Final Watch
Dirge of the Great Hegemon,grunt,Ulric Of the Last Procession
Dirge of the Great Hegemon,grunt,Sibylla Of the Silent Watch
Dirge of the Great Hegemon,grunt,Matthias Of the Silent Watch
Dirge of the Great Hegemon,grunt,Hollow
Dirge of the Great Hegemon,grunt,Matilda
Dirge of the Great Hegemon,grunt,Everard Of the Ashen Marches
Dirge of the Great Hegemon,grunt,Gerard Of the Silent Watch
Dirge of the Great Hegemon,grunt,Sigismund
Dirge of the Great Hegemon,grunt,Lament Of the Last Vigil
Dirge of the Great Hegemon,grunt,Floriana
Dirge of the Great Hegemon,grunt,Edith
Dirge of the Great Hegemon,grunt,Gertrude
Dirge of the Great Hegemon,grunt,Lantern Of the Ashen Marches
Dirge of the Great Hegemon,grunt,Marcella
Dirge of the Great Hegemon,grunt,Magdalena
Dirge of the Great Hegemon,grunt,Sepulchre
Dirge of the Great Hegemon,grunt,Henriette Of the Last Vigil
Dirge of the Great Hegemon,grunt,Funeral Of the Memorial Host
Dirge of the Great Hegemon,grunt,Juliana Of the Ashen Throne
Dirge of the Great Hegemon,grunt,Psalm Of the Silent Dynasty
Dirge of the Great Hegemon,grunt,Corvin Of the Fallen Citadel
Dirge of the Great Hegemon,grunt,Twilight
Dirge of the Great Hegemon,grunt,Lantern Of the Funeral Crown
Dirge of the Great Hegemon,grunt,Psalm
Dirge of the Great Hegemon,grunt,Florian
Dirge of the Great Hegemon,grunt,Edmund
Dirge of the Great Hegemon,grunt,Lantern
Dirge of the Great Hegemon,grunt,Bell
Dirge of the Great Hegemon,grunt,Rowena
Dirge of the Great Hegemon,grunt,Cedric Of the Black Pall Host
Dirge of the Great Hegemon,grunt,Isolde Of the Ashen Banner
Dirge of the Great Hegemon,grunt,Odo
Dirge of the Great Hegemon,grunt,Last
Dirge of the Great Hegemon,grunt,Rite Of the Broken Crown March
Dirge of the Great Hegemon,grunt,Ash Of the Black Pall Host
Dirge of the Great Hegemon,grunt,Melisande
Dirge of the Great Hegemon,grunt,Osric Of the Memorial Host
Dirge of the Great Hegemon,grunt,Constanza
Dirge of the Great Hegemon,grunt,Adelaide Of the Fallen Citadel
Dirge of the Great Hegemon,grunt,Marius
Dirge of the Great Hegemon,grunt,Eleanor Of the Funeral Banner
Dirge of the Great Hegemon,grunt,Severin
Dirge of the Great Hegemon,grunt,Wilfred Of the Black Pall Host
Dirge of the Great Hegemon,grunt,Wilfred Of the Ashen Dynasty
Dirge of the Great Hegemon,grunt,Odo Of the Ashen Throne
Dirge of the Great Hegemon,grunt,Sophia
Dirge of the Great Hegemon,grunt,Sibylla Of the Last Procession
Dirge of the Great Hegemon,grunt,Cecilia
Dirge of the Great Hegemon,grunt,Godric
Dirge of the Great Hegemon,grunt,Nicodemus
Dirge of the Great Hegemon,grunt,Dirge Of the Bellbound Crown
Dirge of the Great Hegemon,grunt,Sepulchre
Dirge of the Great Hegemon,grunt,Honoria
Dirge of the Great Hegemon,grunt,Dust Of the Tomb Marches
Dirge of the Great Hegemon,grunt,Cassian Of the Funeral Banner
Dirge of the Great Hegemon,elite,Ashen the Ashen
Dirge of the Great Hegemon,elite,Rainier the Last Defender
Dirge of the Great Hegemon,elite,Rosamund the Final Witness
Dirge of the Great Hegemon,elite,Celestine the Throne-Forsaken
Dirge of the Great Hegemon,elite,Genevieve the Vigilant
Dirge of the Great Hegemon,elite,Hector the Hollow King
Dirge of the Great Hegemon,elite,Emeric the Silent
Dirge of the Great Hegemon,elite,Osric the Shrouded
Dirge of the Great Hegemon,elite,Adelaide the Tomb-Bound
Dirge of the Great Hegemon,elite,Constanza the Funeral-Risen
Dirge of the Great Hegemon,elite,Testament the Black Reliquary
Dirge of the Great Hegemon,elite,Marguerite the Remembered
Dirge of the Great Hegemon,elite,Last the Crownless
Dirge of the Great Hegemon,elite,Banner the Vigil Eternal
Dirge of the Great Hegemon,elite,Ash the Legacy-Bound
Dirge of the Great Hegemon,elite,Lucien the Sepulchral
Dirge of the Great Hegemon,elite,Ambrose the Dust-Crowned
Dirge of the Great Hegemon,elite,Ignatius the Unforgotten
Dirge of the Great Hegemon,elite,Cyril the Silent Herald
Dirge of the Great Hegemon,elite,Sabine the Kingdom's Echo
Dirge of the Great Hegemon,elite,Keeper the Dust-Crowned
Dirge of the Great Hegemon,elite,Osric the Silent Herald
Dirge of the Great Hegemon,elite,Watch the Black Reliquary
Dirge of the Great Hegemon,elite,Cassian the Silent
Dirge of the Great Hegemon,elite,Rosamund the Silent Herald
Dirge of the Great Hegemon,elite,Hollow the Tomb-Bound
Dirge of the Great Hegemon,elite,Cecilia
Dirge of the Great Hegemon,elite,Stillness the Requiem-Blessed
Dirge of the Great Hegemon,elite,Everard the Memorial
Dirge of the Great Hegemon,elite,Floriana the Final Witness
Dirge of the Great Hegemon,elite,Elspeth the Weeping Knight
Dirge of the Great Hegemon,elite,Theodoric the Watchful
Dirge of the Great Hegemon,elite,Stillness the Last Standard
Dirge of the Great Hegemon,elite,Valeria the Requiem Walker
Dirge of the Great Hegemon,elite,Vesper the Sepulchral
Dirge of the Great Hegemon,elite,Censer the Black Reliquary
Dirge of the Great Hegemon,elite,Eleanor the Last
Dirge of the Great Hegemon,elite,Godric the Remembered
Dirge of the Great Hegemon,elite,Ulric the Dirge-Marked
Dirge of the Great Hegemon,elite,Silence the Bellbound
Dirge of the Great Hegemon,elite,Twilight the Remembered
Dirge of the Great Hegemon,elite,Nicolette the Last Standard
Dirge of the Great Hegemon,elite,Gerard the Last Standard
Dirge of the Great Hegemon,elite,Censer the Ashen
Dirge of the Great Hegemon,elite,Matthias the Candlelit
Dirge of the Great Hegemon,elite,Adelaidea the Dust Remembered
Dirge of the Great Hegemon,elite,Severin the Bell of Mourning
Dirge of the Great Hegemon,elite,Watch the Bell of Mourning
Dirge of the Great Hegemon,elite,Judith the Dust-Crowned
Dirge of the Great Hegemon,elite,Dirge the Funeral-Marked
Dirge of the Great Hegemon,elite,Hadrian the Bell of Mourning
Dirge of the Great Hegemon,elite,Constanza the Last
Dirge of the Great Hegemon,elite,Vivienne the Silent Herald
Dirge of the Great Hegemon,elite,Wilfred the Black Reliquary
Dirge of the Great Hegemon,elite,Petronilla the Ash-Wreathed
Dirge of the Great Hegemon,elite,Gisela the Final Witness
Dirge of the Great Hegemon,elite,Knell the Final Witness
Dirge of the Great Hegemon,elite,Marguerite the Watchful
Dirge of the Great Hegemon,elite,Valeria the Dust Remembered
Dirge of the Great Hegemon,elite,Valeria the Mourning
Dirge of the Great Hegemon,elite,Percival the Candle-Bearing
Dirge of the Great Hegemon,elite,Nicolette the Last Standard
Dirge of the Great Hegemon,elite,Reliquary-Born the Shrouded
Dirge of the Great Hegemon,elite,Ash the Bellbound
Dirge of the Great Hegemon,elite,Nicodemus the Dirge-Born
Dirge of the Great Hegemon,elite,Ewald the Memorial
Dirge of the Great Hegemon,elite,Marius the Vigil Eternal
Dirge of the Great Hegemon,elite,Keeper the Kingdom's Echo
Dirge of the Great Hegemon,elite,Wreath the Crownless
Dirge of the Great Hegemon,elite,Hollow the Oath-Kept
Dirge of the Great Hegemon,elite,Sibylla the Shrouded
Dirge of the Great Hegemon,elite,Estelle the Sepulchral
Dirge of the Great Hegemon,elite,Alaric the Last Defender
Dirge of the Great Hegemon,elite,Ashen the Ash-Wreathed
Dirge of the Great Hegemon,elite,Isolde the Crownless
Dirge of the Great Hegemon,elite,Matthias the Dirge-Marked
Dirge of the Great Hegemon,elite,Banner the Silent Herald
Dirge of the Great Hegemon,elite,Baldwin the Candlelit
Dirge of the Great Hegemon,elite,Ambrose the Kingdom's Echo
Dirge of the Great Hegemon,elite,Sabine the Last Standard
Dirge of the Great Hegemon,elite,Honor the Tomb-Walker
Dirge of the Great Hegemon,elite,Silence the Bellbound
Dirge of the Great Hegemon,elite,Grave the Last Standard
Dirge of the Great Hegemon,elite,Adelaidea the Funeral Saint
Dirge of the Great Hegemon,elite,Leopold the Tomb-Bound
Dirge of the Great Hegemon,elite,Ewald the Last Defender
Dirge of the Great Hegemon,elite,Censer the Vigil Eternal
Dirge of the Great Hegemon,elite,Petronilla the Silent Herald
Dirge of the Great Hegemon,elite,Waldemar the Requiem-Blessed
Dirge of the Great Hegemon,elite,Leopold the Throne-Forsaken
Dirge of the Great Hegemon,elite,Cyril the Last
Dirge of the Great Hegemon,elite,Emeric the Bellbound
Dirge of the Great Hegemon,elite,Rainier the Memorial-Keeper
Dirge of the Great Hegemon,elite,Dorothea the Hollow King
Dirge of the Great Hegemon,elite,Clarisse
Dirge of the Great Hegemon,elite,Obsequy the Kingdom's Echo
Dirge of the Great Hegemon,elite,Ferdinand the Unforgotten
Dirge of the Great Hegemon,elite,Vigilant the Tomb-Walker
Dirge of the Great Hegemon,elite,Sepulchre the Kingdom's Echo
Dirge of the Great Hegemon,elite,Bell the Kingdom's Echo
Dirge of the Great Hegemon,leader,Keeper of the Ashen Choir
Dirge of the Great Hegemon,leader,Commander of the Memorial Court
Dirge of the Great Hegemon,leader,Commander of the Last Procession
Dirge of the Great Hegemon,leader,Keeper of the Black Reliquary
Dirge of the Great Hegemon,leader,Warden of the Ashen Dynasty
Dirge of the Great Hegemon,leader,The Mourning Kingmaker Alaric
Dirge of the Great Hegemon,leader,The Bell Marshal Eternal
Dirge of the Great Hegemon,leader,Keeper of the Silent Cathedral Guard
Dirge of the Great Hegemon,leader,Keeper of the Forgotten Dynasty
Dirge of the Great Hegemon,leader,Warden of the Final Requiem
Dirge of the Great Hegemon,leader,Warden of the Last Banner
Dirge of the Great Hegemon,leader,Warden of the Silent Watch
Dirge of the Great Hegemon,leader,Commander of the Reliquary Throne
Dirge of the Great Hegemon,leader,Lord of the Bellbound Realm
Dirge of the Great Hegemon,leader,Master of the Funeral Road
Dirge of the Great Hegemon,leader,The Requiem Commander Roland
Dirge of the Great Hegemon,leader,Warden of the Final Watch
Dirge of the Great Hegemon,leader,Lord of the Ashen Memorial
Dirge of the Great Hegemon,leader,Commander of the Memorial Court
Dirge of the Great Hegemon,leader,Lord of Sacred Mourning
Dirge of the Great Hegemon,leader,Warden of the Final Watch
Dirge of the Great Hegemon,leader,Keeper of the White Candle Legion
Dirge of the Great Hegemon,leader,Lord of the Ashen Memorial
Dirge of the Great Hegemon,leader,Warden of the Ashen Dynasty
Dirge of the Great Hegemon,leader,Lord of the Ashen Memorial
Dirge of the Great Hegemon,leader,Lord of the Dirge Court
Dirge of the Great Hegemon,leader,The Memorial General Aldwyn
Dirge of the Great Hegemon,leader,Lord of the Bellbound Realm
Dirge of the Great Hegemon,leader,Lord of the Dirge Court Rite
Dirge of the Great Hegemon,leader,Lord of Sacred Mourning
Dirge of the Great Hegemon,leader,Keeper of the Last Vigil
Dirge of the Great Hegemon,leader,Keeper of the Black Reliquary
Dirge of the Great Hegemon,leader,Lord of the Ashen Memorial
Dirge of the Great Hegemon,leader,Keeper of the Black Reliquary
Dirge of the Great Hegemon,leader,The Requiem Commander Sibylla
Dirge of the Great Hegemon,leader,Warden of the Final Watch
Dirge of the Great Hegemon,leader,Lord of the Ashen Throne
Dirge of the Great Hegemon,leader,Warden of the Final Requiem
Dirge of the Great Hegemon,leader,The Bell-Crowned Marshal
Dirge of the Great Hegemon,leader,The Dirge Herald Matilda
Dirge of the Great Hegemon,leader,Keeper of the Last Vigil
Dirge of the Great Hegemon,leader,Keeper of Eternal Remembrance
Dirge of the Great Hegemon,leader,Keeper of the Forgotten Dynasty
Dirge of the Great Hegemon,leader,Commander of the Last Procession
Dirge of the Great Hegemon,leader,Keeper of Eternal Remembrance
Dirge of the Great Hegemon,leader,Warden of the Ashen Dynasty
Dirge of the Great Hegemon,leader,Commander of the Memorial Court
Dirge of the Great Hegemon,leader,The Bell Marshal Eternal Cyril
Dirge of the Great Hegemon,leader,Warden of the Final Requiem
Dirge of the Great Hegemon,leader,Keeper of the Last Vigil
Dirge of the Great Hegemon,leader,The Ashen Banner Marshal Hymn
Dirge of the Great Hegemon,leader,Keeper of Eternal Remembrance
Dirge of the Great Hegemon,leader,Keeper of the Forgotten Dynasty
Dirge of the Great Hegemon,leader,The Requiem Strategos Banner
Dirge of the Great Hegemon,leader,Keeper of Eternal Remembrance
Dirge of the Great Hegemon,leader,Commander of the Reliquary Throne
Dirge of the Great Hegemon,leader,Lord of the Bellbound Realm
Dirge of the Great Hegemon,leader,Keeper of the Ashen Choir
Dirge of the Great Hegemon,leader,Warden of the Funeral Crown
Dirge of the Great Hegemon,leader,Warden of the Final Watch
Dirge of the Great Hegemon,leader,High Marshal of the Final Requiem
Dirge of the Great Hegemon,leader,Lord of Sacred Mourning Ysabel
Dirge of the Great Hegemon,leader,Commander of the Funeral Host
Dirge of the Great Hegemon,leader,The Dirge Herald Genevieve
Dirge of the Great Hegemon,leader,The Final Standard Bearer
Dirge of the Great Hegemon,leader,The Memorial General Tomb
Dirge of the Great Hegemon,leader,Commander of the Memorial Court
Dirge of the Great Hegemon,leader,Keeper of the Crown of Dust
Dirge of the Great Hegemon,leader,Lord of the Final Muster
Dirge of the Great Hegemon,leader,Keeper of the Last Testament
Dirge of the Great Hegemon,leader,The Dirge Herald Baldwin
Dirge of the Great Hegemon,leader,Keeper of the Silent Cathedral Guard
Dirge of the Great Hegemon,leader,Commander of the Last Procession
Dirge of the Great Hegemon,leader,Commander of the Funeral Host
Dirge of the Great Hegemon,leader,Keeper of the White Candle Legion
Dirge of the Great Hegemon,leader,Lord of the Ashen Memorial
Dirge of the Great Hegemon,leader,Lord of the Tomb Marches
Dirge of the Great Hegemon,leader,The Final Standard Bearer
Dirge of the Great Hegemon,leader,Warden of the Ashen Dynasty
Dirge of the Great Hegemon,leader,Keeper of the Silent Cathedral Guard
Dirge of the Great Hegemon,leader,Warden of the Ashen Dynasty
Dirge of the Great Hegemon,leader,Warden of the Ashen Dynasty
Dirge of the Great Hegemon,leader,Lord of the Ashen Memorial
Dirge of the Great Hegemon,leader,The Bell Marshal Eternal
Dirge of the Great Hegemon,leader,Keeper of the Silent Cathedral Guard
Dirge of the Great Hegemon,leader,Warden of the Ashen Dynasty
Dirge of the Great Hegemon,leader,The Last Vigil Keeper Isidore
Dirge of the Great Hegemon,leader,Master of the Funeral Road
Dirge of the Great Hegemon,leader,Warden of the Seventh Funeral Legion
Dirge of the Great Hegemon,leader,Keeper of the Crown of Dust
Dirge of the Great Hegemon,leader,Keeper of the Forgotten Dynasty
Dirge of the Great Hegemon,leader,High Marshal of the Final Requiem
Dirge of the Great Hegemon,leader,The Mourning Kingmaker Cassian
Dirge of the Great Hegemon,leader,Commander of the Last Procession
Dirge of the Great Hegemon,leader,Lord of the Dirge Court Magnus
Dirge of the Great Hegemon,leader,Warden of the Silent Watch
Dirge of the Great Hegemon,leader,Keeper of the Silent Cathedral Guard
Dirge of the Great Hegemon,leader,Keeper of the Last Testament
Dirge of the Great Hegemon,leader,Commander of the Dirge Host
Dirge of the Great Hegemon,leader,Keeper of the Forgotten Dynasty
Éire Rangers,grunt,Brían Mac Ó Flannagáin
Éire Rangers,grunt,Rain Mac Ó Faoláin
Éire Rangers,grunt,Lough Mac Ó hEochaidh
Éire Rangers,grunt,Tiernan Mac Ó Conaill
Éire Rangers,grunt,Quarry Mac Ó hAinmhire
Éire Rangers,grunt,Clove Mac Ó Raghallaigh
Éire Rangers,grunt,Murtagh Mac Rónáin
Éire Rangers,grunt,Sinéad Mac Eoin
Éire Rangers,grunt,Emer Mac Toráin
Éire Rangers,grunt,Wren Mac Ciaráin
Éire Rangers,grunt,Fox Mac Domhnaill
Éire Rangers,grunt,Keiran Mac Tighearnáin
Éire Rangers,grunt,Clove Mac Pádraig
Éire Rangers,grunt,Padraig Mac Dhuibhne
Éire Rangers,grunt,Shade Mac Ó Riain
Éire Rangers,grunt,Ronan Mac Domhnaill
Éire Rangers,grunt,Eimear Mac Ó Murchú
Éire Rangers,grunt,Roisin Mac Ó Conchobhair
Éire Rangers,grunt,Neasa Mac Ó Riain
Éire Rangers,grunt,Ashling Mac Ó Meadhra
Éire Rangers,grunt,Sorcha Mac Ó hAnnracháin
Éire Rangers,grunt,Breena Mac Pádraig
Éire Rangers,grunt,Aodh Mac Cillín
Éire Rangers,grunt,Fiadh Mac Cormaic
Éire Rangers,grunt,Croía Mac Ó Labhraidh
Éire Rangers,grunt,Fionn Mac Ruairí
Éire Rangers,grunt,Medb Mac Caoirigh
Éire Rangers,grunt,Liadan Mac Ó Caiside
Éire Rangers,grunt,Hart Mac Ó hEalaighthe
Éire Rangers,grunt,Killian Mac Ó Broin
Éire Rangers,grunt,Aoibheann Mac Ó Murchú
Éire Rangers,grunt,Catriona Mac Bréanainn
Éire Rangers,grunt,Tara Mac Eamoinn
Éire Rangers,grunt,Bracken Mac Ó Duibhir
Éire Rangers,grunt,Medb Mac Tairdelbaigh
Éire Rangers,grunt,Eimear Mac Ó Sé
Éire Rangers,grunt,Sedge Mac Ó hAnnracháin
Éire Rangers,grunt,Fionn Mac Ó Cinnéide
Éire Rangers,grunt,Sedge Mac Ó hArgáin
Éire Rangers,grunt,Dusk Mac Aonghasa
Éire Rangers,grunt,Aoibheann Mac Ó Meadhra
Éire Rangers,grunt,Niall Mac Aodha
Éire Rangers,grunt,Lorcán Mac Cuinn
Éire Rangers,grunt,Deirdre Mac Feidhlim
Éire Rangers,grunt,Rowan Mac Ó Flaitheamh
Éire Rangers,grunt,Brendan Mac Ó hEidhin
Éire Rangers,grunt,Mistal Mac Ó Domhnaill
Éire Rangers,grunt,Ridge Mac Ó Dálaigh
Éire Rangers,grunt,Lough Mac Aodha
Éire Rangers,grunt,Donal Mac Tadhg
Éire Rangers,grunt,Sinéad Mac Ó Mhaoileoin
Éire Rangers,grunt,Rowaney Mac Ó Faoláin
Éire Rangers,grunt,Clodagh Mac Ó Fearghusa
Éire Rangers,grunt,Breena Mac Séamais
Éire Rangers,grunt,Dawn Mac Ó Faoláin
Éire Rangers,grunt,Fionn Mac Caoirigh
Éire Rangers,grunt,Sadhbh Mac Tairdelbaigh
Éire Rangers,grunt,Drift Mac Eamoinn
Éire Rangers,grunt,Ronan Mac Eoin
Éire Rangers,grunt,Ciarán Mac Ó Flannagáin
Éire Rangers,grunt,Dawn Mac Ó hAonghusa
Éire Rangers,grunt,Lark Mac Diarmada
Éire Rangers,grunt,Enda Mac Feidhlim
Éire Rangers,grunt,Tara Mac Ruairí
Éire Rangers,grunt,Kieran Mac Ó hAonghusa
Éire Rangers,grunt,Quarry Mac Ó hAonghusa
Éire Rangers,grunt,Bracken Mac Ó Dálaigh
Éire Rangers,grunt,Ailbhe Mac Aonghasa
Éire Rangers,grunt,Oisín Mac Cuinn
Éire Rangers,grunt,Glennair Mac Ó hAonghusa
Éire Rangers,grunt,Sinéad Mac Ciaráin
Éire Rangers,grunt,Oisín Mac Seáin
Éire Rangers,grunt,Tarn Mac Ó Duibhir
Éire Rangers,grunt,Emer Mac Colm
Éire Rangers,grunt,Caoimhe Mac Eoin
Éire Rangers,grunt,Cormac Mac Pádraig
Éire Rangers,grunt,Glen Mac Tadhg
Éire Rangers,grunt,Keiran Mac Fearghail
Éire Rangers,grunt,Moor Mac Dhuibhne
Éire Rangers,grunt,Clodagh Mac Eoghain
Éire Rangers,grunt,Eithne Mac Ailill
Éire Rangers,grunt,Séanán Mac Ó hAodha
Éire Rangers,grunt,Clove Mac Feidhlim
Éire Rangers,grunt,Hollow Mac Ó Briain
Éire Rangers,grunt,Fergus Mac Néill
Éire Rangers,grunt,Hart Mac Ó hEidhin
Éire Rangers,grunt,Kenna Mac Séamais
Éire Rangers,grunt,Willow Mac Ó Néill
Éire Rangers,grunt,Faolan Mac Rua
Éire Rangers,grunt,Deirdre Mac Ó hArgáin
Éire Rangers,grunt,Mairéad Mac Cuinn
Éire Rangers,grunt,Kieran Mac Liam
Éire Rangers,grunt,Eoin Mac Déaglán
Éire Rangers,grunt,Seán Mac Ó Dúill
Éire Rangers,grunt,Hollow Mac Ó Beirn
Éire Rangers,grunt,Sedge Mac Ó Dúgáin
Éire Rangers,grunt,Sedge Mac Naoi
Éire Rangers,grunt,Eimear Mac Ó Ceallaigh
Éire Rangers,grunt,Sorcha Mac Ultain
Éire Rangers,grunt,Declan Mac Ó Riordáin
Éire Rangers,elite,Ruairí the Dusk Stalker
Éire Rangers,elite,Catriona the Hollow Voice
Éire Rangers,elite,Seán the Mist Born
Éire Rangers,elite,Rowan the Last Ranger
Éire Rangers,elite,Brigid the Roadless
Éire Rangers,elite,Moss the Ash Stained
Éire Rangers,elite,Dubhessa the Silent Hunter
Éire Rangers,elite,Wolf the Mist-Walker
Éire Rangers,elite,Brook the Lost Parish
Éire Rangers,elite,Enda the Hill Ghost
Éire Rangers,elite,Sinéad the Fog Eater
Éire Rangers,elite,Brogan the Wild Oath
Éire Rangers,elite,Donal the Mist-Walker
Éire Rangers,elite,Sable the Ashen Step
Éire Rangers,elite,Niall the Mist-Walker
Éire Rangers,elite,Skye the Silent Moor
Éire Rangers,elite,Briar the Fen Shadow
Éire Rangers,elite,Naoise the Fenlight
Éire Rangers,elite,Eoghan the Hill Shadow
Éire Rangers,elite,Liam the Ash Stained
Éire Rangers,elite,Niall the Hill Ghost
Éire Rangers,elite,Hart the Roadless
Éire Rangers,elite,Rowan the Storm of Bracken
Éire Rangers,elite,Sorcha the Hollow Stag
Éire Rangers,elite,Séamus the Thorned Path
Éire Rangers,elite,Alannah the Pale Thorn
Éire Rangers,elite,Declan the Green Wound
Éire Rangers,elite,Moor the Wild Psalm
Éire Rangers,elite,Tara the Wolf of Éire
Éire Rangers,elite,Roisin the Bracken Crowned
Éire Rangers,elite,Sadhbh the Dusk Born
Éire Rangers,elite,Sedge the Wolf of Éire
Éire Rangers,elite,Fiadh the Cairn Whisperer
Éire Rangers,elite,Mist the Pale Thorn
Éire Rangers,elite,Flint the Bracken Crowned
Éire Rangers,elite,Grainne the Thorned Path
Éire Rangers,elite,Diarmuid the Silent Hunter
Éire Rangers,elite,Seán the Pale Tracker
Éire Rangers,elite,Eimear the Fenlight
Éire Rangers,elite,Art the Wild Psalm
Éire Rangers,elite,Reed the Wild Psalm
Éire Rangers,elite,Clove the Mist Born
Éire Rangers,elite,Wolf the Thorned Path
Éire Rangers,elite,Dermot the Ashen Step
Éire Rangers,elite,Breena the Bog-Born
Éire Rangers,elite,Aisling the Pale Tracker
Éire Rangers,elite,Wolf the Pale Thorn
Éire Rangers,elite,Moss the Ash Wanderer
Éire Rangers,elite,Colm the Ash Crowned
Éire Rangers,elite,Sorcha the Ashen Step
Éire Rangers,elite,Snow the Mist Keeper
Éire Rangers,elite,Séamus the Dusk Born
Éire Rangers,elite,Medb the Hollow-Eyed
Éire Rangers,elite,Aine the Moss-Touched
Éire Rangers,elite,Siobhán the Bog-Born
Éire Rangers,elite,Padraig the Broken Wild
Éire Rangers,elite,Leaf the Broken Wild
Éire Rangers,elite,Tarn the Bone Road
Éire Rangers,elite,Fox the Last Ranger
Éire Rangers,elite,Lough the Fog Eater
Éire Rangers,elite,Killian the Wild Psalm
Éire Rangers,elite,Feargal the Lost Parish
Éire Rangers,elite,Clove the Fen Drinker
Éire Rangers,elite,Dawn the Pale Thorn
Éire Rangers,elite,Catriona the Moss-Touched
Éire Rangers,elite,Birch the Fenlight
Éire Rangers,elite,Fiadh the Stone-Bound
Éire Rangers,elite,Deirdre the Green Wound
Éire Rangers,elite,Conn the Hill Shadow
Éire Rangers,elite,Ultan the Dusk Born
Éire Rangers,elite,Muireann the Fen-Saint
Éire Rangers,elite,Laoise the Hollow Voice
Éire Rangers,elite,Catriona the Wolf Marked
Éire Rangers,elite,Colm the Green Wound
Éire Rangers,elite,Padraigin the Fenlight
Éire Rangers,elite,Niamh the Fen Drinker
Éire Rangers,elite,Eimear the Dusk Born
Éire Rangers,elite,Brigid the Dusk Stalker
Éire Rangers,elite,Nessa the Ash Stained
Éire Rangers,elite,Fidelma the Mist Born
Éire Rangers,elite,Rowan the Mist-Walker
Éire Rangers,elite,Aodh the Hollow-Eyed
Éire Rangers,elite,Glen the Bracken Crowned
Éire Rangers,elite,Rowaney the Hollow-Eyed
Éire Rangers,elite,Muireann the Wolf Marked
Éire Rangers,elite,Dermot the Thorned Path
Éire Rangers,elite,Birch the Green-Blooded
Éire Rangers,elite,Kenna the Last Ranger
Éire Rangers,elite,Brogan the Broken Green
Éire Rangers,elite,Colm the Reed Walker
Éire Rangers,elite,Kieran the Fen Walker
Éire Rangers,elite,Shade the Dusk Stalker
Éire Rangers,elite,Storm the Fen-Saint
Éire Rangers,elite,Bracken the Ash Crowned
Éire Rangers,elite,Snow the Pale Tracker
Éire Rangers,elite,Raven the Ash Stained
Éire Rangers,elite,Reed the Broken Cairn
Éire Rangers,elite,Dubhessa the Green Wound
Éire Rangers,elite,Padraigin the Pale Thorn
Éire Rangers,elite,Mairéad the Reed Walker
Éire Rangers,leader,Keeper of the Fog March Art
Éire Rangers,leader,The Cairn Keeper Fidelma
Éire Rangers,leader,Keeper of the Fog March Shade
Éire Rangers,leader,The Fen Prophet Aisling
Éire Rangers,leader,Warden of the Western Moors
Éire Rangers,leader,The Black Bog Marshal Aine
Éire Rangers,leader,The Stone Psalmist Ailill
Éire Rangers,leader,The Wandering Confessor
Éire Rangers,leader,High Ranger of the Old Roads
Éire Rangers,leader,The Silent Arrow of Éire Storm
Éire Rangers,leader,The Thorned Protector Tadhg
Éire Rangers,leader,The Hillbreaker Brigid
Éire Rangers,leader,Marshal of the Fen Host Orla
Éire Rangers,leader,The Ash-Walker of Éire Leaf
Éire Rangers,leader,The Broken Spear of Tara Ridge
Éire Rangers,leader,The Broken Spear of Tara
Éire Rangers,leader,The Broken Spear of Tara Enda
Éire Rangers,leader,The Marsh Saint Reed
Éire Rangers,leader,The Ashen Wayfarer Dun
Éire Rangers,leader,The Hillbreaker Ash
Éire Rangers,leader,The Grey Confessor of the Wilds
Éire Rangers,leader,Voice of the Old Stones Dawn
Éire Rangers,leader,The Fenlight Commander Dun
Éire Rangers,leader,The Dusk Warden Shade
Éire Rangers,leader,The Broken Spear of Tara
Éire Rangers,leader,The Bog-Saint of Éire Flint
Éire Rangers,leader,The Stone Psalmist Brigid
Éire Rangers,leader,The Hollow Bell of the Parish Wilds
Éire Rangers,leader,The Riverwatch Saint Ailill
Éire Rangers,leader,The Hillbreaker Clodagh
Éire Rangers,leader,The Black Bog Marshal Conn
Éire Rangers,leader,The Stag of the Wild March Fox
Éire Rangers,leader,The Dusk Warden Cloud
Éire Rangers,leader,Lord of the Broken Green
Éire Rangers,leader,The Iron Gaelic Niall
Éire Rangers,leader,The Hollow Bell of the Parish Wilds
Éire Rangers,leader,The Pale Keeper of Roads
Éire Rangers,leader,The Pale Keeper of Roads
Éire Rangers,leader,The Shadow of Bracken Hart
Éire Rangers,leader,The Silent Stalker of Éire
Éire Rangers,leader,The Warden of Lost Clans Vale
Éire Rangers,leader,The Moorland Judge Tarn
Éire Rangers,leader,The Dusk Warden Eoin
Éire Rangers,leader,The Last Parish Ranger
Éire Rangers,leader,The Hollow Bell of the Parish Wilds
Éire Rangers,leader,The Fenlight Commander Declan
Éire Rangers,leader,The Thorned Voice Naoise
Éire Rangers,leader,The Broken Antler Vale
Éire Rangers,leader,Warden of the Western Moors
Éire Rangers,leader,Keeper of the Ashen Cairn
Éire Rangers,leader,The Hollow Bell of the Parish Wilds
Éire Rangers,leader,The Iron Ranger of Connacht
Éire Rangers,leader,The Wild Abbot of the Borderlands
Éire Rangers,leader,The Green Liturgist Wren
Éire Rangers,leader,The Pale Keeper of Roads
Éire Rangers,leader,The Stone Psalmist Siofra
Éire Rangers,leader,The Green Liturgist Vale
Éire Rangers,leader,The Pale Huntsman Roisin
Éire Rangers,leader,The Black Bog Marshal Sedge
Éire Rangers,leader,The Shadow of Bracken Snow
Éire Rangers,leader,The Shadow of Bracken Tarn
Éire Rangers,leader,The Ash-Walker of Éire Fen
Éire Rangers,leader,Voice of the Old Stones Rory
Éire Rangers,leader,The Ash-Walker of Éire
Éire Rangers,leader,The Fen Prophet Medb
Éire Rangers,leader,The Bog-Saint of Éire Declan
Éire Rangers,leader,The Marsh Saint Mairéad
Éire Rangers,leader,The Grey Confessor of the Wilds
Éire Rangers,leader,The Marsh Saint Saoirse
Éire Rangers,leader,The Hollow Bell of the Parish Wilds
Éire Rangers,leader,The Stone Psalmist Donal
Éire Rangers,leader,The Cairn Keeper Mistal
Éire Rangers,leader,The Dusk Warden Caitlín
Éire Rangers,leader,The Cairn Keeper Brendan
Éire Rangers,leader,The Warden of Lost Clans Riona
Éire Rangers,leader,The Hill-Sworn Captain Brían
Éire Rangers,leader,The Thorned Protector Fiadh
Éire Rangers,leader,Keeper of the Ashen Cairn
Éire Rangers,leader,High Ranger of the Old Roads
Éire Rangers,leader,Lord of the Broken Green
Éire Rangers,leader,The Bog-Saint of Éire Tarn
Éire Rangers,leader,The Riverwatch Saint Storm
Éire Rangers,leader,The Thorn Crowned Ranger
Éire Rangers,leader,High Ranger of the Old Roads
Éire Rangers,leader,The Green Liturgist Ailbhe
Éire Rangers,leader,The Pale Huntsman Eoin
Éire Rangers,leader,The Pale Keeper of Roads Enda
Éire Rangers,leader,The Stag of the Wild March
Éire Rangers,leader,The Iron Ranger of Connacht
Éire Rangers,leader,The Ashen Wayfarer Leaf
Éire Rangers,leader,Sentinel of the Hollow Hills
Éire Rangers,leader,The Broken Antler Keiran
Éire Rangers,leader,The Moorland Judge Colm
Éire Rangers,leader,The Pale Huntsman Fergus
Éire Rangers,leader,The Thorn Crowned Ranger
Éire Rangers,leader,The Broken Antler Croía
Éire Rangers,leader,The Bogborn Inquisitor Sinéad
Éire Rangers,leader,The Riverwatch Saint Eilis
Éire Rangers,leader,The Pale Keeper of Roads Fionn
Éire Rangers,leader,The Marsh Saint Shade
Fidā'ī of Alamut,grunt,Knife
Fidā'ī of Alamut,grunt,Amir Of the First Veil
Fidā'ī of Alamut,grunt,Hamza
Fidā'ī of Alamut,grunt,Thread
Fidā'ī of Alamut,grunt,Aziza Of the Erased Knife Path
Fidā'ī of Alamut,grunt,Seal Of the Veil of Alamut
Fidā'ī of Alamut,grunt,Inaya
Fidā'ī of Alamut,grunt,Yusuf
Fidā'ī of Alamut,grunt,Firuz Of the Dagger Covenant
Fidā'ī of Alamut,grunt,Echo Of the Ninth Veil Cell
Fidā'ī of Alamut,grunt,Aziza Of the Seventh Silence
Fidā'ī of Alamut,grunt,Thana Of the Silent Archive
Fidā'ī of Alamut,grunt,Yusuf Of the Black Cipher
Fidā'ī of Alamut,grunt,Whisper Of the Ninth Veil Cell
Fidā'ī of Alamut,grunt,Jalal
Fidā'ī of Alamut,grunt,Parviz Of the Shadowed Creed
Fidā'ī of Alamut,grunt,Yara
Fidā'ī of Alamut,grunt,Cipher
Fidā'ī of Alamut,grunt,Hanan Of the Hidden Blade Cell
Fidā'ī of Alamut,grunt,Jamil Of the Hidden Blade Cell
Fidā'ī of Alamut,grunt,Jalal
Fidā'ī of Alamut,grunt,Flicker
Fidā'ī of Alamut,grunt,Cut Of the Hollow Step
Fidā'ī of Alamut,grunt,Soraya
Fidā'ī of Alamut,grunt,Inaya Of the Erasure Covenant
Fidā'ī of Alamut,grunt,Jamil Of the Whisper Chain
Fidā'ī of Alamut,grunt,Daniyal
Fidā'ī of Alamut,grunt,Stone Of the Black Veil Order
Fidā'ī of Alamut,grunt,Firuz
Fidā'ī of Alamut,grunt,Rashid
Fidā'ī of Alamut,grunt,Latif Of the Silent Scripture
Fidā'ī of Alamut,grunt,Zahir
Fidā'ī of Alamut,grunt,Trace Of the Broken Cipher
Fidā'ī of Alamut,grunt,Kamal
Fidā'ī of Alamut,grunt,Blade
Fidā'ī of Alamut,grunt,Amir Of the Ciphered Oath
Fidā'ī of Alamut,grunt,Nawal Of the Silent Scripture
Fidā'ī of Alamut,grunt,Salma
Fidā'ī of Alamut,grunt,Akbar
Fidā'ī of Alamut,grunt,Zoya Of the Silent Hand
Fidā'ī of Alamut,grunt,Whisper
Fidā'ī of Alamut,grunt,Harith
Fidā'ī of Alamut,grunt,Seal
Fidā'ī of Alamut,grunt,Basim
Fidā'ī of Alamut,grunt,Hasan Of the Erased Oath Order
Fidā'ī of Alamut,grunt,Inaya Of the Ghost Contract
Fidā'ī of Alamut,grunt,Firuz
Fidā'ī of Alamut,grunt,Ali Of the Shadowed Creed
Fidā'ī of Alamut,grunt,Signal Of the Daggerborn Order
Fidā'ī of Alamut,grunt,Omaran Of the Broken Cipher
Fidā'ī of Alamut,grunt,Ali
Fidā'ī of Alamut,grunt,Zoya Of the Black Cipher
Fidā'ī of Alamut,grunt,Void Of the Mountain Veil
Fidā'ī of Alamut,grunt,Huda Of the Null Name Order
Fidā'ī of Alamut,grunt,Karim
Fidā'ī of Alamut,grunt,Iman Of the Silent Blade Line
Fidā'ī of Alamut,grunt,Tahira Of the Dagger Doctrine
Fidā'ī of Alamut,grunt,Samira Of the Veiled Covenant
Fidā'ī of Alamut,grunt,Stone Of the First Veil
Fidā'ī of Alamut,grunt,Knot
Fidā'ī of Alamut,grunt,Varda Of the Hidden Blade
Fidā'ī of Alamut,grunt,Ghazi Of the Veiled Covenant
Fidā'ī of Alamut,grunt,Ranya
Fidā'ī of Alamut,grunt,Wafa
Fidā'ī of Alamut,grunt,Daniyal
Fidā'ī of Alamut,grunt,Zahra Of the Silent Knife
Fidā'ī of Alamut,grunt,Drift
Fidā'ī of Alamut,grunt,Grain Of the Erased Name
Fidā'ī of Alamut,grunt,Veil Of the Hidden Blade Cycle
Fidā'ī of Alamut,grunt,Script
Fidā'ī of Alamut,grunt,Ilyas
Fidā'ī of Alamut,grunt,Dust Of the Ciphered Oath
Fidā'ī of Alamut,grunt,Jalal
Fidā'ī of Alamut,grunt,Nawal
Fidā'ī of Alamut,grunt,Xena
Fidā'ī of Alamut,grunt,Layla Of the Black Veil Order
Fidā'ī of Alamut,grunt,Nadir Of the Broken Seal
Fidā'ī of Alamut,grunt,Farid
Fidā'ī of Alamut,grunt,Cut Of the Erased Oath Order
Fidā'ī of Alamut,grunt,Cipher Of the Dagger Silence
Fidā'ī of Alamut,grunt,Line
Fidā'ī of Alamut,grunt,Fariha
Fidā'ī of Alamut,grunt,Latif Of the Mountain Oath
Fidā'ī of Alamut,grunt,Yusuf Of the Black Veil Order
Fidā'ī of Alamut,grunt,Bilqis
Fidā'ī of Alamut,grunt,Cut
Fidā'ī of Alamut,grunt,Widad
Fidā'ī of Alamut,grunt,Salim
Fidā'ī of Alamut,grunt,Karima Of the Seventh Silence
Fidā'ī of Alamut,grunt,Hamza Of the First Null Order
Fidā'ī of Alamut,grunt,Shade Of the Silent Archive
Fidā'ī of Alamut,grunt,Scar
Fidā'ī of Alamut,grunt,Yusra
Fidā'ī of Alamut,grunt,Parviz Of the Daggerborn Order
Fidā'ī of Alamut,grunt,Imran
Fidā'ī of Alamut,grunt,Knot Of the Hidden Blade
Fidā'ī of Alamut,grunt,Elham Of the Broken Seal
Fidā'ī of Alamut,grunt,Nura Of the Erased Oath Order
Fidā'ī of Alamut,grunt,Void
Fidā'ī of Alamut,grunt,Hollow
Fidā'ī of Alamut,elite,Jalal the Signalless
Fidā'ī of Alamut,elite,Kamal the Oathless
Fidā'ī of Alamut,elite,Oath the Whispered
Fidā'ī of Alamut,elite,Yusra the Broken Name
Fidā'ī of Alamut,elite,Qamar the Silent Echo
Fidā'ī of Alamut,elite,Omaran the Thread-Cut
Fidā'ī of Alamut,elite,Hamza the Shadow-Crowned
Fidā'ī of Alamut,elite,Yusra the Hollow Alias
Fidā'ī of Alamut,elite,Rafiq the Unseen
Fidā'ī of Alamut,elite,Daniyal the Silent
Fidā'ī of Alamut,elite,Dalia the Shadow Without Name
Fidā'ī of Alamut,elite,Leila the Silent Blade
Fidā'ī of Alamut,elite,Inaya the Knife-Born
Fidā'ī of Alamut,elite,Shadow the Null-Walked
Fidā'ī of Alamut,elite,Grain the Unseen
Fidā'ī of Alamut,elite,Jalal the Inkless Name
Fidā'ī of Alamut,elite,Jalal the Erased
Fidā'ī of Alamut,elite,Lina the Veiled
Fidā'ī of Alamut,elite,Marwan the Oathless
Fidā'ī of Alamut,elite,Pulse the Edge-Bound
Fidā'ī of Alamut,elite,Karima the Unnamed
Fidā'ī of Alamut,elite,Karima the Breathless
Fidā'ī of Alamut,elite,Footfall the Silent
Fidā'ī of Alamut,elite,Shakir the Veil of Alamut
Fidā'ī of Alamut,elite,Ghazi the Vanished
Fidā'ī of Alamut,elite,Inaya the Dagger-Shadow
Fidā'ī of Alamut,elite,Luqman the Cipher-Bound
Fidā'ī of Alamut,elite,Rashid the Night-Walked
Fidā'ī of Alamut,elite,Widad the Folded Identity
Fidā'ī of Alamut,elite,Xena the Whispered
Fidā'ī of Alamut,elite,Leila the Black Marked
Fidā'ī of Alamut,elite,Latif the Folded Identity
Fidā'ī of Alamut,elite,Omayma the Vanished
Fidā'ī of Alamut,elite,Hand the Signalless
Fidā'ī of Alamut,elite,Hanan the Edge-Bound
Fidā'ī of Alamut,elite,Ali the Thread-Cut
Fidā'ī of Alamut,elite,Amir the Null
Fidā'ī of Alamut,elite,Leila the Null
Fidā'ī of Alamut,elite,Aisha the Erased
Fidā'ī of Alamut,elite,Cut the Silence-Kept
Fidā'ī of Alamut,elite,Marwan the Breathless
Fidā'ī of Alamut,elite,Cut the Silent
Fidā'ī of Alamut,elite,Umaima the Veil-Worn
Fidā'ī of Alamut,elite,Spark the Contract-Kept
Fidā'ī of Alamut,elite,Kamal the Ghosted
Fidā'ī of Alamut,elite,Ghost the Broken Name
Fidā'ī of Alamut,elite,Eye the Mountain Ghost
Fidā'ī of Alamut,elite,Flicker the Mountain Ghost
Fidā'ī of Alamut,elite,Fadil the Veil-Worn
Fidā'ī of Alamut,elite,Knife the Silence-Kept
Fidā'ī of Alamut,elite,Wing the Invisible Hand
Fidā'ī of Alamut,elite,Nasir the Inkless Name
Fidā'ī of Alamut,elite,Wafa the Shadow Without Name
Fidā'ī of Alamut,elite,Kamil the Ghosted
Fidā'ī of Alamut,elite,Knot the Forgotten
Fidā'ī of Alamut,elite,Knife the Contract-Kept
Fidā'ī of Alamut,elite,Null the Oathless
Fidā'ī of Alamut,elite,Line the Shadow-Crowned
Fidā'ī of Alamut,elite,Nura the Edge-Bound
Fidā'ī of Alamut,elite,Breath the Unspoken
Fidā'ī of Alamut,elite,Jafar the Mountain-Bound
Fidā'ī of Alamut,elite,Blade the Hidden
Fidā'ī of Alamut,elite,Samir the Silent Blade
Fidā'ī of Alamut,elite,Hasan the Knife-Sworn
Fidā'ī of Alamut,elite,Knife the Whispered
Fidā'ī of Alamut,elite,Soraya the Inkless Name
Fidā'ī of Alamut,elite,Zahir the Contract-Kept
Fidā'ī of Alamut,elite,Nadia the Ciphered
Fidā'ī of Alamut,elite,Ubayd the Broken Name
Fidā'ī of Alamut,elite,Cut the Dagger-Shadow
Fidā'ī of Alamut,elite,Ghada the Invisible Hand
Fidā'ī of Alamut,elite,Wahid the Hidden Step
Fidā'ī of Alamut,elite,Zahir the Ciphered
Fidā'ī of Alamut,elite,Basim the Dagger-Shadow
Fidā'ī of Alamut,elite,Ali the Erasure-Kept
Fidā'ī of Alamut,elite,Farah the Edge-Bound
Fidā'ī of Alamut,elite,Mark the Silent Blade
Fidā'ī of Alamut,elite,Karima the Erased
Fidā'ī of Alamut,elite,Fadil the Mountain-Bound
Fidā'ī of Alamut,elite,Iman the Black Marked
Fidā'ī of Alamut,elite,Varda the Dagger-Touched
Fidā'ī of Alamut,elite,Hamza the Dagger-Touched
Fidā'ī of Alamut,elite,Ghada the Whisper-Killed
Fidā'ī of Alamut,elite,Grain the Folded Identity
Fidā'ī of Alamut,elite,Hanan the Black Marked
Fidā'ī of Alamut,elite,Knife the Edge-Bound
Fidā'ī of Alamut,elite,Void the Mountain-Bound
Fidā'ī of Alamut,elite,Omayma the Broken Seal
Fidā'ī of Alamut,elite,Idris the Redacted
Fidā'ī of Alamut,elite,Huda the Inkless Name
Fidā'ī of Alamut,elite,Drift the Redacted
Fidā'ī of Alamut,elite,Jalal the Veiled
Fidā'ī of Alamut,elite,Tahira the Mountain-Bound
Fidā'ī of Alamut,elite,Daniyal the Silent Echo
Fidā'ī of Alamut,elite,Drift the Breathless
Fidā'ī of Alamut,elite,Line the Silent
Fidā'ī of Alamut,elite,Jamila the Shadow-Crowned
Fidā'ī of Alamut,elite,Knife the Final Whisper
Fidā'ī of Alamut,elite,Inaya the Ciphered
Fidā'ī of Alamut,elite,Amina the Shadow Without Name
Fidā'ī of Alamut,leader,Grand Master of the Hidden Blade
Fidā'ī of Alamut,leader,Lord of the Silent Alamut Path
Fidā'ī of Alamut,leader,Keeper of the Ninth Shadow Order
Fidā'ī of Alamut,leader,Commander of the Black Whisper Cell
Fidā'ī of Alamut,leader,Lord of the Silent Alamut Path
Fidā'ī of Alamut,leader,Grand Master of the Hidden Blade
Fidā'ī of Alamut,leader,Lord of the Erased Shadow Doctrine
Fidā'ī of Alamut,leader,Commander of the Whispered Blade
Fidā'ī of Alamut,leader,Lord of the Erased Shadow Doctrine
Fidā'ī of Alamut,leader,The Veil-Bound Strategos Xena
Fidā'ī of Alamut,leader,Keeper of the Dagger Doctrine
Fidā'ī of Alamut,leader,Keeper of the Silent Contract Chain
Fidā'ī of Alamut,leader,Lord of the Broken Veil Doctrine
Fidā'ī of Alamut,leader,Keeper of the Silent Contract
Fidā'ī of Alamut,leader,Lord of the Silent Mountain
Fidā'ī of Alamut,leader,Keeper of the Silent Contract Chain
Fidā'ī of Alamut,leader,Master of the Dagger Instruction
Fidā'ī of Alamut,leader,Commander of the Silent Knife
Fidā'ī of Alamut,leader,The Veil-Bound Strategos Rafiq
Fidā'ī of Alamut,leader,The Black Instruction Keeper
Fidā'ī of Alamut,leader,Warden of the Null Assignment Order
Fidā'ī of Alamut,leader,Commander of the Ninth Veil Cell
Fidā'ī of Alamut,leader,Commander of the Shadow Cells
Fidā'ī of Alamut,leader,The Dagger Covenant Keeper
Fidā'ī of Alamut,leader,Lord of the Silent Mountain
Fidā'ī of Alamut,leader,Warden of the Hidden Ledger
Fidā'ī of Alamut,leader,Commander of the Ninth Veil Cell
Fidā'ī of Alamut,leader,Commander of the Ninth Silence
Fidā'ī of Alamut,leader,The Hidden Cipher Keeper
Fidā'ī of Alamut,leader,The Hidden Cipher Keeper Scar
Fidā'ī of Alamut,leader,Master of the Dagger Instruction
Fidā'ī of Alamut,leader,Keeper of the Ninth Shadow Order
Fidā'ī of Alamut,leader,Keeper of the Black Instruction
Fidā'ī of Alamut,leader,Lord of the Whisper Chain
Fidā'ī of Alamut,leader,Lord of the Silent Mountain
Fidā'ī of Alamut,leader,Warden of the Hidden Ledger
Fidā'ī of Alamut,leader,Commander of the Whispered Blade
Fidā'ī of Alamut,leader,Master of the Hidden Assignment
Fidā'ī of Alamut,leader,Lord of the Silent Assassination Order
Fidā'ī of Alamut,leader,The Black Veil Strategos Point
Fidā'ī of Alamut,leader,Grand Master of the Hidden Blade
Fidā'ī of Alamut,leader,Lord of the Broken Veil Doctrine
Fidā'ī of Alamut,leader,Warden of the Null Assignment Order
Fidā'ī of Alamut,leader,Master of the Mountain Veil
Fidā'ī of Alamut,leader,Master of the Silent Erasure
Fidā'ī of Alamut,leader,The Hidden Knife Keeper Dagger
Fidā'ī of Alamut,leader,The Ninth Shadow Strategos
Fidā'ī of Alamut,leader,Commander of the Whispered Blade
Fidā'ī of Alamut,leader,The Hidden Knife Keeper Ilyas
Fidā'ī of Alamut,leader,Keeper of the Silent Contract
Fidā'ī of Alamut,leader,Keeper of the Silent Contract Chain
Fidā'ī of Alamut,leader,The Dagger Covenant Keeper
Fidā'ī of Alamut,leader,Warden of the Whisper Chain
Fidā'ī of Alamut,leader,The Hidden Cipher Keeper
Fidā'ī of Alamut,leader,The Dagger Covenant Keeper
Fidā'ī of Alamut,leader,Keeper of the Dagger Doctrine
Fidā'ī of Alamut,leader,Master of the Dagger Instruction
Fidā'ī of Alamut,leader,Warden of the Null Assignment Order
Fidā'ī of Alamut,leader,The Veiled Assassin of Alamut
Fidā'ī of Alamut,leader,Master of the Hidden Assignment
Fidā'ī of Alamut,leader,Warden of the Broken Cipher Order
Fidā'ī of Alamut,leader,Commander of the Whispered Blade
Fidā'ī of Alamut,leader,Commander of the Shadow Cells
Fidā'ī of Alamut,leader,Warden of the Hidden Ledger
Fidā'ī of Alamut,leader,Commander of the Black Whisper Cell
Fidā'ī of Alamut,leader,Keeper of the Silent Contract
Fidā'ī of Alamut,leader,Warden of the Broken Cipher Order
Fidā'ī of Alamut,leader,Warden of the Hidden Blade Order
Fidā'ī of Alamut,leader,The Veiled Assassin of Alamut
Fidā'ī of Alamut,leader,The Dagger Covenant Keeper
Fidā'ī of Alamut,leader,The Erasure Strategist Yara
Fidā'ī of Alamut,leader,Commander of the Ninth Silence
Fidā'ī of Alamut,leader,The Black Veil Strategos
Fidā'ī of Alamut,leader,Master of the Erasure Order
Fidā'ī of Alamut,leader,The Ninth Shadow Strategos
Fidā'ī of Alamut,leader,The Null Cipher Marshal Script
Fidā'ī of Alamut,leader,Master of the Dagger Instruction
Fidā'ī of Alamut,leader,Warden of the Ninth Veil
Fidā'ī of Alamut,leader,The Null Cipher Marshal Karim
Fidā'ī of Alamut,leader,Lord of the Black Cipher Layla
Fidā'ī of Alamut,leader,Commander of the Whispered Blade
Fidā'ī of Alamut,leader,Commander of the Black Whisper Cell
Fidā'ī of Alamut,leader,Warden of the Silent Thread
Fidā'ī of Alamut,leader,Warden of the Whisper Chain
Fidā'ī of Alamut,leader,Grand Master of the Hidden Blade
Fidā'ī of Alamut,leader,Commander of the Silent Mountain Cell
Fidā'ī of Alamut,leader,Warden of the Whisper Chain
Fidā'ī of Alamut,leader,Commander of the Silent Knife
Fidā'ī of Alamut,leader,The Erasure Strategist Root
Fidā'ī of Alamut,leader,Commander of the Shadow Cells
Fidā'ī of Alamut,leader,The Dagger Covenant Keeper
Fidā'ī of Alamut,leader,Master of the Hidden Assignment
Fidā'ī of Alamut,leader,Lord of the Silent Assassination Order
Fidā'ī of Alamut,leader,Master of the Hidden Assignment
Fidā'ī of Alamut,leader,Warden of the Whisper Chain
Fidā'ī of Alamut,leader,Commander of the Silent Mountain Cell
Fidā'ī of Alamut,leader,The Null Cipher Marshal Fatima
Fidā'ī of Alamut,leader,Lord of the Broken Veil Doctrine
Fidā'ī of Alamut,leader,Lord of the Erased Shadow Doctrine
Fidā'ī of Alamut,leader,Warden of the Silent Thread
The Great Hunger,grunt,Celia Of the Hollow Harvest
The Great Hunger,grunt,Percival
The Great Hunger,grunt,Starve
The Great Hunger,grunt,Falk Of the Thousand Bones
The Great Hunger,grunt,Corinne Of the Hollow Kingdom
The Great Hunger,grunt,Ysabel
The Great Hunger,grunt,Belly Of the Starveling Host
The Great Hunger,grunt,Oriana Of the Starveling Host
The Great Hunger,grunt,Brigid Of the Feast of Worms
The Great Hunger,grunt,Belly
The Great Hunger,grunt,Rowan
The Great Hunger,grunt,Scrap Of the Starved Road
The Great Hunger,grunt,Gristle Of the Maw Procession
The Great Hunger,grunt,Feastborn
The Great Hunger,grunt,Estelle Of the Bone Throne
The Great Hunger,grunt,Tobin Of the Hollow Granary
The Great Hunger,grunt,Estelle Of the Thousand Mouths
The Great Hunger,grunt,Valen
The Great Hunger,grunt,Tobin Of the Consumed Throne
The Great Hunger,grunt,Alina Of the Last Harvest Bell
The Great Hunger,grunt,Thirst Of the Last Mouth
The Great Hunger,grunt,Fang Of the Bone King's Table
The Great Hunger,grunt,Amos Of the Last Herd
The Great Hunger,grunt,Joram Of the Feast Bell
The Great Hunger,grunt,Endless Of the Consumed Throne
The Great Hunger,grunt,Zachar Of the Maw Kingdom
The Great Hunger,grunt,Nestor Of the Broken Granary
The Great Hunger,grunt,Rhea Of the Harvest of Flesh
The Great Hunger,grunt,Juliana Of the Empty Feast
The Great Hunger,grunt,Tallow Of the Hunger Choir
The Great Hunger,grunt,Gullet Of the Bone Reliquary
The Great Hunger,grunt,Famine Of the Bone Road
The Great Hunger,grunt,Agnes Of the Bone King's Table
The Great Hunger,grunt,Consume Of the Bone Road
The Great Hunger,grunt,Alaric Of the Consumed Banner
The Great Hunger,grunt,Giselle Of the Empty Saint
The Great Hunger,grunt,Need Of the Feast of Teeth
The Great Hunger,grunt,Thera Of the Carrion Feast
The Great Hunger,grunt,Baran Of the Last Harvest Bell
The Great Hunger,grunt,Katerine
The Great Hunger,grunt,Genevieve
The Great Hunger,grunt,Wynne Of the Empty Throne
The Great Hunger,grunt,Odette Of the Red Butchery
The Great Hunger,grunt,Freya Of the Hunger Pilgrimage
The Great Hunger,grunt,Craving
The Great Hunger,grunt,Meatcaller Of the Last Mouth
The Great Hunger,grunt,Valeria Of the Last Butchery
The Great Hunger,grunt,Maw Of the Bone Pit
The Great Hunger,grunt,Garrick Of the Maw of Kings
The Great Hunger,grunt,Wulfric
The Great Hunger,grunt,Harlan
The Great Hunger,grunt,Maw Of the Butcher's Communion
The Great Hunger,grunt,Silas Of the Endless Table
The Great Hunger,grunt,Lucan
The Great Hunger,grunt,Malric Of the Great Gnawing
The Great Hunger,grunt,Elias Of the Red Feast Road
The Great Hunger,grunt,Joanna Of the Great Gnawing
The Great Hunger,grunt,Faron Of the Black Appetite
The Great Hunger,grunt,Oriana Of the Starveling Host
The Great Hunger,grunt,Marrow Of the Red Banquet
The Great Hunger,grunt,Yorick Of the Consumed Kingdom
The Great Hunger,grunt,Vera Of the Great Maw
The Great Hunger,grunt,Ulric Of the Flesh Procession
The Great Hunger,grunt,Valeria Of the Thousand Mouths
The Great Hunger,grunt,Ulf Of the Devoured Saint
The Great Hunger,grunt,Devour Of the Feast of Teeth
The Great Hunger,grunt,Bram Of the Bone Communion
The Great Hunger,grunt,Isak Of the Last Harvest Bell
The Great Hunger,grunt,Meat Of the Final Feast
The Great Hunger,grunt,Fiora
The Great Hunger,grunt,Dorian
The Great Hunger,grunt,Thera Of the Last Harvest
The Great Hunger,grunt,Elara Of the Starving Crown
The Great Hunger,grunt,Nadia Of the Last Harvest
The Great Hunger,grunt,Bone Of the Bone Reliquary
The Great Hunger,grunt,Yorick Of the Red Maw
The Great Hunger,grunt,Odette Of the Feast of Silence
The Great Hunger,grunt,Hungermarked
The Great Hunger,grunt,Gideon Of the Empty Throne
The Great Hunger,grunt,Lucan Of the Empty Bowl
The Great Hunger,grunt,Faron Of the Final Feast
The Great Hunger,grunt,Tiber Of the Maw of Kings
The Great Hunger,grunt,Redtooth
The Great Hunger,grunt,Dagan Of the Starving Winter
The Great Hunger,grunt,Garrick Of the Empty Feast
The Great Hunger,grunt,Nadia Of the Hunger Choir
The Great Hunger,grunt,Meat Of the Black Hunger
The Great Hunger,grunt,Feastborn
The Great Hunger,grunt,Meatcaller
The Great Hunger,grunt,Famine Of the Maw Procession
The Great Hunger,grunt,Gristle
The Great Hunger,grunt,Swallow Of the Empty Bowl
The Great Hunger,grunt,Swallow Of the Last Mouth
The Great Hunger,grunt,Hollow Of the Hollow Harvest
The Great Hunger,grunt,Celia Of the Thousand Mouths
The Great Hunger,grunt,Selene Of the Feast of Saints
The Great Hunger,grunt,Isak Of the Bone Communion
The Great Hunger,grunt,Rhea Of the Bone Feast
The Great Hunger,grunt,Hollow Of the Red Maw
The Great Hunger,grunt,Valen Of the Thousand Feasts
The Great Hunger,elite,Glut the Hollow-Gutted
The Great Hunger,elite,Odette the Red-Mawed
The Great Hunger,elite,Niall the Hungry
The Great Hunger,elite,Blackmaw the Maw-Opened
The Great Hunger,elite,Want the Flesh-Eating
The Great Hunger,elite,Emeric the Famine-Walked
The Great Hunger,elite,Corvin the Famine-Walked
The Great Hunger,elite,Corvin the Empty-Handed
The Great Hunger,elite,Alaric the Black-Mawed
The Great Hunger,elite,Valeria the Kingdom-Eater
The Great Hunger,elite,Nestor the Empty
The Great Hunger,elite,Ursula the Hollow-Gutted
The Great Hunger,elite,Craving the Hunger-Driven
The Great Hunger,elite,Craving the Feast-Marked
The Great Hunger,elite,Fiora the Bone-Crowned
The Great Hunger,elite,Roderic the Gnawing
The Great Hunger,elite,Chomp the Kingdom-Eater
The Great Hunger,elite,Elodie the Bone-Fed
The Great Hunger,elite,Bram the Never-Filled
The Great Hunger,elite,Silas the Maw-Blessed
The Great Hunger,elite,Maw the Hollow-Bellied
The Great Hunger,elite,Zachar the Starveling
The Great Hunger,elite,Gullet the Appetite-Blessed
The Great Hunger,elite,Celia the Starveling
The Great Hunger,elite,Yvette the Black-Mawed
The Great Hunger,elite,Hollowgut the Feast-Remembered
The Great Hunger,elite,Lucan the Starveling
The Great Hunger,elite,Hunger the Never-Sated
The Great Hunger,elite,Yorick the Hungry
The Great Hunger,elite,Pauline the Butcher-Blessed
The Great Hunger,elite,Niall the Maw-Blessed
The Great Hunger,elite,Percival the Feast-Crowned
The Great Hunger,elite,Tobin the Ravenous
The Great Hunger,elite,Ulf the Appetite-Blessed
The Great Hunger,elite,Isolde the Flesh-Hungry
The Great Hunger,elite,Butcher the Consuming
The Great Hunger,elite,Adela the Endless
The Great Hunger,elite,Rend the Thousand-Mouthed
The Great Hunger,elite,Helena the Maw-Blessed
The Great Hunger,elite,Maw the Consuming
The Great Hunger,elite,Selene the Feast-Remembered
The Great Hunger,elite,Isolde the Maw-Opened
The Great Hunger,elite,Scrap the Breadless
The Great Hunger,elite,Feastborn the Maw-Blessed
The Great Hunger,elite,Elodie the Bone-Gnawing
The Great Hunger,elite,Endless the Never-Sated
The Great Hunger,elite,Bite the Feast-Crowned
The Great Hunger,elite,Freya the Bone-Fed
The Great Hunger,elite,Jarek the Maw-Blessed
The Great Hunger,elite,Dorothea the Flesh-Hungry
The Great Hunger,elite,Hungermarked
The Great Hunger,elite,Juliana the Never-Filled
The Great Hunger,elite,Swallow the Butcher-Blessed
The Great Hunger,elite,Ursula the Appetite-Cursed
The Great Hunger,elite,Bonegnaw the Never-Sated
The Great Hunger,elite,Wynne the Butchered
The Great Hunger,elite,Kellan the Never-Sated
The Great Hunger,elite,Consume the Empty
The Great Hunger,elite,Hungermarked the Bone-Fed
The Great Hunger,elite,Chew the Maw-Blessed
The Great Hunger,elite,Elara the Hollow-Bellied
The Great Hunger,elite,Wynne the Starveling
The Great Hunger,elite,Butcher the Consuming
The Great Hunger,elite,Brigid the Feast-Remembered
The Great Hunger,elite,Osric the Starveling
The Great Hunger,elite,Elodie the Hollow-Eyed
The Great Hunger,elite,Scrap the Red-Mawed
The Great Hunger,elite,Fang the Endless
The Great Hunger,elite,Consume the Bone-Gnawing
The Great Hunger,elite,Zara the Famine-Walked
The Great Hunger,elite,Mawbound the Hollow-Gutted
The Great Hunger,elite,Wilhelmina the Butchered
The Great Hunger,elite,Clarisse the Red-Toothed
The Great Hunger,elite,Tooth the Maw-Opened
The Great Hunger,elite,Dagan the Endless
The Great Hunger,elite,Tooth the Empty-Handed
The Great Hunger,elite,Percival the Ravenous
The Great Hunger,elite,Joram the Endless-Hunger
The Great Hunger,elite,Hester the Consuming
The Great Hunger,elite,Joram the Hollow
The Great Hunger,elite,Wilhelmina the Never-Sated
The Great Hunger,elite,Yvette the Never-Filled
The Great Hunger,elite,Elodie the Hollow-Bellied
The Great Hunger,elite,Hunger the Devourer
The Great Hunger,elite,Feast the Final Devourer
The Great Hunger,elite,Wulfric the Hollow-Eyed
The Great Hunger,elite,Greed the Starveling
The Great Hunger,elite,Hook the Feastborn
The Great Hunger,elite,Isolde the Empty
The Great Hunger,elite,Glut the Flesh-Eating
The Great Hunger,elite,Mara the Devourer
The Great Hunger,elite,Meatcaller the Last-Eating
The Great Hunger,elite,Scarcity the Feast-Crowned
The Great Hunger,elite,Gideon the Bone-Fed
The Great Hunger,elite,Maw the Feastborn
The Great Hunger,elite,Rend the Hollow-Bellied
The Great Hunger,elite,Xander the Hollow-Eyed
The Great Hunger,elite,Bone the Flesh-Hungry
The Great Hunger,elite,Corvin the Last-to-Eat
The Great Hunger,elite,Joram the Great-Appetited
The Great Hunger,leader,Master of the Red Maw Mara
The Great Hunger,leader,High Butcher of the Endless Feast Genevieve
The Great Hunger,leader,Lord of the Hollow Table Feastborn
The Great Hunger,leader,Herald of the Thousand Hungers Waldric
The Great Hunger,leader,Lord of the Empty Throne Fiora
The Great Hunger,leader,Lord of the Bone Orchard Rend
The Great Hunger,leader,Lord of the Endless Banquet Katerine
The Great Hunger,leader,The Flesh Kingdom Herald Selene
The Great Hunger,leader,The Butcher-Saint of Appetite Abel
The Great Hunger,leader,Keeper of the Consumed Reliquary Celia
The Great Hunger,leader,Master of the Maw Procession Gullet
The Great Hunger,leader,The Hunger Road Marshal Nadia
The Great Hunger,leader,The Hunger Road Marshal Scarcity
The Great Hunger,leader,The Endless Appetite Marshal Nestor
The Great Hunger,leader,Keeper of the Hunger Cathedral Gorge
The Great Hunger,leader,Keeper of the Maw Kingdom Bram
The Great Hunger,leader,The Red Banquet Marshal Vera
The Great Hunger,leader,Lord of the Starveling Host Starve
The Great Hunger,leader,The Appetite Confessor Devour
The Great Hunger,leader,The Great Butcher of Kings Ache
The Great Hunger,leader,Lord of the Empty Throne Dorian
The Great Hunger,leader,Keeper of the Bone Throne Garrick
The Great Hunger,leader,The Black Feast Commander Tiber
The Great Hunger,leader,The Flesh Kingdom Herald Aldric
The Great Hunger,leader,Keeper of the Last Bread Alina
The Great Hunger,leader,The Feast Caller Feastborn
The Great Hunger,leader,The Feast Bell Warden Tobin
The Great Hunger,leader,Lord of the Bone Orchard Blackmaw
The Great Hunger,leader,Warden of the Consumed Kingdom Bite
The Great Hunger,leader,Lord of the Black Maw Roderic
The Great Hunger,leader,Master of the Thousand Mouths Hollow
The Great Hunger,leader,Keeper of the Consumed Reliquary Baran
The Great Hunger,leader,The Feast Caller Ulric
The Great Hunger,leader,Master of the Hollow Communion Cleaver
The Great Hunger,leader,Keeper of the Last Bread Corinne
The Great Hunger,leader,The Hollow Kingdom Warden Freya
The Great Hunger,leader,The Endless Appetite Marshal Oren
The Great Hunger,leader,The Last Devourer Genevieve
The Great Hunger,leader,The Black Feast Commander Bernadette
The Great Hunger,leader,Lord of the Bone Orchard Hadrian
The Great Hunger,leader,Herald of the Thousand Hungers Ilse
The Great Hunger,leader,Keeper of the Maw Kingdom Isak
The Great Hunger,leader,The Great Butcher of Kings Gullet
The Great Hunger,leader,Master of the Red Maw Lenore
The Great Hunger,leader,The Appetite Confessor Edric
The Great Hunger,leader,Lord of the Empty Throne Fang
The Great Hunger,leader,The Endless Appetite Marshal Talia
The Great Hunger,leader,Master of the Thousand Mouths Famine
The Great Hunger,leader,Lord of the Endless Banquet Mawbound
The Great Hunger,leader,The Black Feast Commander Vera
The Great Hunger,leader,The Great Gnawing Herald Adela
The Great Hunger,leader,The Black Feast Commander Cleaver
The Great Hunger,leader,Keeper of the Final Feast Genevieve
The Great Hunger,leader,Herald of the Black Appetite Helena
The Great Hunger,leader,Warden of the Consumed Kingdom Niall
The Great Hunger,leader,Lord of the Feast of Teeth Alaric
The Great Hunger,leader,Lord of the Endless Banquet Dorothea
The Great Hunger,leader,The Bone Throne Confessor Silas
The Great Hunger,leader,Warden of the Consumed Kingdom Beatrice
The Great Hunger,leader,Herald of the Black Appetite Need
The Great Hunger,leader,The Devourer Marshal Devour
The Great Hunger,leader,The Hollow Kingdom Warden Hunger
The Great Hunger,leader,Lord of the Empty Throne Malric
The Great Hunger,leader,The Maw Crown Bearer Ache
The Great Hunger,leader,The Great Gnawing Herald Need
The Great Hunger,leader,Lord of the Black Maw Katerine
The Great Hunger,leader,The Great Gnawing Herald Marius
The Great Hunger,leader,Warden of the Last Mouth Waldric
The Great Hunger,leader,The Hunger Eternal Alaric
The Great Hunger,leader,The Appetite Confessor Belly
The Great Hunger,leader,Keeper of the Devoured Crown Nestor
The Great Hunger,leader,Lord of the Black Maw Clarisse
The Great Hunger,leader,Warden of the Last Mouth Estelle
The Great Hunger,leader,The Last Devourer Rend
The Great Hunger,leader,High Butcher of the Endless Feast Feastborn
The Great Hunger,leader,Keeper of the Consumed Reliquary Rend
The Great Hunger,leader,The Feast Bell Warden Marius
The Great Hunger,leader,Keeper of the Last Bread Freya
The Great Hunger,leader,Keeper of the Consumed Reliquary Hook
The Great Hunger,leader,Herald of the Black Appetite Jarek
The Great Hunger,leader,Master of the Red Maw Malric
The Great Hunger,leader,Warden of the Great Hunger Hollowgut
The Great Hunger,leader,Warden of the Great Hunger Roderic
The Great Hunger,leader,The Appetite Confessor Odette
The Great Hunger,leader,The Last Devourer Gorge
The Great Hunger,leader,The Great Devouring Prophet Kellan
The Great Hunger,leader,The Endless Appetite Marshal Fiora
The Great Hunger,leader,Warden of the Last Mouth Butcher
The Great Hunger,leader,Keeper of the Empty Bowl Rowan
The Great Hunger,leader,The Feast Bell Warden Yorick
The Great Hunger,leader,Keeper of the Hunger Cathedral Abel
The Great Hunger,leader,Master of the Red Maw Ache
The Great Hunger,leader,The Hunger Prophet Empty
The Great Hunger,leader,Lord of the Feast of Teeth Meatcaller
The Great Hunger,leader,The Bone Throne Confessor Dorian
The Great Hunger,leader,Master of the Red Maw Nestor
The Great Hunger,leader,The Bone Throne Confessor Xander
The Great Hunger,leader,The Hollow Kingdom Warden Silas
The Great Hunger,leader,Keeper of the Maw Kingdom Joram
The Great Hunger,leader,The Great Devouring Prophet Katerine
Heretic Legion,grunt,Rifted Ex Nameless Father
Heretic Legion,grunt,Bone Ex Unmade Prophet
Heretic Legion,grunt,Valena Ex Blasphemous Choir
Heretic Legion,grunt,Malcira Ex Scriptura Errata
Heretic Legion,grunt,Halvek Ex Null Sermonis
Heretic Legion,grunt,Ylric Ex Blight Origin
Heretic Legion,grunt,Vile Ex Void Ecclesia
Heretic Legion,grunt,Mask Ex Forbidden Origin
Heretic Legion,grunt,Belthara Ex Tenebris Apostatae
Heretic Legion,grunt,Varkessa Ex Manus Impura
Heretic Legion,grunt,Halvek Ex Lost Name
Heretic Legion,grunt,Sablet Ex Broken Origin
Heretic Legion,grunt,Adrianek Ex Scar Origin
Heretic Legion,grunt,Goratha Ex Gloria Obscura
Heretic Legion,grunt,Coilborn Ex Lost Curia
Heretic Legion,grunt,Belthas Ex Mask Origin
Heretic Legion,grunt,Adrielle Ex Starless Faith
Heretic Legion,grunt,Scream Ex Imperium Fractum
Heretic Legion,grunt,Sarna Ex Split Origin
Heretic Legion,grunt,Lucianus Ex Forgotten Origin
Heretic Legion,grunt,Uldra Ex Hollow Creed
Heretic Legion,grunt,Brodina Ex Inverted Grace
Heretic Legion,grunt,Dorselle
Heretic Legion,grunt,Nightcoil Ex Sword Broken
Heretic Legion,grunt,Luthoric Ex Apostolus Perditus
Heretic Legion,grunt,Blight Ex Mask Origin
Heretic Legion,grunt,Uldren Ex Terra Maledicta
Heretic Legion,grunt,Zorvan Ex Fallen Testament
Heretic Legion,grunt,Wulfram Ex Gloria Obscura
Heretic Legion,grunt,Wulfrine Ex Whispered Sin
Heretic Legion,grunt,Raskel Ex Apostate Root
Heretic Legion,grunt,Zethar Ex Mirror Gospel
Heretic Legion,grunt,Brodan Ex Split Origin
Heretic Legion,grunt,Istria Ex Lash Origin
Heretic Legion,grunt,Broken Ex Scar Origin
Heretic Legion,grunt,Rift Ex Fides Rupta
Heretic Legion,grunt,Uldren Ex Dread Origin
Heretic Legion,grunt,Ash Ex Sancto Petro Corrupto
Heretic Legion,grunt,Zethar Ex Inquisitio Perdita
Heretic Legion,grunt,Adrianek Ex Shattered Oath
Heretic Legion,grunt,Cassor Ex Ash Origin
Heretic Legion,grunt,Split Ex Sancto Petro Corrupto
Heretic Legion,grunt,Adrianek Ex Lost Origin
Heretic Legion,grunt,Helmina Ex Ecclesia Caduca
Heretic Legion,grunt,Kaldira Ex Blighted Chapel
Heretic Legion,grunt,Valek Ex Broken Litany
Heretic Legion,grunt,Ezechor Ex Aqua Nigra
Heretic Legion,grunt,Quorim Ex Fides Rupta
Heretic Legion,grunt,Domara Ex Manus Impura
Heretic Legion,grunt,Veylan Ex Porta Clausa
Heretic Legion,grunt,Snare Ex Black Benediction
Heretic Legion,grunt,Lucivar Ex Tenebris Apostatae
Heretic Legion,grunt,Varkas Ex Inquisitio Perdita
Heretic Legion,grunt,Rot Ex Ash Origin
Heretic Legion,grunt,Palegrin Ex Corrupted Mercy
Heretic Legion,grunt,Domar Ex Bone Origin
Heretic Legion,grunt,Lucianus Ex Broken Origin
Heretic Legion,grunt,Mask Ex Void Origin
Heretic Legion,grunt,Adrielle Ex Redacted Origin
Heretic Legion,grunt,Raskel Ex Whispered Sin
Heretic Legion,grunt,Severed Ex Twisted Martyr
Heretic Legion,grunt,Thalor Ex Umbra Crucis
Heretic Legion,grunt,Cassor Ex Rot Origin
Heretic Legion,grunt,Belthara Ex Anima Devora
Heretic Legion,grunt,Sarn Ex Verbum Fractum
Heretic Legion,grunt,Orbanne Ex Forbidden Psalm
Heretic Legion,grunt,Sabell Ex Rotting Canon
Heretic Legion,grunt,Wulfram Ex Lost Canticle
Heretic Legion,grunt,Wound Ex Rot Origin
Heretic Legion,grunt,Palegrin Ex Forgotten Origin
Heretic Legion,grunt,Unmade Ex Apostolus Perditus
Heretic Legion,grunt,Malthus Ex Cursed Reliquary
Heretic Legion,grunt,Bone Ex Snare Origin
Heretic Legion,grunt,Cassiax Ex Fallen Testament
Heretic Legion,grunt,Halvessa Ex Redacted Origin
Heretic Legion,grunt,Nameless Ex Hunger Origin II
Heretic Legion,grunt,Xarna Ex Blackened Mercy
Heretic Legion,grunt,Uldren Ex Anima Devora
Heretic Legion,grunt,Valena Ex Split Origin
Heretic Legion,grunt,Ylric Ex Unholy See
Heretic Legion,grunt,Halflight Ex Porta Clausa
Heretic Legion,grunt,Nightcoil Ex Unholy See
Heretic Legion,grunt,Nightcoil Ex Broken Bishop
Heretic Legion,grunt,Orbanne Ex Choir Silentium
Heretic Legion,grunt,Malcira Ex Lux Inversa
Heretic Legion,grunt,Malthus Ex Lost Curia
Heretic Legion,grunt,Malthira Ex Hollow Priesthood
Heretic Legion,grunt,Void Ex Vox Vacua
Heretic Legion,grunt,Scream Ex Ignis Primus
Heretic Legion,grunt,Fenric Ex Lux Inversa
Heretic Legion,grunt,Korvessa Ex Chain Origin
Heretic Legion,grunt,Ekran Ex Ordo Ruinae
Heretic Legion,grunt,Gorath Ex Redacted Origin
Heretic Legion,grunt,Orban Ex Empty Hell
Heretic Legion,grunt,Thalira Ex Tenebris Apostatae
Heretic Legion,grunt,Raskel Ex Null Sermonis
Heretic Legion,grunt,Gorath Ex Fallen Light
Heretic Legion,grunt,Luthira Ex Bloodless Sacrament
Heretic Legion,grunt,Ignar Ex Bellator Umbrarum
Heretic Legion,grunt,Arcthos Ex Scar Origin
Heretic Legion,elite,The Forbidden Prefect Kaldor
Heretic Legion,elite,The Rotting Bishop of War
Heretic Legion,elite,Prophet of the Blackened Gospel
Heretic Legion,elite,The Silent Heresiarch Korvessa
Heretic Legion,elite,The Black Psalm Commander Ekra
Heretic Legion,elite,The Null Inquisitor Chainless
Heretic Legion,elite,The Unmade Cardinal Chainless
Heretic Legion,elite,The Dissonant Prelate Gorath
Heretic Legion,elite,The Dissonant Prelate Malchor
Heretic Legion,elite,The Broken Canon Keeper
Heretic Legion,elite,The Severed Faith Marshal
Heretic Legion,elite,The Severed Vicar Fenrica
Heretic Legion,elite,The Cursed Doctrine Warden
Heretic Legion,elite,The Unholy Bannerlord Rift
Heretic Legion,elite,The Rotting Bishop of War
Heretic Legion,elite,The Final Heretic Raskela
Heretic Legion,elite,The Broken Creed Marshal Veyla
Heretic Legion,elite,The Unholy Bannerlord Cassor
Heretic Legion,elite,The Cursed Doctrine Warden
Heretic Legion,elite,The Pale Apostate Gash
Heretic Legion,elite,The Ashen Anti-Pope Kaldira
Heretic Legion,elite,The Silent Heresiarch Ashen
Heretic Legion,elite,The Ash-Worn Confessor Thalira
Heretic Legion,elite,Lord of the Broken Sacrament
Heretic Legion,elite,The False Light Executor
Heretic Legion,elite,Master of the Severed Rite
Heretic Legion,elite,The Lost Sermon General Rift
Heretic Legion,elite,The Empty Gospel General
Heretic Legion,elite,The Null Doctrine Keeper
Heretic Legion,elite,Commander of the Blasphemous Host
Heretic Legion,elite,The Unholy Bannerlord Cassiax
Heretic Legion,elite,The Final Heretic Gorath
Heretic Legion,elite,The Cursed Doctrine Warden
Heretic Legion,elite,The Unbound Choirmaster Hollow
Heretic Legion,elite,The Silent Heresiarch
Heretic Legion,elite,The Pale Apostate Ash
Heretic Legion,elite,The Severed Faith Marshal Void
Heretic Legion,elite,The Ashen Anti-Pope Coil
Heretic Legion,elite,The Rot Crowned Warleader
Heretic Legion,elite,The Lost Sermon General
Heretic Legion,elite,The False Light Executor Fell
Heretic Legion,elite,The Empty Gospel General
Heretic Legion,elite,The Pale Apostate Dorsal
Heretic Legion,elite,The False Light Executor
Heretic Legion,elite,The Rotting Bishop of War
Heretic Legion,elite,Keeper of the Inverted Cross
Heretic Legion,elite,The Heretic Strategos Nameless
Heretic Legion,elite,Master of the Severed Rite
Heretic Legion,elite,The Final Heretic Undone
Heretic Legion,elite,The Final Heretic Ylra
Heretic Legion,elite,The Silent Heresiarch Adrielle
Heretic Legion,elite,The Unlighted Marshal Corvin
Heretic Legion,elite,The Chainless Inquisitor Shard
Heretic Legion,elite,The Unmade Cardinal Rifted
Heretic Legion,elite,The Rot Crowned Warleader
Heretic Legion,elite,The Infernal Curator of War
Heretic Legion,elite,The Empty Gospel General Sarn
Heretic Legion,elite,The Hollow Saint-Killer Undone
Heretic Legion,elite,The Heretic Warmaster Severed
Heretic Legion,elite,The War Prophet of Nothingness
Heretic Legion,elite,The Null Doctrine Keeper Gash
Heretic Legion,elite,The Silent Heresiarch Rifted
Heretic Legion,elite,The Final Heretic Mask
Heretic Legion,elite,The False Light Executor Mire
Heretic Legion,elite,The Pale Apostate Uldra
Heretic Legion,elite,High Apostate of the Unwritten Creed
Heretic Legion,elite,The Void Confessor Luthira
Heretic Legion,elite,The Unbound Choirmaster Wound
Heretic Legion,elite,The Unmade Cardinal Damarus
Heretic Legion,elite,The False Light Executor
Heretic Legion,elite,The Rotting Bishop of War
Heretic Legion,elite,The Null Inquisitor Quorim
Heretic Legion,elite,The Unmade Cardinal Scar
Heretic Legion,elite,The Ash-Worn Confessor
Heretic Legion,elite,The Rotting Bishop of War
Heretic Legion,elite,The Broken Creed Marshal Scar
Heretic Legion,elite,The Severed Faith Marshal
Heretic Legion,elite,The Ruin Bishop Bloodless
Heretic Legion,elite,The Forbidden Prefect
Heretic Legion,elite,The Pale Apostate Morianne
Heretic Legion,elite,The Mirror Cardinal Dread
Heretic Legion,elite,The False Apostle General
Heretic Legion,elite,The Ash-Worn Confessor Raskel
Heretic Legion,elite,The Unbound Choirmaster Shard
Heretic Legion,elite,Commander of the Blasphemous Host
Heretic Legion,elite,The Severed Faith Marshal
Heretic Legion,elite,The Pale Apostate Petrina
Heretic Legion,elite,The Severed Faith Marshal Mire
Heretic Legion,elite,The Cursed Doctrine Warden
Heretic Legion,elite,The Starless Liturgist Vile
Heretic Legion,elite,Commander of the Blasphemous Host
Heretic Legion,elite,The Unholy Bannerlord Dorsal
Heretic Legion,elite,High Apostate of the Unwritten Creed
Heretic Legion,elite,Keeper of the Inverted Cross
Heretic Legion,elite,The Black Psalm Commander
Heretic Legion,elite,The Mirror Cardinal Damarus
Heretic Legion,elite,The Cursed Doctrine Warden
Heretic Legion,elite,The Cursed Doctrine Warden
Heretic Legion,elite,The Unholy Bannerlord Adrianek
Heretic Legion,elite,The Heretic Warmaster Corvina
Heretic Legion,leader,The Forbidden Prefect Thren
Heretic Legion,leader,The Chainless Inquisitor Sarn
Heretic Legion,leader,The Unbound Choirmaster Lash
Heretic Legion,leader,The Unbound Choirmaster Dorselle
Heretic Legion,leader,The False Apostle General Echo
Heretic Legion,leader,Warden of the Fallen Litany Fell
Heretic Legion,leader,The War Prophet of Nothingness Void
Heretic Legion,leader,The Heretic Strategos Severak
Heretic Legion,leader,The Fallen Synod Master Drevian
Heretic Legion,leader,The Unwritten Creed Bearer Thelria
Heretic Legion,leader,The Cursed Doctrine Warden Cassor
Heretic Legion,leader,The Infernal Curator of War Xarna
Heretic Legion,leader,The Dissonant Prelate Dorsal
Heretic Legion,leader,The Crimson Null Priest Nereza
Heretic Legion,leader,Lord of the Broken Sacrament Parvan
Heretic Legion,leader,The Broken Canon Keeper Severine
Heretic Legion,leader,The Forbidden Prefect Brodan
Heretic Legion,leader,The Black Psalm Commander Void
Heretic Legion,leader,The Heretic Warmaster Morianne
Heretic Legion,leader,The Lost Sermon General Severine
Heretic Legion,leader,The Lost Sermon General Domara
Heretic Legion,leader,The Unbound Choirmaster Halflight
Heretic Legion,leader,The Heretic Warmaster Orban
Heretic Legion,leader,The Mirror Cardinal Snare
Heretic Legion,leader,Lord of the Broken Sacrament Helmina
Heretic Legion,leader,The Infernal Curator of War Rot
Heretic Legion,leader,The Blight Apostle Cassora
Heretic Legion,leader,The Broken Evangelist Shard
Heretic Legion,leader,The Void-Crowned Commander Ylra
Heretic Legion,leader,The Cursed Doctrine Warden Cry
Heretic Legion,leader,The Final Heretic Uldren
Heretic Legion,leader,The Unbound Choirmaster Ignara
Heretic Legion,leader,The Unholy Bannerlord Malchor
Heretic Legion,leader,The Severed Faith Marshal Ekran
Heretic Legion,leader,Commander of the Blasphemous Host Sabell
Heretic Legion,leader,The Broken Evangelist Coil
Heretic Legion,leader,The Unwritten Creed Bearer Malthus
Heretic Legion,leader,Keeper of the Inverted Cross Ezechra
Heretic Legion,leader,The Null Doctrine Keeper Rift
Heretic Legion,leader,The Black Psalm Commander Null
Heretic Legion,leader,The Silent Heresiarch Kaldor
Heretic Legion,leader,Master of the Severed Rite Damaris
Heretic Legion,leader,The Void-Crowned Commander Ezechra
Heretic Legion,leader,The Cursed Doctrine Warden Brodina
Heretic Legion,leader,High Executor of False Doctrine Parvina
Heretic Legion,leader,The Unholy Bannerlord Scream
Heretic Legion,leader,The Unlighted Marshal Varkessa
Heretic Legion,leader,The Ashen Anti-Pope Petrina
Heretic Legion,leader,The Pale Apostate Cassiax
Heretic Legion,leader,The Broken Canon Keeper Drevia
Heretic Legion,leader,The Ash-Worn Confessor Drevia
Heretic Legion,leader,The Heretic Warmaster Severine
Heretic Legion,leader,The Black Psalm Commander Thalor
Heretic Legion,leader,Lord of the Broken Sacrament Korvath
Heretic Legion,leader,The Silent Heresiarch Malthus
Heretic Legion,leader,The Unmade Cardinal Fenric
Heretic Legion,leader,Prophet of the Blackened Gospel Snare
Heretic Legion,leader,Master of the Severed Rite Helmina
Heretic Legion,leader,The Unlighted Marshal Severak
Heretic Legion,leader,The Crimson Null Priest Orbanne
Heretic Legion,leader,The Broken Canon Keeper Malcira
Heretic Legion,leader,The Unbound Choirmaster Korvath
Heretic Legion,leader,The Ash-Worn Confessor Malchor
Heretic Legion,leader,The Unholy Bannerlord Valena
Heretic Legion,leader,The Broken Canon Keeper Cry
Heretic Legion,leader,The Lost Sermon General Thelric
Heretic Legion,leader,The Empty Gospel General Veyla
Heretic Legion,leader,The Rot Crowned Warleader Malchor
Heretic Legion,leader,The Crimson Null Priest Arctha
Heretic Legion,leader,The Unwritten Creed Bearer Wulfram
Heretic Legion,leader,The Rotting Bishop of War Osrica
Heretic Legion,leader,The Hollow Saint-Killer Gash
Heretic Legion,leader,Commander of the Blasphemous Host Raskel
Heretic Legion,leader,The Broken Canon Keeper Severak
Heretic Legion,leader,The Unmade Cardinal Drevian
Heretic Legion,leader,Prophet of the Blackened Gospel Shard
Heretic Legion,leader,The Dissonant Prelate Arctha
Heretic Legion,leader,The Rotting Bishop of War Domara
Heretic Legion,leader,The Mirror Cardinal Dorsal
Heretic Legion,leader,The Heretic Strategos Veyla
Heretic Legion,leader,The Broken Evangelist Kaldor
Heretic Legion,leader,The Heretic Warmaster Cry
Heretic Legion,leader,The Unbound Choirmaster Dread
Heretic Legion,leader,The Unwritten Creed Bearer Palegrin
Heretic Legion,leader,The War Prophet of Nothingness Wulfram
Heretic Legion,leader,The Broken Creed Marshal Kaldor
Heretic Legion,leader,The Void-Crowned Commander Unmade
Heretic Legion,leader,The Unbound Choirmaster Kaldor
Heretic Legion,leader,The Mirror Cardinal Sarna
Heretic Legion,leader,The Broken Creed Marshal Thren
Heretic Legion,leader,High Executor of False Doctrine Marcell
Heretic Legion,leader,The False Light Executor Veil
Heretic Legion,leader,Keeper of the Inverted Cross Scar
Heretic Legion,leader,Keeper of the Inverted Cross Korvath
Heretic Legion,leader,The Cursed Doctrine Warden Osric
Heretic Legion,leader,The Unlighted Marshal Zethra
Heretic Legion,leader,The Mirror Cardinal Petrina
Heretic Legion,leader,The False Light Executor Blight
Heretic Legion,leader,The Black Psalm Commander Mire
Heretic Legion,leader,The Unmade Cardinal Osrica
House of Wisdom,grunt,Ledger
House of Wisdom,grunt,Entry Of the First Archive
House of Wisdom,grunt,Samir
House of Wisdom,grunt,Abbas
House of Wisdom,grunt,Othman
House of Wisdom,grunt,Measure
House of Wisdom,grunt,Talib
House of Wisdom,grunt,Ghassan
House of Wisdom,grunt,Huda Of the Infinite Margin
House of Wisdom,grunt,Yusra Of the Ashen Codex
House of Wisdom,grunt,Harun
House of Wisdom,grunt,Zahra
House of Wisdom,grunt,Kamal
House of Wisdom,grunt,Schema
House of Wisdom,grunt,Salma
House of Wisdom,grunt,Scale
House of Wisdom,grunt,Proof Of the Iron Bibliotheca
House of Wisdom,grunt,Signal
House of Wisdom,grunt,Amir
House of Wisdom,grunt,Suleiman
House of Wisdom,grunt,Model
House of Wisdom,grunt,Page Of the Celestial Ledger
House of Wisdom,grunt,Idris Of the Catalog of Ends
House of Wisdom,grunt,Iman
House of Wisdom,grunt,Insight
House of Wisdom,grunt,Nadira
House of Wisdom,grunt,Jamila Of the First Archive
House of Wisdom,grunt,Samir
House of Wisdom,grunt,Model
House of Wisdom,grunt,Latif
House of Wisdom,grunt,Null Of the Ashen Codex
House of Wisdom,grunt,Mariam Of the Infinite Margin
House of Wisdom,grunt,Yusra
House of Wisdom,grunt,Formula
House of Wisdom,grunt,Kamal
House of Wisdom,grunt,Elham
House of Wisdom,grunt,Othman
House of Wisdom,grunt,Soraya
House of Wisdom,grunt,Nizar
House of Wisdom,grunt,Tahani Of the Lemma of Fire
House of Wisdom,grunt,Signal
House of Wisdom,grunt,Fadil
House of Wisdom,grunt,Code Of the Radiant Index
House of Wisdom,grunt,Aziza Of the Silent Library
House of Wisdom,grunt,Yusra
House of Wisdom,grunt,Rashid
House of Wisdom,grunt,Tahani
House of Wisdom,grunt,Reason
House of Wisdom,grunt,Suleiman
House of Wisdom,grunt,Latif
House of Wisdom,grunt,Ilyas
House of Wisdom,grunt,Abbas
House of Wisdom,grunt,Signal
House of Wisdom,grunt,Hakim
House of Wisdom,grunt,Jamila
House of Wisdom,grunt,Fadil
House of Wisdom,grunt,Zahra Of the Broken Lexicon
House of Wisdom,grunt,Thana Of the Axiom of Siege
House of Wisdom,grunt,Construct
House of Wisdom,grunt,Amina
House of Wisdom,grunt,Insight
House of Wisdom,grunt,Huda
House of Wisdom,grunt,Result
House of Wisdom,grunt,Omar
House of Wisdom,grunt,Cipher
House of Wisdom,grunt,Luqman
House of Wisdom,grunt,Amira
House of Wisdom,grunt,Pattern
House of Wisdom,grunt,Sawsan
House of Wisdom,grunt,Field Of the First Archive
House of Wisdom,grunt,Variable
House of Wisdom,grunt,Nadira
House of Wisdom,grunt,Kamal Of the Iron Bibliotheca
House of Wisdom,grunt,Function
House of Wisdom,grunt,Entry
House of Wisdom,grunt,Record Of the Infinite Margin
House of Wisdom,grunt,Farah Of the Broken Lexicon
House of Wisdom,grunt,Jamil
House of Wisdom,grunt,Marwan
House of Wisdom,grunt,Record
House of Wisdom,grunt,Zubair
House of Wisdom,grunt,Qasim Of the Empirical Codex
House of Wisdom,grunt,Datum
House of Wisdom,grunt,Sawsan
House of Wisdom,grunt,Zubair
House of Wisdom,grunt,Salim Of the Clockwork Index
House of Wisdom,grunt,Nadia
House of Wisdom,grunt,Reason
House of Wisdom,grunt,Dalia
House of Wisdom,grunt,Karim
House of Wisdom,grunt,Janna
House of Wisdom,grunt,Volume Of the Red Index War
House of Wisdom,grunt,Karim
House of Wisdom,grunt,Ghassan
House of Wisdom,grunt,Tariq
House of Wisdom,grunt,Rania
House of Wisdom,grunt,Maha
House of Wisdom,grunt,Axiom
House of Wisdom,grunt,Aziza Of the War Atlas Project
House of Wisdom,grunt,Dunya
House of Wisdom,elite,Lord Castellan Hakim
House of Wisdom,elite,Iron Captain Murtaza
House of Wisdom,elite,Gate Captain Wafa
House of Wisdom,elite,Supreme Castellan Hakim
House of Wisdom,elite,Supreme Castellan Jamil
House of Wisdom,elite,Bastion Marshal Hisham
House of Wisdom,elite,Artillery Master Record
House of Wisdom,elite,Artillery Master Axiom
House of Wisdom,elite,Shield Guard Insight
House of Wisdom,elite,Bastion Guard Abbas
House of Wisdom,elite,High Castellan Noor
House of Wisdom,elite,Iron Marshal Ilyas
House of Wisdom,elite,Commander of the Western Bastion
House of Wisdom,elite,Bastion Lord Wafa
House of Wisdom,elite,Rampart Guard Pattern
House of Wisdom,elite,Shield Marshal Thana
House of Wisdom,elite,Gate Captain Fadil
House of Wisdom,elite,Shield Guard Scale
House of Wisdom,elite,Grand Castellan Nizar
House of Wisdom,elite,Master of the Gates Maha
House of Wisdom,elite,Keeper of the Iron Gate Abbas
House of Wisdom,elite,Keeper of the Great Gate Qadir
House of Wisdom,elite,Bastion Lord Hisham
House of Wisdom,elite,Fortress Castellan Yasmin
House of Wisdom,elite,Warden of the Gates Matrix
House of Wisdom,elite,Fortress Captain Logic
House of Wisdom,elite,First Defender Nasir
House of Wisdom,elite,Commander of the Eastern Bastion
House of Wisdom,elite,Keeper of the Iron Gate Bashir
House of Wisdom,elite,Warden of the Wall Hamid
House of Wisdom,elite,Master of the Gates Engine
House of Wisdom,elite,Commander of the Western Bastion
House of Wisdom,elite,Commander of the Western Bastion
House of Wisdom,elite,Iron Guard Wafa
House of Wisdom,elite,Keeper of the Siege Towers
House of Wisdom,elite,Fortress Castellan Luqman
House of Wisdom,elite,Gate Captain Amir
House of Wisdom,elite,Iron Castellan Kamil
House of Wisdom,elite,Keeper of the Siege Towers
House of Wisdom,elite,Supreme Castellan Rania
House of Wisdom,elite,Wall Guard Layla
House of Wisdom,elite,Keeper of the Siege Towers
House of Wisdom,elite,Bastion Lord Layer
House of Wisdom,elite,Wall Captain Talib
House of Wisdom,elite,Guardian of the Wall Question
House of Wisdom,elite,Sentinel Marshal Constant
House of Wisdom,elite,Guardian of the Wall Maha
House of Wisdom,elite,Iron Castellan Othman
House of Wisdom,elite,Watch Captain Kamal
House of Wisdom,elite,Gate Captain Rima
House of Wisdom,elite,Warden of the Towers Entry
House of Wisdom,elite,Warden of the Towers Cipher
House of Wisdom,elite,Master Engineer Mahmud
House of Wisdom,elite,Iron Captain Yaqoub
House of Wisdom,elite,Shield Captain Node
House of Wisdom,elite,Shield Marshal Ghassan
House of Wisdom,elite,Shield Guard Sawsan
House of Wisdom,elite,Warden of the Gates Constant
House of Wisdom,elite,Wallmaster Raed
House of Wisdom,elite,Shield Guard Proof
House of Wisdom,elite,Chief Engineer Amina
House of Wisdom,elite,Shield Marshal Sawsan
House of Wisdom,elite,Rampart Guard Ratio
House of Wisdom,elite,First Defender Nabil
House of Wisdom,elite,Iron Marshal Logic
House of Wisdom,elite,Shield Marshal Ranya
House of Wisdom,elite,Sentinel Captain Murtaza
House of Wisdom,elite,Rampart Guard Schema
House of Wisdom,elite,Fortress Captain Layer
House of Wisdom,elite,Iron Marshal Proof
House of Wisdom,elite,Sentinel Marshal Widad
House of Wisdom,elite,Rampart Captain Proof
House of Wisdom,elite,Warden of the Wall Eman
House of Wisdom,elite,Bastion Guard Ledger
House of Wisdom,elite,Shield Captain Formula
House of Wisdom,elite,Iron Guard Entry
House of Wisdom,elite,Gatekeeper Marshal Schema
House of Wisdom,elite,Watch Captain Code
House of Wisdom,elite,Commander of the Eastern Bastion
House of Wisdom,elite,Commander of the Iron Wall
House of Wisdom,elite,Watch Captain Mariam
House of Wisdom,elite,Tower Captain Qasim
House of Wisdom,elite,Iron Castellan Samir
House of Wisdom,elite,Warden of the Gates Wafa
House of Wisdom,elite,Warden of the Towers Widad
House of Wisdom,elite,Warden of the Bastions Entry
House of Wisdom,elite,Artillery Master Basma
House of Wisdom,elite,Shield Marshal Tariq
House of Wisdom,elite,Shield Marshal Rania
House of Wisdom,elite,Watch Captain Scale
House of Wisdom,elite,Chief Engineer Question
House of Wisdom,elite,Watch Captain Zahir
House of Wisdom,elite,Wall Captain Nizar
House of Wisdom,elite,Warden of the Bastions Jalil
House of Wisdom,elite,Bastion Marshal Omar
House of Wisdom,elite,Bastion Lord Aziz
House of Wisdom,elite,Wall Guard Result
House of Wisdom,elite,Shield Captain Ratio
House of Wisdom,elite,Bastion Guard Ledger
House of Wisdom,elite,Supreme Castellan Question
House of Wisdom,leader,Siege Engineer Rabia
House of Wisdom,leader,Commander of the Iron Wall Idris
House of Wisdom,leader,Keeper of the Great Gate Formula
House of Wisdom,leader,Sentinel Captain Fawzi
House of Wisdom,leader,Chief Engineer Omayma
House of Wisdom,leader,Artillery Master Omayma
House of Wisdom,leader,Keeper of the Great Gate Variable
House of Wisdom,leader,Gatekeeper Marshal Yasmin
House of Wisdom,leader,Gate Captain Balance
House of Wisdom,leader,Keeper of the Iron Gate Nizar
House of Wisdom,leader,Guardian of the Wall Null
House of Wisdom,leader,Keeper of the Great Gate Hana
House of Wisdom,leader,Warden of the Towers Rafiq
House of Wisdom,leader,Iron Castellan Null
House of Wisdom,leader,Keeper of the Great Gate Zahra
House of Wisdom,leader,Sentinel Marshal Theory
House of Wisdom,leader,Bastion Guard Amir
House of Wisdom,leader,Bastion Captain Answer
House of Wisdom,leader,Siege Engineer Hamid
House of Wisdom,leader,Master of the Ramparts Matrix
House of Wisdom,leader,Wall Captain Aziza
House of Wisdom,leader,Master of the Gates Jalil
House of Wisdom,leader,Master Engineer Rima
House of Wisdom,leader,Rampart Captain Null
House of Wisdom,leader,Bastion Captain Fawzi
House of Wisdom,leader,Artillery Master Rima
House of Wisdom,leader,Keeper of the Great Gate Lemma
House of Wisdom,leader,Bastion Guard Shahla
House of Wisdom,leader,Bastion Captain Farid
House of Wisdom,leader,Shield Marshal Datum
House of Wisdom,leader,High Castellan Ghada
House of Wisdom,leader,Warden of the Wall Harun
House of Wisdom,leader,Supreme Castellan Farah
House of Wisdom,leader,Iron Marshal Maha
House of Wisdom,leader,Master of the Gates Answer
House of Wisdom,leader,Bastion Captain Nadira
House of Wisdom,leader,Shield Captain Hisham
House of Wisdom,leader,Iron Guard Idris
House of Wisdom,leader,Iron Guard Fariha
House of Wisdom,leader,Warden of the Bastions Reason
House of Wisdom,leader,Iron Marshal Aziz
House of Wisdom,leader,Bastion Captain Harun
House of Wisdom,leader,Shield Guard Thesis
House of Wisdom,leader,Master Engineer Ratio
House of Wisdom,leader,Keeper of the Great Gate Qasim
House of Wisdom,leader,High Castellan Fariha
House of Wisdom,leader,Commander of the Ramparts Proof
House of Wisdom,leader,Master Engineer Constant
House of Wisdom,leader,Keeper of the Siege Towers Iman
House of Wisdom,leader,Watch Captain Idris
House of Wisdom,leader,Shield Marshal Zeina
House of Wisdom,leader,Rampart Guard Hakim
House of Wisdom,leader,Shield Marshal Bilal
House of Wisdom,leader,Bastion Lord Pattern
House of Wisdom,leader,Gate Captain Nadia
House of Wisdom,leader,Master of the Ramparts Proof
House of Wisdom,leader,Shield Captain Nadia
House of Wisdom,leader,Supreme Castellan Kamil
House of Wisdom,leader,Gatekeeper Marshal Rima
House of Wisdom,leader,Fortress Captain Fariha
House of Wisdom,leader,Siege Engineer Samir
House of Wisdom,leader,Bastion Guard Salma
House of Wisdom,leader,Shield Guard Node
House of Wisdom,leader,Bastion Guard Ghassan
House of Wisdom,leader,Tower Captain Fariha
House of Wisdom,leader,Bastion Captain Karim
House of Wisdom,leader,Warden of the Wall Field
House of Wisdom,leader,Warden of the Wall Vector
House of Wisdom,leader,Master Engineer Ratio
House of Wisdom,leader,Keeper of the Siege Towers Fawzi
House of Wisdom,leader,Fortress Castellan Balance
House of Wisdom,leader,Grand Castellan Reason
House of Wisdom,leader,Wallmaster Eman
House of Wisdom,leader,Bastion Captain Reason
House of Wisdom,leader,Shield Guard Ghada
House of Wisdom,leader,Shield Marshal Vector
House of Wisdom,leader,Guardian of the Wall Varda
House of Wisdom,leader,Shield Marshal Karim
House of Wisdom,leader,Sentinel Marshal Qadir
House of Wisdom,leader,Grand Castellan Omar
House of Wisdom,leader,Castellan Jalil
House of Wisdom,leader,Shield Guard Sequence
House of Wisdom,leader,Commander of the Iron Wall Anwar
House of Wisdom,leader,Shield Captain Ranya
House of Wisdom,leader,Master of the Gates Layla
House of Wisdom,leader,Sentinel Captain Tahani
House of Wisdom,leader,Shield Guard Rafiq
House of Wisdom,leader,Siege Engineer Tamer
House of Wisdom,leader,Keeper of the Iron Gate Aziza
House of Wisdom,leader,Commander of the Ramparts Jamil
House of Wisdom,leader,Guardian of the Wall Omar
House of Wisdom,leader,Keeper of the Iron Gate Bahira
House of Wisdom,leader,Artillery Master Hana
House of Wisdom,leader,Commander of the Ramparts Kamal
House of Wisdom,leader,Guardian of the Wall Engine
House of Wisdom,leader,Gate Captain Rashid
House of Wisdom,leader,Commander of the Western Bastion Schema
House of Wisdom,leader,Gate Captain Token
House of Wisdom,leader,Guardian of the Wall Datum
House of Wisdom,leader,Bastion Captain Ratio
Sultanate of the Iron Wall,grunt,Ilyas Emirate of Damascus
Sultanate of the Iron Wall,grunt,Hamza ibn Rashid
Sultanate of the Iron Wall,grunt,Yasmin
Sultanate of the Iron Wall,grunt,Sinan Emirate of Antioch
Sultanate of the Iron Wall,grunt,Sultana ibn Rashid
Sultanate of the Iron Wall,grunt,Hasan
Sultanate of the Iron Wall,grunt,Obsidian
Sultanate of the Iron Wall,grunt,Osman House Arslan
Sultanate of the Iron Wall,grunt,Huriye al-Iskandari
Sultanate of the Iron Wall,grunt,Lion House of the Iron Shield
Sultanate of the Iron Wall,grunt,Layla
Sultanate of the Iron Wall,grunt,Iron House Bahadir
Sultanate of the Iron Wall,grunt,Zubayr al-Yazidi
Sultanate of the Iron Wall,grunt,Layla Guild of Iron Casters
Sultanate of the Iron Wall,grunt,Latif al-Qudsi
Sultanate of the Iron Wall,grunt,Mahinur al-Dimashqi
Sultanate of the Iron Wall,grunt,Huseyin
Sultanate of the Iron Wall,grunt,Sevda bint Karim
Sultanate of the Iron Wall,grunt,Shield
Sultanate of the Iron Wall,grunt,Bahira
Sultanate of the Iron Wall,grunt,Derya Emirate of the Red Dunes
Sultanate of the Iron Wall,grunt,Rabia
Sultanate of the Iron Wall,grunt,Alloy al-Yazidi
Sultanate of the Iron Wall,grunt,Mahinur ibn Nasir
Sultanate of the Iron Wall,grunt,Copper ibn Jalal
Sultanate of the Iron Wall,grunt,Furnace ibn Selim
Sultanate of the Iron Wall,grunt,Rukayya al-Tikriti
Sultanate of the Iron Wall,grunt,Salim
Sultanate of the Iron Wall,grunt,Uthman al-Tikriti
Sultanate of the Iron Wall,grunt,Yildiz al-Shami
Sultanate of the Iron Wall,grunt,Nigar
Sultanate of the Iron Wall,grunt,Zahir ibn Mahmud
Sultanate of the Iron Wall,grunt,Tahira
Sultanate of the Iron Wall,grunt,Rukayya ibn Karim
Sultanate of the Iron Wall,grunt,Engine
Sultanate of the Iron Wall,grunt,Lion Legion of the Red Atlas
Sultanate of the Iron Wall,grunt,Fatima
Sultanate of the Iron Wall,grunt,Feride
Sultanate of the Iron Wall,grunt,Horizon al-Yazidi
Sultanate of the Iron Wall,grunt,Furnace Emirate of Iskandar
Sultanate of the Iron Wall,grunt,Hamza
Sultanate of the Iron Wall,grunt,Cipher House al-Nur
Sultanate of the Iron Wall,grunt,Osman
Sultanate of the Iron Wall,grunt,Tariq al-Dimashqi
Sultanate of the Iron Wall,grunt,Malik House al-Nur
Sultanate of the Iron Wall,grunt,Reliquary
Sultanate of the Iron Wall,grunt,Ali
Sultanate of the Iron Wall,grunt,Iron bint Harun
Sultanate of the Iron Wall,grunt,Cemal al-Basri
Sultanate of the Iron Wall,grunt,Akif al-Shami
Sultanate of the Iron Wall,grunt,Laurel
Sultanate of the Iron Wall,grunt,Sevda
Sultanate of the Iron Wall,grunt,Reliquary
Sultanate of the Iron Wall,grunt,Brass al-Basri
Sultanate of the Iron Wall,grunt,Uthman al-Basri
Sultanate of the Iron Wall,grunt,Jalal
Sultanate of the Iron Wall,grunt,Latif
Sultanate of the Iron Wall,grunt,Reyhan al-Basri
Sultanate of the Iron Wall,grunt,Shirin House al-Hakim
Sultanate of the Iron Wall,grunt,Asiye Order of the Iron Star
Sultanate of the Iron Wall,grunt,Brass
Sultanate of the Iron Wall,grunt,Jalal al-Tikriti
Sultanate of the Iron Wall,grunt,Rashid al-Dimashqi
Sultanate of the Iron Wall,grunt,Azra
Sultanate of the Iron Wall,grunt,Karim
Sultanate of the Iron Wall,grunt,Aziz Emirate of Nine Towers
Sultanate of the Iron Wall,grunt,Hammer ibn Selim
Sultanate of the Iron Wall,grunt,Sevda ibn Mahmud
Sultanate of the Iron Wall,grunt,Lantern House al-Zafir
Sultanate of the Iron Wall,grunt,Huseyin
Sultanate of the Iron Wall,grunt,Aisha
Sultanate of the Iron Wall,grunt,Inaya House of the Brass Spear
Sultanate of the Iron Wall,grunt,Samira House al-Faruq
Sultanate of the Iron Wall,grunt,Hammer
Sultanate of the Iron Wall,grunt,Ibrahim ibn Selim
Sultanate of the Iron Wall,grunt,Brass House al-Nur
Sultanate of the Iron Wall,grunt,Copper House al-Faruq
Sultanate of the Iron Wall,grunt,Dusk
Sultanate of the Iron Wall,grunt,Topaz Emirate of Iskandar
Sultanate of the Iron Wall,grunt,Harun
Sultanate of the Iron Wall,grunt,Citadel
Sultanate of the Iron Wall,grunt,Idris
Sultanate of the Iron Wall,grunt,Script al-Rumi
Sultanate of the Iron Wall,grunt,Suleyman
Sultanate of the Iron Wall,grunt,Tahira House al-Faruq
Sultanate of the Iron Wall,grunt,Dawn
Sultanate of the Iron Wall,grunt,Perihan Emirate of Basra
Sultanate of the Iron Wall,grunt,Cemal
Sultanate of the Iron Wall,grunt,Reyhan
Sultanate of the Iron Wall,grunt,Silk Order of the Iron Star
Sultanate of the Iron Wall,grunt,Jade
Sultanate of the Iron Wall,grunt,Fathi
Sultanate of the Iron Wall,grunt,Khadija House al-Qamar
Sultanate of the Iron Wall,grunt,Selma
Sultanate of the Iron Wall,grunt,Zehra al-Rumi
Sultanate of the Iron Wall,grunt,Huriye House al-Hakim
Sultanate of the Iron Wall,grunt,Vahid House Osman
Sultanate of the Iron Wall,grunt,Fatima House Osman
Sultanate of the Iron Wall,grunt,Jalal
Sultanate of the Iron Wall,grunt,Zahra
Sultanate of the Iron Wall,elite,Warden of the Sacred Foundries
Sultanate of the Iron Wall,elite,Emir of the Iron Desert Aziz
Sultanate of the Iron Wall,elite,Keeper of the Iron Atlas Harun
Sultanate of the Iron Wall,elite,Lord of the Sapphire Lantern
Sultanate of the Iron Wall,elite,Guardian of the Sapphire Throne
Sultanate of the Iron Wall,elite,Master of the Foundry Crown
Sultanate of the Iron Wall,elite,Commander of the Iron Minaret
Sultanate of the Iron Wall,elite,Guardian of the Sapphire Throne
Sultanate of the Iron Wall,elite,Keeper of the Eternal Furnace
Sultanate of the Iron Wall,elite,Lord of the Sapphire Lantern
Sultanate of the Iron Wall,elite,Guardian of the Crescent Standard
Sultanate of the Iron Wall,elite,Pasha of the Ninth Furnace
Sultanate of the Iron Wall,elite,Custodian of the Furnace Throne
Sultanate of the Iron Wall,elite,Lord of the Furnace Roads
Sultanate of the Iron Wall,elite,Custodian of the Furnace Throne
Sultanate of the Iron Wall,elite,Protector of the Emerald Citadel
Sultanate of the Iron Wall,elite,Guardian of the Sapphire Throne
Sultanate of the Iron Wall,elite,Sultan of the Iron Realm
Sultanate of the Iron Wall,elite,Master of Sacred Industry
Sultanate of the Iron Wall,elite,Master of the Foundry Crown
Sultanate of the Iron Wall,elite,Commander of the Iron Minaret
Sultanate of the Iron Wall,elite,Emir of the Brass Crescent
Sultanate of the Iron Wall,elite,Grand Navigator of the Celestial Seas
Sultanate of the Iron Wall,elite,Guardian of the Sapphire Throne
Sultanate of the Iron Wall,elite,Keeper of the Celestial Archive
Sultanate of the Iron Wall,elite,Lord of the Great Archive Esma
Sultanate of the Iron Wall,elite,Lord of the Brass Bastion Ash
Sultanate of the Iron Wall,elite,Commander of the Brass Banner
Sultanate of the Iron Wall,elite,Lord of the Sapphire Lantern
Sultanate of the Iron Wall,elite,Master of the Iron Engine
Sultanate of the Iron Wall,elite,Grand Master of the Celestial Forge
Sultanate of the Iron Wall,elite,Marshal of the Sapphire Standard
Sultanate of the Iron Wall,elite,Protector of the Emerald Citadel
Sultanate of the Iron Wall,elite,Lord of the Brass Bastion
Sultanate of the Iron Wall,elite,Protector of the Emerald Citadel
Sultanate of the Iron Wall,elite,Commander of the Celestial Road
Sultanate of the Iron Wall,elite,Guardian of the Sacred Reliquary
Sultanate of the Iron Wall,elite,Chief Architect of Siegecraft
Sultanate of the Iron Wall,elite,Lord of the Furnace Roads
Sultanate of the Iron Wall,elite,Lord of the Brass Throne
Sultanate of the Iron Wall,elite,Bey of the Sapphire Banner
Sultanate of the Iron Wall,elite,Protector of the Iron Caravan
Sultanate of the Iron Wall,elite,Bey of the Sapphire Banner
Sultanate of the Iron Wall,elite,Lord of the Brass Throne
Sultanate of the Iron Wall,elite,Commander of the Iron Shield
Sultanate of the Iron Wall,elite,Emir of the Nine Towers Shirin
Sultanate of the Iron Wall,elite,Commander of the Iron Minaret
Sultanate of the Iron Wall,elite,Master of the Iron Engine
Sultanate of the Iron Wall,elite,Keeper of the Golden Script
Sultanate of the Iron Wall,elite,Keeper of the Celestial Archive
Sultanate of the Iron Wall,elite,Lord of the Great Archive
Sultanate of the Iron Wall,elite,Master of Sacred Industry Lale
Sultanate of the Iron Wall,elite,Lord of the Great Archive
Sultanate of the Iron Wall,elite,Commander of the Furnace Legions
Sultanate of the Iron Wall,elite,Chief Artificer of the Sultanate
Sultanate of the Iron Wall,elite,Emir of the Nine Towers Verse
Sultanate of the Iron Wall,elite,High Scholar of War Sciences
Sultanate of the Iron Wall,elite,Grand Vizier of Sacred Industry
Sultanate of the Iron Wall,elite,Protector of the Iron Caravan
Sultanate of the Iron Wall,elite,Commander of the Iron Shield
Sultanate of the Iron Wall,elite,Keeper of the War Archives
Sultanate of the Iron Wall,elite,Master of Sacred Metallurgy
Sultanate of the Iron Wall,elite,Bey of the Sapphire Banner
Sultanate of the Iron Wall,elite,Chief Artificer of the Sultanate
Sultanate of the Iron Wall,elite,Master of Sacred Metallurgy
Sultanate of the Iron Wall,elite,Master of the Great Furnace
Sultanate of the Iron Wall,elite,Master of the Iron Engine
Sultanate of the Iron Wall,elite,Warden of the Sacred Foundries
Sultanate of the Iron Wall,elite,Master of the Brass Hammer
Sultanate of the Iron Wall,elite,Guardian of the Sapphire Throne
Sultanate of the Iron Wall,elite,Lord of the Furnace Roads
Sultanate of the Iron Wall,elite,Lord of the Sapphire Lantern
Sultanate of the Iron Wall,elite,Bey of the Sapphire Banner
Sultanate of the Iron Wall,elite,Commander of the Furnace Legions
Sultanate of the Iron Wall,elite,Grand Alchemist of the Sultanate
Sultanate of the Iron Wall,elite,Master of the Brass Hammer
Sultanate of the Iron Wall,elite,Grand Alchemist of the Sultanate
Sultanate of the Iron Wall,elite,Emir of the Iron Desert Mahmud
Sultanate of the Iron Wall,elite,Keeper of the Iron Atlas
Sultanate of the Iron Wall,elite,Lord of the Sapphire Lantern
Sultanate of the Iron Wall,elite,Lord of the Furnace Roads
Sultanate of the Iron Wall,elite,Keeper of the Celestial Archive
Sultanate of the Iron Wall,elite,Keeper of the Eternal Furnace
Sultanate of the Iron Wall,elite,Commander of the Furnace Legions
Sultanate of the Iron Wall,elite,Commander of the Iron Minaret
Sultanate of the Iron Wall,elite,Lord of the Sapphire Lantern
Sultanate of the Iron Wall,elite,Marshal of the Iron Legions
Sultanate of the Iron Wall,elite,Warden of the Brass Foundries
Sultanate of the Iron Wall,elite,Guardian of the Sapphire Throne
Sultanate of the Iron Wall,elite,Chief Architect of Siegecraft
Sultanate of the Iron Wall,elite,Emir of the Brass Crescent
Sultanate of the Iron Wall,elite,Emir of the Nine Towers Forge
Sultanate of the Iron Wall,elite,Keeper of the Celestial Archive
Sultanate of the Iron Wall,elite,Master of the Celestial Compass
Sultanate of the Iron Wall,elite,Marshal of the Iron Legions
Sultanate of the Iron Wall,elite,Commander of the Iron Minaret
Sultanate of the Iron Wall,elite,Commander of the Celestial Road
Sultanate of the Iron Wall,elite,Emir of the Red Dunes Halime
Sultanate of the Iron Wall,elite,Marshal of the Iron Legions
Sultanate of the Iron Wall,elite,Commander of the Brass Banner
Sultanate of the Iron Wall,leader,High Scholar of War Sciences Ember
Sultanate of the Iron Wall,leader,Emir of the Nine Towers Caravan
Sultanate of the Iron Wall,leader,Commander of the Iron Minaret Archive
Sultanate of the Iron Wall,leader,Warden of the Sacred Archive Suleyman
Sultanate of the Iron Wall,leader,Master of Sacred Metallurgy Azra
Sultanate of the Iron Wall,leader,Marshal of the Sapphire Standard Iron
Sultanate of the Iron Wall,leader,Marshal of the Sapphire Standard Yakub
Sultanate of the Iron Wall,leader,Lord of the Sapphire Lantern Soraya
Sultanate of the Iron Wall,leader,Warden of the Sacred Foundries Bahira
Sultanate of the Iron Wall,leader,Emir of the Iron Desert Lion
Sultanate of the Iron Wall,leader,Guardian of the Sapphire Throne Lantern
Sultanate of the Iron Wall,leader,Commander of the Brass Banner Ruqayya
Sultanate of the Iron Wall,leader,Lord of the Great Archive Zainab
Sultanate of the Iron Wall,leader,Keeper of the Eternal Furnace Derya
Sultanate of the Iron Wall,leader,Lord of the Furnace Roads Bahadir
Sultanate of the Iron Wall,leader,Grand Navigator of the Celestial Seas Amina
Sultanate of the Iron Wall,leader,Keeper of the Brass Spear Yakub
Sultanate of the Iron Wall,leader,Commander of the Iron Minaret Sulfur
Sultanate of the Iron Wall,leader,Emir of the Brass Crescent Rashid
Sultanate of the Iron Wall,leader,Keeper of the Golden Script Esma
Sultanate of the Iron Wall,leader,Lord of the Furnace Roads Obsidian
Sultanate of the Iron Wall,leader,Master of the Great Furnace Tariq
Sultanate of the Iron Wall,leader,Commander of the Iron Minaret Rabia
Sultanate of the Iron Wall,leader,Sultan of the Iron Realm Lantern
Sultanate of the Iron Wall,leader,Lord of the Great Archive Tahira
Sultanate of the Iron Wall,leader,Bey of the Sapphire Banner Brass
Sultanate of the Iron Wall,leader,Keeper of the Eternal Furnace Selma
Sultanate of the Iron Wall,leader,Guardian of the Sacred Reliquary Latif
Sultanate of the Iron Wall,leader,Commander of the Iron Shield Forge
Sultanate of the Iron Wall,leader,Grand Master of the Celestial Forge Elif
Sultanate of the Iron Wall,leader,Master of the Great Furnace Rukayya
Sultanate of the Iron Wall,leader,Commander of the Celestial Road Tamer
Sultanate of the Iron Wall,leader,Commander of the Iron Minaret Osman
Sultanate of the Iron Wall,leader,Warden of the Brass Foundries Shield
Sultanate of the Iron Wall,leader,Master of the Iron Engine Tamer
Sultanate of the Iron Wall,leader,Master of the Celestial Compass Melek
Sultanate of the Iron Wall,leader,Master of Sacred Metallurgy Selma
Sultanate of the Iron Wall,leader,Lord of the Sapphire Lantern Mercury
Sultanate of the Iron Wall,leader,Grand Alchemist of the Sultanate Karim
Sultanate of the Iron Wall,leader,Commander of the Furnace Legions Banner
Sultanate of the Iron Wall,leader,Lord of the Brass Throne Bastion
Sultanate of the Iron Wall,leader,Warden of the Sacred Foundries Ahmed
Sultanate of the Iron Wall,leader,Master of the Great Furnace Obsidian
Sultanate of the Iron Wall,leader,Lord of the Sapphire Lantern Medina
Sultanate of the Iron Wall,leader,Protector of the Emerald Citadel Omar
Sultanate of the Iron Wall,leader,Master of Sacred Metallurgy Jamila
Sultanate of the Iron Wall,leader,Master of the Brass Hammer Forge
Sultanate of the Iron Wall,leader,Grand Alchemist of the Sultanate Reyhan
Sultanate of the Iron Wall,leader,Keeper of the Golden Script Caravan
Sultanate of the Iron Wall,leader,Warden of the Brass Foundries Lale
Sultanate of the Iron Wall,leader,High Scholar of War Sciences Selma
Sultanate of the Iron Wall,leader,Keeper of the Eternal Furnace Dawn
Sultanate of the Iron Wall,leader,Commander of the Brass Banner Esma
Sultanate of the Iron Wall,leader,Master of the Foundry Crown Karim
Sultanate of the Iron Wall,leader,Lord of the Brass Throne Furnace
Sultanate of the Iron Wall,leader,Emir of the Iron Desert Nuray
Sultanate of the Iron Wall,leader,Protector of the Iron Caravan Spear
Sultanate of the Iron Wall,leader,Keeper of the Eternal Furnace Feride
Sultanate of the Iron Wall,leader,Grand Vizier of Sacred Industry Safiya
Sultanate of the Iron Wall,leader,Emir of the Nine Towers Amina
Sultanate of the Iron Wall,leader,Warden of the Sacred Archive Akif
Sultanate of the Iron Wall,leader,Pasha of the Ninth Furnace Safiya
Sultanate of the Iron Wall,leader,Commander of the Brass Banner Quartz
Sultanate of the Iron Wall,leader,Protector of the Emerald Citadel Aziz
Sultanate of the Iron Wall,leader,Warden of the Sacred Archive Salma
Sultanate of the Iron Wall,leader,High Scholar of War Sciences Alloy
Sultanate of the Iron Wall,leader,Marshal of the Sapphire Standard Safiya
Sultanate of the Iron Wall,leader,Master of the Foundry Crown Perihan
Sultanate of the Iron Wall,leader,Grand Navigator of the Celestial Seas Zainab
Sultanate of the Iron Wall,leader,Keeper of the Golden Script Ember
Sultanate of the Iron Wall,leader,Master of Sacred Metallurgy Nigar
Sultanate of the Iron Wall,leader,Emir of the Iron Desert Anvil
Sultanate of the Iron Wall,leader,Master of Sacred Metallurgy Tamer
Sultanate of the Iron Wall,leader,Lord of the Furnace Roads Sultana
Sultanate of the Iron Wall,leader,Keeper of the Golden Script Alloy
Sultanate of the Iron Wall,leader,Warden of the Sacred Foundries Rabia
Sultanate of the Iron Wall,leader,Bey of the Sapphire Banner Flame
Sultanate of the Iron Wall,leader,Keeper of the Celestial Archive Mahinur
Sultanate of the Iron Wall,leader,Protector of the Iron Caravan Compass
Sultanate of the Iron Wall,leader,Master of Sacred Metallurgy Citadel
Sultanate of the Iron Wall,leader,Keeper of the Iron Atlas Latif
Sultanate of the Iron Wall,leader,Grand Alchemist of the Sultanate Farid
Sultanate of the Iron Wall,leader,Keeper of the Iron Atlas Safiya
Sultanate of the Iron Wall,leader,Grand Vizier of Sacred Industry Zahir
Sultanate of the Iron Wall,leader,Lord of the Furnace Roads Karim
Sultanate of the Iron Wall,leader,Warden of the Sacred Foundries Lion
Sultanate of the Iron Wall,leader,Chief Architect of Siegecraft Derya
Sultanate of the Iron Wall,leader,Chief Artificer of the Sultanate Iron
Sultanate of the Iron Wall,leader,Grand Master of the Celestial Forge Samira
Sultanate of the Iron Wall,leader,Lord of the Brass Bastion Safiya
Sultanate of the Iron Wall,leader,Lord of the Brass Throne Ruqayya
Sultanate of the Iron Wall,leader,Keeper of the Celestial Archive Tamer
Sultanate of the Iron Wall,leader,Emir of the Red Dunes Cipher
Sultanate of the Iron Wall,leader,Warden of the Sacred Foundries Zahir
Sultanate of the Iron Wall,leader,Guardian of the Crescent Standard Gulbahar
Sultanate of the Iron Wall,leader,Pasha of the Ninth Furnace Arslan
Sultanate of the Iron Wall,leader,Master of Sacred Metallurgy Rahman
Sultanate of the Iron Wall,leader,Commander of the Furnace Legions Cemal
Sultanate of the Iron Wall,leader,Lord of the Brass Throne Laurel
Sultanate of the Iron Wall,leader,Master of Sacred Industry Crown
Kingdom of Alba,grunt,Hamish Clan Eoghain
Kingdom of Alba,grunt,Beathag Mac Lachlainn
Kingdom of Alba,grunt,March Mac Gilleasbuig
Kingdom of Alba,grunt,Eòin Clan Somhairle
Kingdom of Alba,grunt,Calum Mac Eòin
Kingdom of Alba,grunt,Steel Clan Aodha
Kingdom of Alba,grunt,Catriona Ua Fergus
Kingdom of Alba,grunt,Cailean Ua Iain
Kingdom of Alba,grunt,Bracken Mac Cailein
Kingdom of Alba,grunt,Lachlan Nic Fionnlaigh
Kingdom of Alba,grunt,Farquhar Mac MhicAlpin
Kingdom of Alba,grunt,Dawn Mac MhicCormaig
Kingdom of Alba,grunt,Niall Ua Ciarain
Kingdom of Alba,grunt,Wolf Mac MhicLeòid
Kingdom of Alba,grunt,March Ua Lachlainn
Kingdom of Alba,grunt,Hilda Ua Somhairle
Kingdom of Alba,grunt,Moor Clan Alasdair
Kingdom of Alba,grunt,Fiona Mac Alasdair
Kingdom of Alba,grunt,Farquhar Mac MhicEòin
Kingdom of Alba,grunt,Watch Ua Thòmais
Kingdom of Alba,grunt,Hunter Ua Leòid
Kingdom of Alba,grunt,Shielden Ua Fionnlaigh
Kingdom of Alba,grunt,Janet Mac Ruaidhridh
Kingdom of Alba,grunt,Vaila Nic Ruaidhridh
Kingdom of Alba,grunt,Watch Clan Domhnaill
Kingdom of Alba,grunt,Isla Mac MhicFergus
Kingdom of Alba,grunt,Flora Mac MhicGilleasbuig
Kingdom of Alba,grunt,March Mac MhicThòmais
Kingdom of Alba,grunt,Path Mac Iain
Kingdom of Alba,grunt,Iron Ua Ruaidh
Kingdom of Alba,grunt,Bound Ua Seumas
Kingdom of Alba,grunt,Aileas Clan Thòmais
Kingdom of Alba,grunt,Angus Mac Domhnaill
Kingdom of Alba,grunt,Artair Clan Seumas
Kingdom of Alba,grunt,Hollow Mac MhicAlpin
Kingdom of Alba,grunt,Kenna Ua Aodha
Kingdom of Alba,grunt,Ailpein Clan Aonghais
Kingdom of Alba,grunt,Moray Mac Domhnuill
Kingdom of Alba,grunt,Eoghan Ua Aonghais
Kingdom of Alba,grunt,Skye Nic Domhnaill
Kingdom of Alba,grunt,Euna Mac Donnchaidh
Kingdom of Alba,grunt,Sengael Ua Fionnlaigh
Kingdom of Alba,grunt,Kevan Mac Domhnaill
Kingdom of Alba,grunt,Nessa Mac MhicCormaig
Kingdom of Alba,grunt,Shield Mac MhicEòin
Kingdom of Alba,grunt,Janet Clan Somhairle
Kingdom of Alba,grunt,Ainsley Clan Seumas
Kingdom of Alba,grunt,Dawn Nic Ruaidh
Kingdom of Alba,grunt,Warden Clan Aodha
Kingdom of Alba,grunt,Kevan Mac MhicIain
Kingdom of Alba,grunt,Skye Ua Eoghain
Kingdom of Alba,grunt,Dugal Mac Aodha
Kingdom of Alba,grunt,Mist Mac Aodha
Kingdom of Alba,grunt,Hollow Mac MhicRuaidh
Kingdom of Alba,grunt,Ronan Ua Calum
Kingdom of Alba,grunt,Ealasaid Ua Ciarain
Kingdom of Alba,grunt,Catriona Ua Eoghain
Kingdom of Alba,grunt,Ewan Nic Seumas
Kingdom of Alba,grunt,Beathag Nic Aonghais
Kingdom of Alba,grunt,Dusk Mac Leòid
Kingdom of Alba,grunt,Fionnghal Clan Eòin
Kingdom of Alba,grunt,Alpinus Mac Seumas
Kingdom of Alba,grunt,Farquhar Ua Ruaidh
Kingdom of Alba,grunt,Raven Nic Domhnaill
Kingdom of Alba,grunt,Moor Clan Fergus
Kingdom of Alba,grunt,Hill Nic Thòmais
Kingdom of Alba,grunt,Ash Ua Fergus
Kingdom of Alba,grunt,Steel Clan Cailein
Kingdom of Alba,grunt,Black Clan Cormaig
Kingdom of Alba,grunt,Sorcha Nic Fionnlaigh
Kingdom of Alba,grunt,Elspeth Nic Ciarain
Kingdom of Alba,grunt,Jessie Nic Eòin
Kingdom of Alba,grunt,Bracken Mac Iain
Kingdom of Alba,grunt,Loch Ua Fergus
Kingdom of Alba,grunt,Aodh Nic Cormaig
Kingdom of Alba,grunt,Bran Ua Gilleasbuig
Kingdom of Alba,grunt,Jessie Nic Tormoid
Kingdom of Alba,grunt,Agnes Nic Thòmais
Kingdom of Alba,grunt,Rona Nic Donnchaidh
Kingdom of Alba,grunt,Innes Ua Aodha
Kingdom of Alba,grunt,Lachlan Nic Ruaidhridh
Kingdom of Alba,grunt,Nighean Ua Tormoid
Kingdom of Alba,grunt,Artair Mac MhicCiarain
Kingdom of Alba,grunt,Marsaili Ua Gilleasbuig
Kingdom of Alba,grunt,Keir Mac MhicAlpin
Kingdom of Alba,grunt,Rowan Mac Domhnaill
Kingdom of Alba,grunt,Lileas Nic Iain
Kingdom of Alba,grunt,Lennox Nic Alasdair
Kingdom of Alba,grunt,Gormlaith Mac Fergus
Kingdom of Alba,grunt,Peigi Nic Fergus
Kingdom of Alba,grunt,Cairn Mac MhicTormoid
Kingdom of Alba,grunt,Cairn Nic Seumas
Kingdom of Alba,grunt,Bright Clan Iain
Kingdom of Alba,grunt,Spear Mac Fergus
Kingdom of Alba,grunt,Angus Mac Ruaidh
Kingdom of Alba,grunt,Angus Mac MhicThòmais
Kingdom of Alba,grunt,Bound Mac MhicCalum
Kingdom of Alba,grunt,Fort Mac MhicEoghain
Kingdom of Alba,grunt,Eilidh Ua Ruaidh
Kingdom of Alba,grunt,Iain Clan Leòid
Kingdom of Alba,elite,The Frostlit Marshal Sorley
Kingdom of Alba,elite,The Cold March Herald Sengael
Kingdom of Alba,elite,Warden of the Highland Keep
Kingdom of Alba,elite,The Highland Sentinel Calum
Kingdom of Alba,elite,The Spear Saint of Alba Nuala
Kingdom of Alba,elite,The Clanbound Executioner Dawn
Kingdom of Alba,elite,Keeper of the Frostbound Oath
Kingdom of Alba,elite,The Cold March Herald Torquil
Kingdom of Alba,elite,The Iron Kin-Lord Glennair
Kingdom of Alba,elite,The Highland War Psalmist Loch
Kingdom of Alba,elite,The Last Mormaer of Alba
Kingdom of Alba,elite,The Iron Mormaer Fort
Kingdom of Alba,elite,The Iron Mormaer Cold
Kingdom of Alba,elite,The Iron Cairn Keeper Ewanan
Kingdom of Alba,elite,The Iron Cairn Keeper
Kingdom of Alba,elite,The Clanbound Executioner
Kingdom of Alba,elite,The Hill King of Alba Bracken
Kingdom of Alba,elite,The Iron Cairn Keeper Farquhar
Kingdom of Alba,elite,The Hillfort Strategos Cairn
Kingdom of Alba,elite,The Spear Saint of Alba
Kingdom of Alba,elite,The Stone-Blooded King Cormag
Kingdom of Alba,elite,The Cold Iron Patriarch Effie
Kingdom of Alba,elite,Keeper of the Frostbound Oath
Kingdom of Alba,elite,The Cold March Herald Eoghan
Kingdom of Alba,elite,The Cold March Herald Seonaid
Kingdom of Alba,elite,The Cairn Lord Wolf
Kingdom of Alba,elite,The Mist Walker of War Ronan
Kingdom of Alba,elite,The Cold Crowned Regent Shadow
Kingdom of Alba,elite,Lord of the Mist Marches
Kingdom of Alba,elite,The Frostbound Executioner
Kingdom of Alba,elite,The Snowbound Warlord Isleen
Kingdom of Alba,elite,The Cairn Lord Iain
Kingdom of Alba,elite,The Highland War Psalmist
Kingdom of Alba,elite,The Stonebound Captain
Kingdom of Alba,elite,The Iron Mormaer Isla
Kingdom of Alba,elite,The Iron Kin-Lord Glen
Kingdom of Alba,elite,Keeper of the Frostbound Oath
Kingdom of Alba,elite,Lord of the Mist Marches
Kingdom of Alba,elite,The Northern Confessor Cold
Kingdom of Alba,elite,The Iron Mormaer Moray
Kingdom of Alba,elite,Warden of the Highland Keep
Kingdom of Alba,elite,The Clanbound Executioner
Kingdom of Alba,elite,The Stone-Blooded King Isobel
Kingdom of Alba,elite,The Frostlit Marshal Bound
Kingdom of Alba,elite,The Grey Bannerman Shona
Kingdom of Alba,elite,Warden of the Highland Keep
Kingdom of Alba,elite,The Iron Cairn Keeper Cormag
Kingdom of Alba,elite,Marshal of the Alba Clans
Kingdom of Alba,elite,The Last Mormaer of Alba Keir
Kingdom of Alba,elite,The Northern Confessor
Kingdom of Alba,elite,The Grey Spear Lord Dugal
Kingdom of Alba,elite,High Warden of the Stone Crown
Kingdom of Alba,elite,Keeper of the Broken Banner
Kingdom of Alba,elite,Keeper of the Broken Banner
Kingdom of Alba,elite,The Cairn Lord Thorn
Kingdom of Alba,elite,The Frostbound Executioner
Kingdom of Alba,elite,The Broken Stone Regent Mòrag
Kingdom of Alba,elite,The Northern Confessor Dugal
Kingdom of Alba,elite,High Warden of the Stone Crown
Kingdom of Alba,elite,The Frost Judge Catriona
Kingdom of Alba,elite,The Cold Crowned Regent Grey
Kingdom of Alba,elite,Keeper of the Broken Banner
Kingdom of Alba,elite,The Mist Crowned Judge
Kingdom of Alba,elite,The Highland Sentinel Elspeth
Kingdom of Alba,elite,The Grey Bannerman Effie
Kingdom of Alba,elite,The Clanbound Executioner Skye
Kingdom of Alba,elite,The Cold Iron Patriarch Mist
Kingdom of Alba,elite,The Frozen Banner Lord Wolf
Kingdom of Alba,elite,The Grey Spear Lord Donella
Kingdom of Alba,elite,The Stonebound Captain Kevan
Kingdom of Alba,elite,The Spear of Dunwall Dougal
Kingdom of Alba,elite,The Silent Thane Stone
Kingdom of Alba,elite,High Warden of the Stone Crown
Kingdom of Alba,elite,The Cold Iron Patriarch Ash
Kingdom of Alba,elite,Keeper of the Broken Banner
Kingdom of Alba,elite,High Warden of the Stone Crown
Kingdom of Alba,elite,The Grey Bannerman Kenneth
Kingdom of Alba,elite,The Snowbound Warlord Brian
Kingdom of Alba,elite,The Iron Mormaer Rowan
Kingdom of Alba,elite,The Battle-Abbot of Alba Watch
Kingdom of Alba,elite,Warden of the Frozen Moors
Kingdom of Alba,elite,The Shield of the North Dawn
Kingdom of Alba,elite,The Cold Crowned Regent Bonnie
Kingdom of Alba,elite,The Grey Spear Lord Bonnie
Kingdom of Alba,elite,The Raven Warden Una
Kingdom of Alba,elite,The Northern Confessor Flame
Kingdom of Alba,elite,The Cairn Lord Fiona
Kingdom of Alba,elite,The Wolf of the Highland War
Kingdom of Alba,elite,Lord of the Mist Marches
Kingdom of Alba,elite,The Cold Crowned Regent
Kingdom of Alba,elite,The Iron Mormaer Catriona
Kingdom of Alba,elite,The Grey Spear Lord Greer
Kingdom of Alba,elite,The Snowbound Warlord Keir
Kingdom of Alba,elite,The Ashen Bannerman Dun
Kingdom of Alba,elite,The Cold March Herald Flame
Kingdom of Alba,elite,The Iron Kin-Lord Alpin
Kingdom of Alba,elite,The Iron Mormaer Iron
Kingdom of Alba,elite,The Clan Warden Eternal Morven
Kingdom of Alba,elite,The Frost Judge Vaila
Kingdom of Alba,elite,The Broken Oath Keeper Una
Kingdom of Alba,leader,Marshal of the Alba Clans Dawn
Kingdom of Alba,leader,The Iron Cairn Keeper Glen
Kingdom of Alba,leader,The Frozen Banner Lord Catriona
Kingdom of Alba,leader,Lord of the Northern March Donnchadh
Kingdom of Alba,leader,The Battle-Abbot of Alba Bound
Kingdom of Alba,leader,Warden of the Highland Keep Aileas
Kingdom of Alba,leader,The Iron Thane Ridge
Kingdom of Alba,leader,Warden of the Highland Keep Vale
Kingdom of Alba,leader,Keeper of the Frostbound Oath Iain
Kingdom of Alba,leader,The Spear Saint of Alba Ewan
Kingdom of Alba,leader,The Clanbound Executioner Flora
Kingdom of Alba,leader,The Highland Confessor Bracken
Kingdom of Alba,leader,The Shield of the North Mairi
Kingdom of Alba,leader,The Cairn Lord Keira
Kingdom of Alba,leader,The Clan Warden Eternal Beathag
Kingdom of Alba,leader,The Frostbound Executioner Hill
Kingdom of Alba,leader,The Hillfort Strategos Dàibhidhina
Kingdom of Alba,leader,The Highland Sentinel Euna
Kingdom of Alba,leader,The Iron Mormaer Dugal
Kingdom of Alba,leader,The Mist Crowned Judge Raven
Kingdom of Alba,leader,The Highland Confessor Mist
Kingdom of Alba,leader,The War Thane of the Isles Tormod
Kingdom of Alba,leader,The Broken Stone Regent Fergus
Kingdom of Alba,leader,The Cold Crowned Regent Tavish
Kingdom of Alba,leader,The Last Mormaer of Alba Lileas
Kingdom of Alba,leader,The Silent Thane Ailpein
Kingdom of Alba,leader,The Cold Iron Patriarch Farquhar
Kingdom of Alba,leader,The Wolf of the Highland War Flora
Kingdom of Alba,leader,The Spear of Dunwall Peigi
Kingdom of Alba,leader,Lord of the Northern March Wolf
Kingdom of Alba,leader,The Frost Judge Alana
Kingdom of Alba,leader,The Cairn Lord Keira
Kingdom of Alba,leader,Keeper of the Frostbound Oath Drift
Kingdom of Alba,leader,The Stone Psalm Commander Glen
Kingdom of Alba,leader,The Clanbound Executioner Path
Kingdom of Alba,leader,Keeper of the Broken Banner Seonaid
Kingdom of Alba,leader,The Frozen Banner Lord Janet
Kingdom of Alba,leader,The Iron Mormaer Orna
Kingdom of Alba,leader,The War Thane of the Isles Cairstine
Kingdom of Alba,leader,The Cold Iron Patriarch Mist
Kingdom of Alba,leader,Keeper of the Broken Banner Spear
Kingdom of Alba,leader,The Mist Walker of War Iron
Kingdom of Alba,leader,The Stonebound Captain Domhnall
Kingdom of Alba,leader,The Wolf of the Highland War March
Kingdom of Alba,leader,The Cairn Lord Moray
Kingdom of Alba,leader,The Northern Confessor Gilleasbuig
Kingdom of Alba,leader,The Spear Saint of Alba Silver
Kingdom of Alba,leader,The Frozen Banner Lord Cailean
Kingdom of Alba,leader,The Cold Iron Patriarch Gilleasbuig
Kingdom of Alba,leader,The Clanbound Executioner Kin
Kingdom of Alba,leader,The Grey Bannerman Shielden
Kingdom of Alba,leader,The Snowbound Warlord Steel
Kingdom of Alba,leader,The Clanbound Executioner Nessa
Kingdom of Alba,leader,The Stone-Blooded King Angus
Kingdom of Alba,leader,The Cairn Lord Eilidh
Kingdom of Alba,leader,The Cold March Herald War
Kingdom of Alba,leader,The Last Mormaer of Alba Tavish
Kingdom of Alba,leader,The Spear Saint of Alba Struan
Kingdom of Alba,leader,Captain of the Cold Spear Host Iron
Kingdom of Alba,leader,Marshal of the Alba Clans Effie
Kingdom of Alba,leader,The Cairn Lord Niall
Kingdom of Alba,leader,The Grey Bannerman Fort
Kingdom of Alba,leader,The Spear Saint of Alba Eoghan
Kingdom of Alba,leader,The Spear of Dunwall Steel
Kingdom of Alba,leader,The Frostlit Marshal Sorcha
Kingdom of Alba,leader,The Iron Mormaer Fionnghal
Kingdom of Alba,leader,The Frost Judge Cormag
Kingdom of Alba,leader,The Highland War Psalmist Padraig
Kingdom of Alba,leader,The Wolf of the Highland War Dougal
Kingdom of Alba,leader,Lord of the Northern March Ealasaid
Kingdom of Alba,leader,Keeper of the Frostbound Oath Glen
Kingdom of Alba,leader,The Iron Kin-Lord Alpinus
Kingdom of Alba,leader,Captain of the Cold Spear Host Fort
Kingdom of Alba,leader,The Spear of Dunwall Kenneth
Kingdom of Alba,leader,The Highland Sentinel Kenna
Kingdom of Alba,leader,The Grey Bannerman Artair
Kingdom of Alba,leader,Keeper of the Broken Banner Bracken
Kingdom of Alba,leader,The Clanbound Executioner Dàibhidhina
Kingdom of Alba,leader,Marshal of the Alba Clans Fort
Kingdom of Alba,leader,Lord of the Mist Marches Cailean
Kingdom of Alba,leader,Captain of the Cold Spear Host Shield
Kingdom of Alba,leader,The Hillfort Strategos Niall
Kingdom of Alba,leader,Marshal of the Alba Clans Moor
Kingdom of Alba,leader,Marshal of the Alba Clans Kevan
Kingdom of Alba,leader,The Cold Iron Patriarch Alasdair
Kingdom of Alba,leader,The Hillfort Strategos Dawn
Kingdom of Alba,leader,The Grey Bannerman Cormag
Kingdom of Alba,leader,The Hillfort Strategos Bonnie
Kingdom of Alba,leader,The Iron Thane Elspeth
Kingdom of Alba,leader,The Stone-Blooded King Aodh
Kingdom of Alba,leader,The Cold March Herald Hamish
Kingdom of Alba,leader,The Clanbound Executioner War
Kingdom of Alba,leader,The Spear Saint of Alba Ashen
Kingdom of Alba,leader,The Northern Confessor Padraig
Kingdom of Alba,leader,High Warden of the Stone Crown Fergus
Kingdom of Alba,leader,The Spear Saint of Alba Bonnie
Kingdom of Alba,leader,The Stone Psalm Commander Vaila
Kingdom of Alba,leader,Captain of the Cold Spear Host March
Kingdom of Alba,leader,The Cairn Lord Dòmhnall
Kingdom of Alba,leader,The Snowbound Warlord Warden
Knights of Avarice,grunt,Silver
Knights of Avarice,grunt,Mark House Baron of Debt
Knights of Avarice,grunt,Karl House Debt Eternal
Knights of Avarice,grunt,Isolde House Obsidian Pact
Knights of Avarice,grunt,Hugo House Red Ledger
Knights of Avarice,grunt,Ink House Emperor of Commerce
Knights of Avarice,grunt,Dorothea
Knights of Avarice,grunt,Gustav
Knights of Avarice,grunt,Cecilia House Ferrum Lex
Knights of Avarice,grunt,Coinbound
Knights of Avarice,grunt,Ignaz House Profit Martyr Line
Knights of Avarice,grunt,Market House Sanctus Profitus
Knights of Avarice,grunt,Octavian House Brass Dominion
Knights of Avarice,grunt,Magnus House King of Contracts
Knights of Avarice,grunt,Iron
Knights of Avarice,grunt,Ottilie House Silver Debtline
Knights of Avarice,grunt,Emil House King of Contracts
Knights of Avarice,grunt,Aldric
Knights of Avarice,grunt,Dietrich House Price Eternal
Knights of Avarice,grunt,Dominica
Knights of Avarice,grunt,Theodora House Golden Seal
Knights of Avarice,grunt,Albrecht House Brass Covenant
Knights of Avarice,grunt,Fee House Argentum Fides
Knights of Avarice,grunt,Josephine House Unpayable Debt
Knights of Avarice,grunt,Natalia House Holy Ledger
Knights of Avarice,grunt,Coinbound
Knights of Avarice,grunt,Yield House Price Eternal
Knights of Avarice,grunt,Pawned House Coin of Faith
Knights of Avarice,grunt,Ulrich House Iron Contract
Knights of Avarice,grunt,Roderick
Knights of Avarice,grunt,Leopoldus
Knights of Avarice,grunt,Ursula House Eternal Ledger II
Knights of Avarice,grunt,Ledger House Debt Throne
Knights of Avarice,grunt,Ledgerborn
Knights of Avarice,grunt,Xenia
Knights of Avarice,grunt,Coinbound House Merciful Usury
Knights of Avarice,grunt,Theobald
Knights of Avarice,grunt,Loss House Banking Apostolate
Knights of Avarice,grunt,Amalia House Sacred Treasury
Knights of Avarice,grunt,Adelheid House Vault Eternal
Knights of Avarice,grunt,Profit House Black Ledger
Knights of Avarice,grunt,Henrietta House Worth Eternal
Knights of Avarice,grunt,Exchange House Debt of Angels
Knights of Avarice,grunt,Token House Duke of Ledger
Knights of Avarice,grunt,Casimir
Knights of Avarice,grunt,Lukas House Bank of the Fallen
Knights of Avarice,grunt,Sophia House Iron Ledgerline
Knights of Avarice,grunt,Marcus
Knights of Avarice,grunt,Worth House Debt of Angels
Knights of Avarice,grunt,Signed House Sainted Commerce
Knights of Avarice,grunt,Raphael House Merchant Saint
Knights of Avarice,grunt,Maxim House Debt Throne
Knights of Avarice,grunt,Niklaus House Silver Debtline
Knights of Avarice,grunt,Debt House Brass Covenant
Knights of Avarice,grunt,Ledgerborn
Knights of Avarice,grunt,Rupert House Vault Throne
Knights of Avarice,grunt,Charter House Price Eternal
Knights of Avarice,grunt,Elisabetta House Coined Faith
Knights of Avarice,grunt,Emil House Eternal Bond
Knights of Avarice,grunt,Owned
Knights of Avarice,grunt,Otto House Crusader Ledger
Knights of Avarice,grunt,Franziska
Knights of Avarice,grunt,Credit
Knights of Avarice,grunt,Sabine
Knights of Avarice,grunt,Astrid
Knights of Avarice,grunt,Elias
Knights of Avarice,grunt,Mark
Knights of Avarice,grunt,Sebastian House Papal Ledger
Knights of Avarice,grunt,Franziska House Brass Dominion
Knights of Avarice,grunt,Hugo House Exchange of Ashes
Knights of Avarice,grunt,Valeria House Loss of Kings
Knights of Avarice,grunt,Weight
Knights of Avarice,grunt,Heinrich House Silver Covenant
Knights of Avarice,grunt,Price House Mortal Exchange
Knights of Avarice,grunt,Silvan
Knights of Avarice,grunt,Benedikt
Knights of Avarice,grunt,Isolde
Knights of Avarice,grunt,Ledger
Knights of Avarice,grunt,Market House Martyr of Debt
Knights of Avarice,grunt,Vault House Obsidian Exchange
Knights of Avarice,grunt,Roderick House Ferrum Lex
Knights of Avarice,grunt,Bond House Ledger of Bones
Knights of Avarice,grunt,Emilia House Balance Eternal
Knights of Avarice,grunt,Bernadine House Coin of Faith
Knights of Avarice,grunt,Clementia
Knights of Avarice,grunt,Zacharias
Knights of Avarice,grunt,Felicitas House Red Ledger
Knights of Avarice,grunt,Worth House Holy Mint of War
Knights of Avarice,grunt,Margarethe House Broken Vault
Knights of Avarice,grunt,Albrecht
Knights of Avarice,grunt,Leopold
Knights of Avarice,grunt,Damian
Knights of Avarice,grunt,Pawn
Knights of Avarice,grunt,Niklaus House Broken Contract
Knights of Avarice,grunt,Maxim House Holy Ledger
Knights of Avarice,grunt,Florian House Sainted Commerce
Knights of Avarice,grunt,Worth House King of Contracts
Knights of Avarice,grunt,Emil House Aureum
Knights of Avarice,grunt,Pawn House Bank of the Fallen
Knights of Avarice,grunt,Regina House Crusader Mint
Knights of Avarice,elite,Coinbound the Charter Ghost
Knights of Avarice,elite,Felicitas the Profit Crowned
Knights of Avarice,elite,Oswald the Usury Blessed
Knights of Avarice,elite,Pawn the Price Keeper
Knights of Avarice,elite,Balance the Coin Devoted
Knights of Avarice,elite,Katarina the Price Weighed
Knights of Avarice,elite,Astrid the Usurer Born
Knights of Avarice,elite,Tobias the Charter Ghost
Knights of Avarice,elite,Lukas the Balance Broken
Knights of Avarice,elite,Brass the Interest Born
Knights of Avarice,elite,Owned the Vault Walker
Knights of Avarice,elite,Margin the Contract Sealed
Knights of Avarice,elite,Leopold the Worthless Saint
Knights of Avarice,elite,Exchange the Balance Seeker
Knights of Avarice,elite,Ottilie the Silver Tongued
Knights of Avarice,elite,Signed the Vault Walker
Knights of Avarice,elite,Karl the Interest Whisper
Knights of Avarice,elite,Franz the Ledger Marked
Knights of Avarice,elite,Signed the Gold-Eyed
Knights of Avarice,elite,Viktoria the Black Interest
Knights of Avarice,elite,Magdalena the Profit Driven
Knights of Avarice,elite,Vault the Profit Hungry
Knights of Avarice,elite,Ingeborg the Coin Silent
Knights of Avarice,elite,Brass the Value Taken
Knights of Avarice,elite,Sebastian the Exchange Silent
Knights of Avarice,elite,Pawned the Profit Crowned
Knights of Avarice,elite,Brunhilde the Ledger Haunted
Knights of Avarice,elite,Dominica the Ledger Haunted
Knights of Avarice,elite,Valerian the Market Crowned
Knights of Avarice,elite,Leopoldus the Contract Broken
Knights of Avarice,elite,Emilia the Value Taken
Knights of Avarice,elite,Ursula the Crown Calculated
Knights of Avarice,elite,Paulina the Interest Born
Knights of Avarice,elite,Margarethe the Profit Crowned
Knights of Avarice,elite,Amalia the Golden Thorn
Knights of Avarice,elite,Ulrich the Ledger Sainted
Knights of Avarice,elite,Ink the Contract Broken
Knights of Avarice,elite,Margin the Ledger Sainted
Knights of Avarice,elite,Helene the Usurer Born
Knights of Avarice,elite,Rupert the Debt Cursed
Knights of Avarice,elite,Viktoria the Gold Forsaken
Knights of Avarice,elite,Sebastian the Ledger Haunted
Knights of Avarice,elite,Norbert the Interest Born
Knights of Avarice,elite,Natalia the Interest Born
Knights of Avarice,elite,Ingeborg the Exchange Silent
Knights of Avarice,elite,Gustav the Coin-Bound
Knights of Avarice,elite,Johanna the Golden Thorn
Knights of Avarice,elite,Gold the Debt Cursed
Knights of Avarice,elite,Balance the Silver Tongued
Knights of Avarice,elite,Constanze the Worthless Saint
Knights of Avarice,elite,Pawn the Silver Debtbound
Knights of Avarice,elite,Beatrix the Silver Debt
Knights of Avarice,elite,Sebastian the Interest Whisper
Knights of Avarice,elite,Hugo the Silver Tongued
Knights of Avarice,elite,Natalia the Iron Accounted
Knights of Avarice,elite,Wilhelm the Debt Eternal
Knights of Avarice,elite,Amalia the Usurer Born
Knights of Avarice,elite,Xenia the Contract Broken
Knights of Avarice,elite,Bond the Final Balance
Knights of Avarice,elite,Elias the Silver Tongued
Knights of Avarice,elite,Vaulted the Interest Born
Knights of Avarice,elite,Tiber the Coin-Bound
Knights of Avarice,elite,Zara the Balance Seeker
Knights of Avarice,elite,Regina the Value Taken
Knights of Avarice,elite,Goldmark the Market Crowned
Knights of Avarice,elite,Ingeborg the Contract Broken
Knights of Avarice,elite,Silvan the Price Keeper
Knights of Avarice,elite,Silvan the Silver Debt
Knights of Avarice,elite,Vault the Interest Born
Knights of Avarice,elite,Asset the Crown Calculated
Knights of Avarice,elite,Heinrich the Silver Debt
Knights of Avarice,elite,Aldric the Crown Calculated
Knights of Avarice,elite,Fee the Contract Broken
Knights of Avarice,elite,Asset the Debt Maker
Knights of Avarice,elite,Sealed the Debt Maker
Knights of Avarice,elite,Owned the Coin Broken
Knights of Avarice,elite,Casimir the Ledger Blooded
Knights of Avarice,elite,Ottilie the Market Crowned
Knights of Avarice,elite,Emil the Golden Thorn
Knights of Avarice,elite,Karolina the Final Balance
Knights of Avarice,elite,Pawn the Worthless Saint
Knights of Avarice,elite,Ignaz the Price Marked
Knights of Avarice,elite,Magdalena the Profit Hungry
Knights of Avarice,elite,Ignaz the Debt Maker
Knights of Avarice,elite,Dominica the Ledger Sainted
Knights of Avarice,elite,Weight the Market Crowned
Knights of Avarice,elite,Signed the Gold-Eyed
Knights of Avarice,elite,Elfriede the Crown Calculated
Knights of Avarice,elite,Silver the Ledger Marked
Knights of Avarice,elite,Felicitas the Charter Bound
Knights of Avarice,elite,Charter the Worthless Saint
Knights of Avarice,elite,Henrietta the Contract Broken
Knights of Avarice,elite,Aurelius the Crown Calculated
Knights of Avarice,elite,Matthias the Interest Whisper
Knights of Avarice,elite,Bernhardt the Mint Forged
Knights of Avarice,elite,Theobald the Market Ghost
Knights of Avarice,elite,Zara the Charter Bound
Knights of Avarice,elite,Theodora the Crown Calculated
Knights of Avarice,elite,Benedikt the Worthless Saint
Knights of Avarice,elite,Cassian the Vault Locked
Knights of Avarice,leader,The Golden Balance Keeper Pawn
Knights of Avarice,leader,The Coinbound Executioner Tax
Knights of Avarice,leader,The Iron Usurer-Knight
Knights of Avarice,leader,The Iron Usurer-Knight
Knights of Avarice,leader,The Eternal Contract Warden
Knights of Avarice,leader,The Relic Price Commander
Knights of Avarice,leader,The Coin Throne Executor
Knights of Avarice,leader,The Debt Collector General
Knights of Avarice,leader,Grand Auditor of the Holy Ledger
Knights of Avarice,leader,The Coin Throne Executor
Knights of Avarice,leader,The Sacred Exchange Executor
Knights of Avarice,leader,The Debt Sovereign Marshal
Knights of Avarice,leader,Lord of the Ninth Ledger
Knights of Avarice,leader,The Vaultbreaker Marshal Toll
Knights of Avarice,leader,Lord of the Ninth Ledger
Knights of Avarice,leader,The High Broker of Souls
Knights of Avarice,leader,The Sacred Exchange Executor
Knights of Avarice,leader,Grand Auditor of the Holy Ledger
Knights of Avarice,leader,Marshal of the Coined Host
Knights of Avarice,leader,The Eternal Contract Warden
Knights of Avarice,leader,The Interest Crowned Strategos
Knights of Avarice,leader,Master of the Eternal Debt
Knights of Avarice,leader,The Crusader of Interest
Knights of Avarice,leader,The Profit-Bound Crusader
Knights of Avarice,leader,The Charter Enforcer Isolde
Knights of Avarice,leader,The Holy Exchange Prefect Iron
Knights of Avarice,leader,The Silver Crown Auditor
Knights of Avarice,leader,The Eternal Contract Warden
Knights of Avarice,leader,The Debtbound Paladin Otto
Knights of Avarice,leader,High Banker of the Crusader War
Knights of Avarice,leader,The Profit Inquisitor Karl
Knights of Avarice,leader,Master of the Eternal Debt
Knights of Avarice,leader,The Golden Usury Saint
Knights of Avarice,leader,The High Broker of Souls
Knights of Avarice,leader,Lord High Treasurer of the Crusade
Knights of Avarice,leader,The Final Auditor of Kings
Knights of Avarice,leader,The Mercantile Sword-Bishop
Knights of Avarice,leader,Lord High Treasurer of the Crusade
Knights of Avarice,leader,The Charter Enforcer Norbert
Knights of Avarice,leader,The Holy Debt Marshal Toll
Knights of Avarice,leader,The Profit-Bound Crusader
Knights of Avarice,leader,The Papal-Merchant War Prince
Knights of Avarice,leader,Commander of the Golden Tithes
Knights of Avarice,leader,The Taxation Inquisitor Isolde
Knights of Avarice,leader,The Profit Inquisitor
Knights of Avarice,leader,The Taxation Inquisitor
Knights of Avarice,leader,The Relic Auction Commander
Knights of Avarice,leader,The Iron Coin Marshal Crown
Knights of Avarice,leader,The Taxation Inquisitor Helene
Knights of Avarice,leader,Lord of the Ninth Ledger
Knights of Avarice,leader,The Eternal Contract Warden
Knights of Avarice,leader,The Merchant Paladin of Avarice
Knights of Avarice,leader,The Holy Debt Marshal Tariff
Knights of Avarice,leader,The Blessed Accountant of War
Knights of Avarice,leader,The Mercantile Sword-Bishop
Knights of Avarice,leader,The Final Auditor of Kings
Knights of Avarice,leader,The Debt Sovereign Marshal
Knights of Avarice,leader,The Profit-Bound Crusader
Knights of Avarice,leader,The Profit Inquisitor Gisela
Knights of Avarice,leader,Grand Auditor of the Holy Ledger
Knights of Avarice,leader,The Holy Debt Marshal Lukas
Knights of Avarice,leader,The Relic Auction Commander
Knights of Avarice,leader,The Crowned Auditor of Souls
Knights of Avarice,leader,High Executor of Contract Law
Knights of Avarice,leader,The Interest Crowned Strategos
Knights of Avarice,leader,Grand Auditor of the Holy Ledger
Knights of Avarice,leader,The Debt Collector General
Knights of Avarice,leader,The Debtbound Paladin Mathilde
Knights of Avarice,leader,The Blessed Accountant of War
Knights of Avarice,leader,The Iron Usurer-Knight
Knights of Avarice,leader,The Iron Usurer-Knight
Knights of Avarice,leader,The Coinbound Executioner
Knights of Avarice,leader,Keeper of the Blood Gold Charter
Knights of Avarice,leader,The Sacred Exchange Executor
Knights of Avarice,leader,The Taxation Inquisitor Otto
Knights of Avarice,leader,The Coin Saint of Battle
Knights of Avarice,leader,The Debt Sovereign Marshal
Knights of Avarice,leader,The Coin Saint of Battle
Knights of Avarice,leader,The Golden Usury Saint Gisela
Knights of Avarice,leader,The Silver Crown Auditor
Knights of Avarice,leader,The Debtbound Paladin Paulina
Knights of Avarice,leader,The Coinbound Executioner
Knights of Avarice,leader,High Banker of the Crusader War
Knights of Avarice,leader,Grand Auditor of the Holy Ledger
Knights of Avarice,leader,The Iron Minted Lord Value
Knights of Avarice,leader,Warden of the Sacred Vaults
Knights of Avarice,leader,The Crowned Auditor of Souls
Knights of Avarice,leader,The Papal-Merchant War Prince
Knights of Avarice,leader,The Profit Inquisitor Magnus
Knights of Avarice,leader,The Sainted Tax Collector
Knights of Avarice,leader,The Vault Saint of Commerce
Knights of Avarice,leader,The Golden Usury Saint Regina
Knights of Avarice,leader,The Iron Usurer-Knight Pascal
Knights of Avarice,leader,Master of the Eternal Debt
Knights of Avarice,leader,The Holy Debt Marshal Zara
Knights of Avarice,leader,High Banker of the Crusader War
Knights of Avarice,leader,The Coin Saint of Battle
Knights of Avarice,leader,The Holy Debt Marshal Anton
Knights of Avarice,leader,The Charter Warlord Profit
Knights of Avarice,leader,Marshal of the Coined Host
Naval Heretics,grunt,Tobias HMS Rusted Siren
Naval Heretics,grunt,Compass HMS Drowned Prophet
Naval Heretics,grunt,Gustav HMS Salted Chain
Naval Heretics,grunt,Felicitas HMS Leviathan Wake
Naval Heretics,grunt,Rift HMS Deep Wake
Naval Heretics,grunt,Constanze HMS Hollow Flood
Naval Heretics,grunt,Adelheid HMS Abyssal Reliquary
Naval Heretics,grunt,Wilhelm HMS Salted Vessel
Naval Heretics,grunt,Frederica HMS Deep Banner
Naval Heretics,grunt,Brunhilde HMS Abyssal Choir
Naval Heretics,grunt,Ottilia HMS Grave Tide
Naval Heretics,grunt,Astrid HMS Salted Wraith
Naval Heretics,grunt,Breaker HMS Hollow Depth
Naval Heretics,grunt,Leonora HMS Deep Rot
Naval Heretics,grunt,Echo HMS Drowned Prophet
Naval Heretics,grunt,Rift HMS Deep Rot
Naval Heretics,grunt,Abyss HMS Drowned Doctrine
Naval Heretics,grunt,Ironwake HMS Silent Depths
Naval Heretics,grunt,Verena HMS Wraith Hull
Naval Heretics,grunt,Florent HMS Lantern Fleet
Naval Heretics,grunt,Saltborne HMS Drowned Light
Naval Heretics,grunt,Amalia HMS Abyss Crown
Naval Heretics,grunt,Valeria HMS Grave Tide
Naval Heretics,grunt,Sabine HMS Hollow Sea
Naval Heretics,grunt,Hullshadow
Naval Heretics,grunt,Dominik HMS Deep Covenant
Naval Heretics,grunt,Magdalena HMS Black Current
Naval Heretics,grunt,Blackwater HMS Barnacle Wake
Naval Heretics,grunt,Saltborne HMS Salted Crown
Naval Heretics,grunt,Echo HMS Black Current
Naval Heretics,grunt,Keel HMS Echoing Hull
Naval Heretics,grunt,Gisela HMS Salted Chain
Naval Heretics,grunt,Waveknife
Naval Heretics,grunt,Leopold HMS Stormborne Vessel
Naval Heretics,grunt,Natalia HMS Deep Rot
Naval Heretics,grunt,Mist HMS Iron Reef
Naval Heretics,grunt,Karl HMS Lantern of Nothing
Naval Heretics,grunt,Dominik HMS Rust Psalm
Naval Heretics,grunt,Franz HMS Ghost Flag
Naval Heretics,grunt,Leonora HMS Abyssal Chain
Naval Heretics,grunt,Deepcall HMS Black Keel
Naval Heretics,grunt,Tiber HMS Flooded Throne
Naval Heretics,grunt,Mast HMS Flooded Gospel
Naval Heretics,grunt,Wilhelm HMS Hollow Sea
Naval Heretics,grunt,Fog HMS Lanternless Fleet
Naval Heretics,grunt,Anton HMS Drowned Horizon
Naval Heretics,grunt,Theodora HMS Broken Depths
Naval Heretics,grunt,Constanze HMS Barnacle Wake
Naval Heretics,grunt,Oswald HMS Hollow Sea
Naval Heretics,grunt,Theodora HMS Stormborne Vessel
Naval Heretics,grunt,Gale HMS Lanternless Fleet
Naval Heretics,grunt,Sophia HMS Abyssal Choir
Naval Heretics,grunt,Frederica HMS Grave Compass
Naval Heretics,grunt,Bernadine HMS Deep Lantern
Naval Heretics,grunt,Sophia HMS Flooded Relic II
Naval Heretics,grunt,Drownmarked
Naval Heretics,grunt,Elfriede HMS Storm Reliquary
Naval Heretics,grunt,Current HMS Silent Reef
Naval Heretics,grunt,Henrietta HMS Barnacle Seraph
Naval Heretics,grunt,Sebastian HMS Severed Tide
Naval Heretics,grunt,Fog HMS Iron Undertow
Naval Heretics,grunt,Blackwater HMS Flooded Throne
Naval Heretics,grunt,Ursula HMS Salted Chain
Naval Heretics,grunt,Octavian HMS Ghost Flag
Naval Heretics,grunt,Abyssal HMS Rusted Throne
Naval Heretics,grunt,Cecilia HMS Broken Abyss
Naval Heretics,grunt,Breaker HMS Abyssal Chain
Naval Heretics,grunt,Valerian HMS Lantern Fleet
Naval Heretics,grunt,Gustav HMS Black Depth Choir
Naval Heretics,grunt,Fog HMS Ghost Flag
Naval Heretics,grunt,Stormlit HMS Black Depth Choir
Naval Heretics,grunt,Karolina HMS Abyssal Chain
Naval Heretics,grunt,Aurelius HMS Abyss Bell
Naval Heretics,grunt,Valerian HMS Abyss Bell
Naval Heretics,grunt,Pascal HMS Grave of Waves
Naval Heretics,grunt,Benedikt HMS Wraith Hull
Naval Heretics,grunt,Victor HMS Drowned Light
Naval Heretics,grunt,Aurelius HMS Rust Psalm
Naval Heretics,grunt,Anton HMS Hollow Fleet
Naval Heretics,grunt,Norbert
Naval Heretics,grunt,Mist HMS Salted Wraith
Naval Heretics,grunt,Theresa HMS Rust Psalm
Naval Heretics,grunt,Theodora HMS Severed Tide
Naval Heretics,grunt,Shadow HMS Flooded Relic II
Naval Heretics,grunt,Anton HMS Wreck of Saints
Naval Heretics,grunt,Bernadine HMS Deep Covenant
Naval Heretics,grunt,Leopold HMS Flooded Silence
Naval Heretics,grunt,Zacharias HMS Abyss Crown
Naval Heretics,grunt,Regina HMS Silent Ocean
Naval Heretics,grunt,Deepborne HMS Broken Depths
Naval Heretics,grunt,Henrietta HMS Salted Scripture
Naval Heretics,grunt,Zacharias HMS Maw of Waters
Naval Heretics,grunt,Blackwater HMS Severed Tide
Naval Heretics,grunt,Breaker HMS Broken Mast
Naval Heretics,grunt,Raphael HMS Flooded Iron
Naval Heretics,grunt,Quentin HMS Storm Oath
Naval Heretics,grunt,Regina HMS Severed Current
Naval Heretics,grunt,Amalia HMS Silent Reef
Naval Heretics,grunt,Leonora HMS Silent Ocean
Naval Heretics,grunt,Valeria HMS Drowned Choir
Naval Heretics,elite,Abyssal the Hollow Wake
Naval Heretics,elite,Anton the Lantern Lost
Naval Heretics,elite,Shadow the Deep Marked
Naval Heretics,elite,Constanze the Foam Crowned
Naval Heretics,elite,Cold the Barnacle Crowned
Naval Heretics,elite,Seabound the Tide Scarred
Naval Heretics,elite,Mathilde the Hollow Sea
Naval Heretics,elite,Anton the Salt Ghost
Naval Heretics,elite,Mathilde the Undertow Marked
Naval Heretics,elite,Regina the Iron Salted
Naval Heretics,elite,Barnacle the Severed Current
Naval Heretics,elite,Gertrude the Grave Tide
Naval Heretics,elite,Rust the Black Drift
Naval Heretics,elite,Xenia the Storm Eater
Naval Heretics,elite,Leonora the Hull Haunted
Naval Heretics,elite,Salt the Salt-Eaten
Naval Heretics,elite,Gertrude the Final Wake
Naval Heretics,elite,Casimir the Maw Silent
Naval Heretics,elite,Deepborne the Final Wake
Naval Heretics,elite,Frederica the Hull Broken
Naval Heretics,elite,Sabine the Black Drift
Naval Heretics,elite,Cold the Salt-Eaten
Naval Heretics,elite,Gale the Tide Lost
Naval Heretics,elite,Josephine the Tide Lost
Naval Heretics,elite,Dominik the Drowned
Naval Heretics,elite,Cassian the Tide Lost
Naval Heretics,elite,Sebastian the Foam Crowned
Naval Heretics,elite,Keelmark the Drift Lost
Naval Heretics,elite,Blackwater the Rust Wake
Naval Heretics,elite,Theresa the Grave Tide
Naval Heretics,elite,Rift the Wave Eaten
Naval Heretics,elite,Bernadine the Abyss Marked
Naval Heretics,elite,Dorothea the Salt Ghost
Naval Heretics,elite,Wilhelmina the Abyss Marked
Naval Heretics,elite,Johanna the Lanternless
Naval Heretics,elite,Elias the Flood Silent
Naval Heretics,elite,Bernhardt the Salted Wound
Naval Heretics,elite,Tide the Black Wake
Naval Heretics,elite,Voidwake the Foam Crowned
Naval Heretics,elite,Xenia the Flood Silent
Naval Heretics,elite,Reef the Grave Tide
Naval Heretics,elite,Reef the Severed Current
Naval Heretics,elite,Keelmark the Silent Ocean
Naval Heretics,elite,Karl the Iron Salted
Naval Heretics,elite,Sophia the Storm Eater
Naval Heretics,elite,Chain the Tide Lost
Naval Heretics,elite,Sunder the Drowned Voice
Naval Heretics,elite,Julius the Lantern Lost
Naval Heretics,elite,Viktoria the Hollow Wake
Naval Heretics,elite,Dietrich the Maw Silent
Naval Heretics,elite,Gertrude the Abyss Born
Naval Heretics,elite,Florian the Deep Marked
Naval Heretics,elite,Karolina the Lantern Lost
Naval Heretics,elite,Seabound the Hull Broken
Naval Heretics,elite,Quentin the Deep Voiced
Naval Heretics,elite,Otto the Abyss Echo
Naval Heretics,elite,Julius the Iron Reef
Naval Heretics,elite,Echo the Hollow Wake
Naval Heretics,elite,Chain the Abyss Marked
Naval Heretics,elite,Anchor the Barnacle Crowned
Naval Heretics,elite,Quentin the Foam Born
Naval Heretics,elite,Foam the Hollow Sea
Naval Heretics,elite,Frederica the Flood Silent
Naval Heretics,elite,Wave the Undertow Marked
Naval Heretics,elite,Storm the Deep Voiced
Naval Heretics,elite,Josephine the Lanternless
Naval Heretics,elite,Seabound the Maw Bound
Naval Heretics,elite,Ursula the Flood Silent
Naval Heretics,elite,Elfriede the Iron Salted
Naval Heretics,elite,Sunder the Maw Silent
Naval Heretics,elite,Abyssal the Maw Silent
Naval Heretics,elite,Leopold the Lanternless
Naval Heretics,elite,Margarethe the Deep Voiced
Naval Heretics,elite,Zara the Salt-Eaten
Naval Heretics,elite,Marcus the Lantern Lost
Naval Heretics,elite,Dietrich the Deep Reborn
Naval Heretics,elite,Ingeborg the Hull Haunted
Naval Heretics,elite,Lukas the Foam Born
Naval Heretics,elite,Ignaz the Black Depth
Naval Heretics,elite,Seabound the Abyss Born
Naval Heretics,elite,Stormwake the Abyss Echo
Naval Heretics,elite,Deepborne the Lantern Lost
Naval Heretics,elite,Barnacle the Black Wake
Naval Heretics,elite,Keelmark the Black Drift
Naval Heretics,elite,Adelheid the Hollow Sea
Naval Heretics,elite,Anton the Broken Hull
Naval Heretics,elite,Rupert the Abyss Marked
Naval Heretics,elite,Wilhelm the Rusted Deep
Naval Heretics,elite,Otto the Deep Marked
Naval Heretics,elite,Conrad the Storm Scarred
Naval Heretics,elite,Dietrich the Rusted Deep
Naval Heretics,elite,Tideghost the Undertow Marked
Naval Heretics,elite,Sebastian the Maw Silent
Naval Heretics,elite,Henrietta the Abyss Born
Naval Heretics,elite,Seabound the Final Wake
Naval Heretics,elite,Quentin the Iron Salted
Naval Heretics,elite,Cold the Abyss Marked
Naval Heretics,elite,Paulina the Salt-Eaten
Naval Heretics,elite,Cold the Maw Silent
Naval Heretics,elite,Amalia the Salt Blind
Naval Heretics,leader,The Hollow Sea Marshal Tobias
Naval Heretics,leader,The Salted Crown Executor
Naval Heretics,leader,The Drowned Banner Keeper
Naval Heretics,leader,The Hollow Sea Marshal
Naval Heretics,leader,High Captain of the Abyssal Fleet
Naval Heretics,leader,The Deepborn Inquisitor Foam
Naval Heretics,leader,The Storm-Bound Prelate of Waves
Naval Heretics,leader,The Silent Depth Admiral Tide
Naval Heretics,leader,The Black Foam Strategist
Naval Heretics,leader,The Broken Compass Admiral
Naval Heretics,leader,The Salted Inquisitor of the Deep
Naval Heretics,leader,The Lanternless Admiral Damian
Naval Heretics,leader,The Maw of the Ocean War
Naval Heretics,leader,The Deepborn Inquisitor
Naval Heretics,leader,The Iron Undertow Marshal
Naval Heretics,leader,The Drowned Banner Keeper
Naval Heretics,leader,Lord-Admiral of the Drowned Host
Naval Heretics,leader,The Deepborn Inquisitor Siren
Naval Heretics,leader,The Drowned Warmaster Gertrude
Naval Heretics,leader,Keeper of the Storm Psalms
Naval Heretics,leader,Warden of the Flooded Saints
Naval Heretics,leader,The Flooded Cardinal of Tides
Naval Heretics,leader,The Salt Prophet of the Keel
Naval Heretics,leader,The Salt Prophet of the Keel
Naval Heretics,leader,The Black Admiral of No Return
Naval Heretics,leader,The Silent Depth Admiral Deep
Naval Heretics,leader,The Silent Depth Admiral
Naval Heretics,leader,Lord-Admiral of the Drowned Host
Naval Heretics,leader,The Lanternless Navigator
Naval Heretics,leader,The Storm-Bound Prelate of Waves
Naval Heretics,leader,Lord-Admiral of the Drowned Host
Naval Heretics,leader,The Lantern of the Deep War
Naval Heretics,leader,The Abyssal Sea Judge Hugo
Naval Heretics,leader,The Black Admiral of No Return
Naval Heretics,leader,The Deepborn Inquisitor
Naval Heretics,leader,The Rusted Admiral Eternal
Naval Heretics,leader,Warden of the Flooded Saints
Naval Heretics,leader,Keeper of the Abyssal Charts
Naval Heretics,leader,The Abyssal Sea Judge Tiber
Naval Heretics,leader,The Flooded Cardinal of Tides
Naval Heretics,leader,The Flooded Cardinal of Tides
Naval Heretics,leader,Master of the Hollow Seas
Naval Heretics,leader,The Iron Tide Commander
Naval Heretics,leader,Keeper of the Storm Psalms
Naval Heretics,leader,The Stormwake Commander
Naval Heretics,leader,The Maw of the Ocean War
Naval Heretics,leader,The Hollow Sea Marshal Julius
Naval Heretics,leader,The Final Tidebreaker
Naval Heretics,leader,The Flooded Cardinal of Tides
Naval Heretics,leader,The Iron Tide Commander Chain
Naval Heretics,leader,The Leviathan Tactician Hull
Naval Heretics,leader,The Deepborn Inquisitor
Naval Heretics,leader,The Severed Admiral of Saints
Naval Heretics,leader,Master of the Hollow Seas
Naval Heretics,leader,The Rusted Admiral Eternal
Naval Heretics,leader,Keeper of the Abyssal Charts
Naval Heretics,leader,The Barnacle Lord of War
Naval Heretics,leader,The Lanternless Admiral Maxim
Naval Heretics,leader,The Lantern of the Deep War
Naval Heretics,leader,The Black Admiral of No Return
Naval Heretics,leader,The Silent Lord of Depths
Naval Heretics,leader,The Severed Admiral of Saints
Naval Heretics,leader,Master of the Broken Fleet
Naval Heretics,leader,The Iron Tide Commander
Naval Heretics,leader,The Abyssal Sea Judge Karl
Naval Heretics,leader,The Final Tidebreaker Verena
Naval Heretics,leader,The Leviathan Tactician
Naval Heretics,leader,The Hollow Sea Marshal
Naval Heretics,leader,The Grave Ocean Commander
Naval Heretics,leader,The Saltbound Executor Hugo
Naval Heretics,leader,The Black Admiral of No Return
Naval Heretics,leader,The Abyss Crowned Admiral
Naval Heretics,leader,The Severed Admiral of Saints
Naval Heretics,leader,The Drowned Warmaster Storm
Naval Heretics,leader,The Flooded Executioner of Faith
Naval Heretics,leader,The Flooded Cardinal of Tides
Naval Heretics,leader,Lord-Admiral of the Drowned Host
Naval Heretics,leader,High Executor of the Deep Covenant
Naval Heretics,leader,The Lantern of the Deep War
Naval Heretics,leader,Keeper of the Storm Psalms
Naval Heretics,leader,The Salt Prophet of the Keel
Naval Heretics,leader,The Stormwake Commander
Naval Heretics,leader,The Abyssal Fleet Confessor
Naval Heretics,leader,The Lantern of the Deep War
Naval Heretics,leader,The Rusted Admiral Eternal
Naval Heretics,leader,The Broken Compass Admiral
Naval Heretics,leader,Admiral of the Barnacle Throne
Naval Heretics,leader,The Hollow Sea Marshal Niklaus
Naval Heretics,leader,The Lanternless Navigator Otto
Naval Heretics,leader,Commander of the Severed Horizon
Naval Heretics,leader,The Stormwake Commander
Naval Heretics,leader,High Captain of the Abyssal Fleet
Naval Heretics,leader,The Blackwater Strategos
Naval Heretics,leader,Admiral of the Barnacle Throne
Naval Heretics,leader,The Storm-Bound Prelate of Waves
Naval Heretics,leader,The Iron Tide Commander Yvette
Naval Heretics,leader,The Black Foam Strategist
Naval Heretics,leader,The Abyss Crowned Admiral
Naval Heretics,leader,High Captain of the Abyssal Fleet
Naval Heretics,leader,The Lanternless Admiral Otto
Principality of New Antioch,grunt,Gale Ihl
Principality of New Antioch,grunt,Dorothea Lauer
Principality of New Antioch,grunt,Gregor Iser
Principality of New Antioch,grunt,Cameron Kirchner
Principality of New Antioch,grunt,Ottilie König
Principality of New Antioch,grunt,Casey Kirchner
Principality of New Antioch,grunt,Theodor Jung
Principality of New Antioch,grunt,Damian Weber
Principality of New Antioch,grunt,Ursula Zabel
Principality of New Antioch,grunt,Helena Christophersen
Principality of New Antioch,grunt,Johannes Yorck
Principality of New Antioch,grunt,Anton Hartmann
Principality of New Antioch,grunt,Ottilie Goldmann
Principality of New Antioch,grunt,Rupert Ziegler
Principality of New Antioch,grunt,Noel Wagner
Principality of New Antioch,grunt,Jules Neumann
Principality of New Antioch,grunt,Dominik Möller
Principality of New Antioch,grunt,Yvonne Lichtenberg
Principality of New Antioch,grunt,Annalise Zabel
Principality of New Antioch,grunt,Roman Bähr
Principality of New Antioch,grunt,Aldric Schenk
Principality of New Antioch,grunt,Elisabeth Eichenwald
Principality of New Antioch,grunt,Ray Frisch
Principality of New Antioch,grunt,Ferdinand Köhler
Principality of New Antioch,grunt,Clara Wacker
Principality of New Antioch,grunt,Lane Vetter
Principality of New Antioch,grunt,Natalia Hammer
Principality of New Antioch,grunt,Conrad Vogelstein
Principality of New Antioch,grunt,Teo Nussbaum
Principality of New Antioch,grunt,Hugo Weber
Principality of New Antioch,grunt,Klara Döring
Principality of New Antioch,grunt,Dominik Vogelstein
Principality of New Antioch,grunt,Noel Lorenz
Principality of New Antioch,grunt,Taylor Voigt
Principality of New Antioch,grunt,Anselm Prager
Principality of New Antioch,grunt,Karolina Köhler
Principality of New Antioch,grunt,Heinrich Fischer
Principality of New Antioch,grunt,Bell Seidel
Principality of New Antioch,grunt,Kai Zorn
Principality of New Antioch,grunt,Damian Nehring
Principality of New Antioch,grunt,Xenia Uhlig
Principality of New Antioch,grunt,Viktoria Vogelstein
Principality of New Antioch,grunt,Rowan Xanten
Principality of New Antioch,grunt,Arin Eichenwald
Principality of New Antioch,grunt,Natalia Lorenz
Principality of New Antioch,grunt,Kim Ysenburg
Principality of New Antioch,grunt,Ursula Eichenwald
Principality of New Antioch,grunt,Viktoria Neumann
Principality of New Antioch,grunt,Zion Arndt
Principality of New Antioch,grunt,Casey Xanten
Principality of New Antioch,grunt,Noel Hartmann
Principality of New Antioch,grunt,Friedrich Eisenhart
Principality of New Antioch,grunt,Tobias Urbanek
Principality of New Antioch,grunt,Rupert Nussbaum
Principality of New Antioch,grunt,Reese Kranz
Principality of New Antioch,grunt,Victor Schwarz
Principality of New Antioch,grunt,Dorinda Yorck
Principality of New Antioch,grunt,Sam Nussbaum
Principality of New Antioch,grunt,Taylor Jost
Principality of New Antioch,grunt,Sky Xanten
Principality of New Antioch,grunt,Quinn Voigt
Principality of New Antioch,grunt,Lucien Lang
Principality of New Antioch,grunt,Lieselotte Quade
Principality of New Antioch,grunt,Cameron Arndt
Principality of New Antioch,grunt,Devin Lorenz
Principality of New Antioch,grunt,Paula Habsburg
Principality of New Antioch,grunt,Bell Eisenhart
Principality of New Antioch,grunt,Karl Hohenstein
Principality of New Antioch,grunt,Clara Lorenz
Principality of New Antioch,grunt,Adelheid Pabst
Principality of New Antioch,grunt,Werner Zorn
Principality of New Antioch,grunt,Mathilde Yser
Principality of New Antioch,grunt,Karl Eisenhart
Principality of New Antioch,grunt,Ulrich Oster
Principality of New Antioch,grunt,Hugo Falkenrath
Principality of New Antioch,grunt,Dorinda Herzog
Principality of New Antioch,grunt,Rosamund Schwarz
Principality of New Antioch,grunt,Rowan Frisch
Principality of New Antioch,grunt,Johanna Lehmann
Principality of New Antioch,grunt,Gregor Pabst
Principality of New Antioch,grunt,Yael Schade
Principality of New Antioch,grunt,Margarethe Quedlin
Principality of New Antioch,grunt,Elisabeth Frisch
Principality of New Antioch,grunt,Hildegard Dornfeld
Principality of New Antioch,grunt,Alar Vetter
Principality of New Antioch,grunt,Kasimir Meier
Principality of New Antioch,grunt,Avery Bähr
Principality of New Antioch,grunt,Valeria Möller
Principality of New Antioch,grunt,Elisabeth Zabel
Principality of New Antioch,grunt,Quinn Falkenberg
Principality of New Antioch,grunt,Marlow Teufel
Principality of New Antioch,grunt,Arin Wacker
Principality of New Antioch,grunt,Sasha Arndt
Principality of New Antioch,grunt,Oswald Oster
Principality of New Antioch,grunt,Gale Pohl
Principality of New Antioch,grunt,Markus Seidel
Principality of New Antioch,grunt,Dorinda Engelhardt
Principality of New Antioch,grunt,Sasha Gehring
Principality of New Antioch,grunt,Felicitas Pohl
Principality of New Antioch,grunt,Yael Braun
Principality of New Antioch,elite,The Unyielding Bastion Victor
Principality of New Antioch,elite,The Final Bastion Gregor
Principality of New Antioch,elite,The Dustborne Captain Heinrich
Principality of New Antioch,elite,The Redoubt Warden Zara
Principality of New Antioch,elite,The Siege Confessor Tobias
Principality of New Antioch,elite,Marshal of the Broken Host
Principality of New Antioch,elite,The Blessed Artillerist Victor
Principality of New Antioch,elite,The Storm Warden Christoph
Principality of New Antioch,elite,The Trench Shepherd Thekla
Principality of New Antioch,elite,The Dustborne Captain Jules
Principality of New Antioch,elite,Lord of Broken Saints Xenia
Principality of New Antioch,elite,Saint of No Man’s Land
Principality of New Antioch,elite,Sanctified Gunner Marlow
Principality of New Antioch,elite,Commander of the Hollow March
Principality of New Antioch,elite,The Iron Psalmist Stefanie
Principality of New Antioch,elite,The Blessed Artillerist Sabine
Principality of New Antioch,elite,Captain of the Riven Line
Principality of New Antioch,elite,The Grave Marshal Yael
Principality of New Antioch,elite,The Pale Commander Rosamund
Principality of New Antioch,elite,The Gilded Executioner Miriam
Principality of New Antioch,elite,The Grave Marshal Beatrix
Principality of New Antioch,elite,The Pale Strategist Sasha
Principality of New Antioch,elite,The War Liturgist Paul
Principality of New Antioch,elite,The Blackened Strategos Oakley
Principality of New Antioch,elite,The Iron Confessor Ottilie
Principality of New Antioch,elite,Archon of the Iron Creed Micah
Principality of New Antioch,elite,The Purging Flame Leonora
Principality of New Antioch,elite,Keeper of the Black Standard
Principality of New Antioch,elite,The Iron Psalmist Karolina
Principality of New Antioch,elite,The Dustborne Captain Dietrich
Principality of New Antioch,elite,The Iron Cantor Morgan
Principality of New Antioch,elite,The Pale Commander Hal
Principality of New Antioch,elite,The Iron Psalmist Emilia
Principality of New Antioch,elite,The Blessed Artillerist Noel
Principality of New Antioch,elite,The Redoubt Warden Lane
Principality of New Antioch,elite,The Ironbound Prelate
Principality of New Antioch,elite,The Final Bastion Damian
Principality of New Antioch,elite,The Flame of Antioch Roman
Principality of New Antioch,elite,Archon of the Iron Creed
Principality of New Antioch,elite,The Pale Strategist Robin
Principality of New Antioch,elite,The Sanctum Gunmaster Eveline
Principality of New Antioch,elite,Commander of the Hollow March
Principality of New Antioch,elite,The Silent Tactician Reinhardt
Principality of New Antioch,elite,The Iron Confessor Hal
Principality of New Antioch,elite,The Redoubt Warden Ray
Principality of New Antioch,elite,Lord of Broken Saints Blair
Principality of New Antioch,elite,The Purging Flame Brigitta
Principality of New Antioch,elite,The Dustborne Captain Quinn
Principality of New Antioch,elite,The Unyielding Bastion
Principality of New Antioch,elite,The Silent Tactician
Principality of New Antioch,elite,Knight of the Endless Siege
Principality of New Antioch,elite,Keeper of the Black Standard
Principality of New Antioch,elite,The Iron Confessor Natalia
Principality of New Antioch,elite,Warden of the Blasted Trenches
Principality of New Antioch,elite,The Siege Confessor Leonora
Principality of New Antioch,elite,Warden of the Blasted Trenches
Principality of New Antioch,elite,Captain of the Riven Line
Principality of New Antioch,elite,The Iron Psalmist Gale
Principality of New Antioch,elite,Herald of the Last Bulwark
Principality of New Antioch,elite,The Pale Strategist Fin
Principality of New Antioch,elite,The Ashen Vicar Helena
Principality of New Antioch,elite,The War Liturgist Christoph
Principality of New Antioch,elite,The Blessed Artillerist Zion
Principality of New Antioch,elite,Judge of the Ruined Front
Principality of New Antioch,elite,The Purging Flame Helena
Principality of New Antioch,elite,The Redoubt Warden Johanna
Principality of New Antioch,elite,Keeper of the Seventh Line
Principality of New Antioch,elite,The Pale Commander Zion
Principality of New Antioch,elite,The Dustborne Captain
Principality of New Antioch,elite,The Purging Flame Quinn
Principality of New Antioch,elite,Banner-Saint of Antioch Fin
Principality of New Antioch,elite,Banner-Saint of Antioch
Principality of New Antioch,elite,The Silent Tactician Bell
Principality of New Antioch,elite,Warden of the Blasted Trenches
Principality of New Antioch,elite,The Iron Apostle Bernhard
Principality of New Antioch,elite,Captain of the Riven Line
Principality of New Antioch,elite,Sanctified Gunner Casey
Principality of New Antioch,elite,Lord of Broken Saints Joss
Principality of New Antioch,elite,The Iron Apostle Ingrid
Principality of New Antioch,elite,The Unyielding Bastion Thekla
Principality of New Antioch,elite,Keeper of the Seventh Line
Principality of New Antioch,elite,Sanctified Gunner Karl
Principality of New Antioch,elite,Apostle of Iron Judgment Xenia
Principality of New Antioch,elite,Lord of Broken Saints Paul
Principality of New Antioch,elite,The Ironbound Prelate Rupert
Principality of New Antioch,elite,The Iron Confessor Gregor
Principality of New Antioch,elite,The Storm Warden Karolina
Principality of New Antioch,elite,The Storm Warden Rowan
Principality of New Antioch,elite,The Iron Apostle Florian
Principality of New Antioch,elite,The Unyielding Bastion Sol
Principality of New Antioch,elite,The Ashen Vicar Zara
Principality of New Antioch,elite,Judge of the Ruined Front
Principality of New Antioch,elite,The Grave Marshal Karl
Principality of New Antioch,elite,The Pale Commander Dana
Principality of New Antioch,elite,Sword of the Eastern Wall
Principality of New Antioch,elite,The Sanctum Gunmaster Lucien
Principality of New Antioch,elite,The Storm Warden Lukas
Principality of New Antioch,elite,The Trench Shepherd Morgan
Principality of New Antioch,elite,Saint of No Man’s Land Dana
Principality of New Antioch,elite,The Dustborne Captain Sol
Principality of New Antioch,leader,The Siege Confessor Markus
Principality of New Antioch,leader,The Ember Marshal Reinhardt
Principality of New Antioch,leader,Sentinel of Antioch Yvonne
Principality of New Antioch,leader,The Iron Regent Wynn Thalberg
Principality of New Antioch,leader,Keeper of the Seventh Line Zion
Principality of New Antioch,leader,The Iron Psalmist Rowan Orth
Principality of New Antioch,leader,The Ironbound Prelate Werner
Principality of New Antioch,leader,The Blessed Artillerist Taran
Principality of New Antioch,leader,Herald of the Last Bulwark Adrian
Principality of New Antioch,leader,The Sanctum Gunmaster Johanna
Principality of New Antioch,leader,Captain of the Riven Line Ray
Principality of New Antioch,leader,The Brass Paladin Reinhardt
Principality of New Antioch,leader,Apostle of Iron Judgment Theodor
Principality of New Antioch,leader,Banner-Saint of Antioch Lucien
Principality of New Antioch,leader,The Grave Marshal Lukas Roth
Principality of New Antioch,leader,The Iron Regent Taran Scholz
Principality of New Antioch,leader,Defender of the Second Gate Bell
Principality of New Antioch,leader,The Ashen Vicar Wilhelmina
Principality of New Antioch,leader,Vicar of War and Dust Taran
Principality of New Antioch,leader,The Redoubt Warden Clara
Principality of New Antioch,leader,Vicar of War and Dust Cameron
Principality of New Antioch,leader,Marshal of the Broken Host Sofia
Principality of New Antioch,leader,Marshal of the Broken Host Emilia
Principality of New Antioch,leader,Lord of the Ash Marches Karolina
Principality of New Antioch,leader,The Purging Flame Taran
Principality of New Antioch,leader,The Siege Confessor Emery
Principality of New Antioch,leader,Lord of the Ash Marches Sasha
Principality of New Antioch,leader,Captain of the Riven Line Paula
Principality of New Antioch,leader,Banner-Saint of Antioch Cecilia
Principality of New Antioch,leader,Commander of the Hollow March Kasimir
Principality of New Antioch,leader,The Gilded Executioner Magdalena
Principality of New Antioch,leader,The Iron Cantor Verena
Principality of New Antioch,leader,Saint of No Man’s Land Caspar
Principality of New Antioch,leader,The Purging Flame Rowan Roth
Principality of New Antioch,leader,Sanctified Gunner Helena
Principality of New Antioch,leader,The Pale Commander Paula
Principality of New Antioch,leader,The War Liturgist Werner
Principality of New Antioch,leader,The War Liturgist Jules
Principality of New Antioch,leader,The Flame of Antioch Lane
Principality of New Antioch,leader,High Inquisitor of Salt and Steel Ellis
Principality of New Antioch,leader,Herald of the Last Bulwark Ursula
Principality of New Antioch,leader,Marshal of the Broken Host Thekla
Principality of New Antioch,leader,Sentinel of Antioch Casey
Principality of New Antioch,leader,The Blessed Artillerist Casey
Principality of New Antioch,leader,The Blackened Strategos Sky
Principality of New Antioch,leader,Judge of the Ruined Front Valentin
Principality of New Antioch,leader,The Flame of Antioch Gray
Principality of New Antioch,leader,The Storm Warden Rupert
Principality of New Antioch,leader,Marshal of the Broken Host Lane
Principality of New Antioch,leader,Archon of the Iron Creed Robin
Principality of New Antioch,leader,Herald of the Last Bulwark Oakley
Principality of New Antioch,leader,Captain of the Riven Line Reinhardt
Principality of New Antioch,leader,High Inquisitor of Salt and Steel Johannes
Principality of New Antioch,leader,The Final Bastion Teo Fuchs
Principality of New Antioch,leader,Sanctified Gunner Sofia Jung
Principality of New Antioch,leader,The Siege Confessor Paul Pabst
Principality of New Antioch,leader,Keeper of the Seventh Line Lior
Principality of New Antioch,leader,Commander of the Hollow March Hayden
Principality of New Antioch,leader,The Flame of Antioch Werner
Principality of New Antioch,leader,Lord of Broken Saints Caspar
Principality of New Antioch,leader,Defender of the Second Gate Natalia
Principality of New Antioch,leader,Commander of the Hollow March Yvonne
Principality of New Antioch,leader,Sword of the Eastern Wall Kasimir
Principality of New Antioch,leader,The Blackened Strategos Wilhelmina
Principality of New Antioch,leader,The Ember Marshal Sebastian
Principality of New Antioch,leader,Vicar of War and Dust Morgan
Principality of New Antioch,leader,Vicar of War and Dust Dana
Principality of New Antioch,leader,Sentinel of Antioch Alar
Principality of New Antioch,leader,The Dustborne Captain Yael
Principality of New Antioch,leader,Banner-Saint of Antioch Hugo
Principality of New Antioch,leader,The Merciful Butcher Ilse
Principality of New Antioch,leader,Commander of the Hollow March Marlow
Principality of New Antioch,leader,The Flame of Antioch Johanna
Principality of New Antioch,leader,Archon of the Iron Creed Taylor
Principality of New Antioch,leader,The Ironbound Prelate Anselm
Principality of New Antioch,leader,The Iron Confessor Werner
Principality of New Antioch,leader,Captain of the Riven Line Johannes
Principality of New Antioch,leader,Warden of the Blasted Trenches Brigitta
Principality of New Antioch,leader,Bearer of the Unbroken Oath Felicitas
Principality of New Antioch,leader,The Blessed Artillerist Devin
Principality of New Antioch,leader,Judge of the Ruined Front Oakley
Principality of New Antioch,leader,The Silent Tactician Viktoria
Principality of New Antioch,leader,The Final Bastion Cecilia Orth
Principality of New Antioch,leader,The Redoubt Warden Markus
Principality of New Antioch,leader,The Iron Psalmist Joss Dietz
Principality of New Antioch,leader,The War Liturgist Harper Orth
Principality of New Antioch,leader,Banner-Saint of Antioch Elias
Principality of New Antioch,leader,The Merciful Butcher Bell
Principality of New Antioch,leader,Knight of the Endless Siege Klara
Principality of New Antioch,leader,The Iron Psalmist Conrad
Principality of New Antioch,leader,High Inquisitor of Salt and Steel Yael
Principality of New Antioch,leader,The Blackened Strategos Gabriel
Principality of New Antioch,leader,The Unyielding Bastion Paula
Principality of New Antioch,leader,The Trench Shepherd Dorinda
Principality of New Antioch,leader,The Unyielding Bastion Agnes
Principality of New Antioch,leader,The Storm Warden Rowan Ulbrich
Principality of New Antioch,leader,The War Liturgist Loren Schade
Principality of New Antioch,leader,Defender of the Second Gate Karolina
Principality of New Antioch,leader,Defender of the Second Gate Yvonne
Principality of New Antioch,leader,The Grave Marshal Karl Orth
Papal States,grunt,Prosper Sancti Severi
Papal States,grunt,Gaius Sancti Justi
Papal States,grunt,Lucia Sancti Lucii
Papal States,grunt,Gregorius Sancti Bonifatii
Papal States,grunt,Bellum
Papal States,grunt,Remigius Ordo Primus
Papal States,grunt,Marcella Sancti Prosperi
Papal States,grunt,Valerius
Papal States,grunt,Urbana Guardia Sacra
Papal States,grunt,Octavius Dominium Pontificium
Papal States,grunt,Ultimus Collegium Cardinalium
Papal States,grunt,Lucius Ordo Tertius
Papal States,grunt,Theodora Guardia Sacra
Papal States,grunt,Bellum Sancti Philippi
Papal States,grunt,Clarus Ordo Luminis
Papal States,grunt,Felix Ordo Gladii
Papal States,grunt,Gregoria Sancti Ignatii
Papal States,grunt,Clara Sancti Quintini
Papal States,grunt,Antonius Ordo Vetus
Papal States,grunt,Urbanus Sancti Quintini
Papal States,grunt,Maximus Ordinis Sancti Ignatii
Papal States,grunt,Flaviana Sancti Augustini
Papal States,grunt,Lex Ordo Terrae
Papal States,grunt,Secundus Sancti Romani
Papal States,grunt,Flaviana Guardia Sacra
Papal States,grunt,Martina Collegium Cardinalium
Papal States,grunt,Titus Praetorium Fidei
Papal States,grunt,Prisca Ordo Caeli
Papal States,grunt,Ignis Sancti Clementis Secundi
Papal States,grunt,Honoratus
Papal States,grunt,Lex Sancti Andreae
Papal States,grunt,Fabiana Archivum Sacrum
Papal States,grunt,Romana Ordo Tertius
Papal States,grunt,Fabianus Sancti Bonifatii
Papal States,grunt,Cassia Sancti Pauli Apostoli
Papal States,grunt,Lux Ordo Aqua
Papal States,grunt,Secundus Ordo Umbrae
Papal States,grunt,Lucia Ordo Primus
Papal States,grunt,Silentium Inquisitio Sancta
Papal States,grunt,Bellum Sancti Remigii
Papal States,grunt,Gladius
Papal States,grunt,Index Sancti Jacobi
Papal States,grunt,Zosimus Sancti Hieronymi
Papal States,grunt,Gloria Sancti Judae
Papal States,grunt,Sabina Sancti Dominici
Papal States,grunt,Fabiana
Papal States,grunt,Obscurus Sancti Petri Apostoli
Papal States,grunt,Honorata Sancti Victoris
Papal States,grunt,Angela Sancti Fabiani
Papal States,grunt,Antonia Sancti Anselmi
Papal States,grunt,Martinus Ordo Luminis
Papal States,grunt,Aqua Ordo Decimus
Papal States,grunt,Spiritus Ordo Ignis Secundus
Papal States,grunt,Damiana
Papal States,grunt,Flamma Collegium Diaconorum
Papal States,grunt,Bonifatius Sancti Tiberii
Papal States,grunt,Marcus Sancti Celestini
Papal States,grunt,Zosima Ordo Silentii
Papal States,grunt,Primus Sancti Jacobi
Papal States,grunt,Clarus Ordo Scripturae
Papal States,grunt,Sanctus Militia Sancta
Papal States,grunt,Gregorius Ordo Primus
Papal States,grunt,Marcus Sancti Dominici
Papal States,grunt,Votum Sancti Laurentii
Papal States,grunt,Bonifatius Sancti Ambrosii
Papal States,grunt,Martinus Sancti Leonis
Papal States,grunt,Theodora Cohors Pontificia
Papal States,grunt,Lumen Sancti Matthaei
Papal States,grunt,Antonia Ordo Tertius
Papal States,grunt,Zosimus
Papal States,grunt,Anselmus Officium Sanctum
Papal States,grunt,Ordo Sancti Xysti
Papal States,grunt,Antonius
Papal States,grunt,Valeria Archivum Sacrum
Papal States,grunt,Victorinus
Papal States,grunt,Dominicus Ordo Octavus
Papal States,grunt,Cassia Inquisitio Sancta
Papal States,grunt,Veritas Sancti Ignatii
Papal States,grunt,Ignatia Sancti Marcelli
Papal States,grunt,Aqua Ordo Umbrae
Papal States,grunt,Urbana Ordo Octavus
Papal States,grunt,Aurelius Collegium Apostolicum
Papal States,grunt,Signum Sancti Ignatii
Papal States,grunt,Aqua Custodia Fidei
Papal States,grunt,Profundus Ordo Veritatis
Papal States,grunt,Servius Ordo Caeli
Papal States,grunt,Aurelia Vicarius Christi
Papal States,grunt,Clarus Inquisitio Sancta
Papal States,grunt,Bellum
Papal States,grunt,Lumen Sancti Cornelii
Papal States,grunt,Xystina Ordo Aqua
Papal States,grunt,Adriana Sancti Celestini
Papal States,grunt,Clara Guardia Sacra
Papal States,grunt,Silentium Ordo Octavus
Papal States,grunt,Honoratus Ordo Septimus
Papal States,grunt,Flavianus Sancti Pauli
Papal States,grunt,Petra Sacrum Consilium
Papal States,grunt,Aurelia Sacra Congregatio
Papal States,grunt,Octavius Custodia Fidei
Papal States,grunt,Marina Ordo Gladii
Papal States,elite,The Inquisitorial Warden
Papal States,elite,Commander of the Ordo Ferrum
Papal States,elite,The Curial Marshal of Light
Papal States,elite,The Inquisitorial Warden
Papal States,elite,The Papal War Confessor
Papal States,elite,The Papal War Confessor Marina
Papal States,elite,The Holy Strategist of the Curia
Papal States,elite,The Iron Vicar General Votum
Papal States,elite,Prefect of the Sacred Armies
Papal States,elite,The Holy Regent of War Bellum
Papal States,elite,Sentinel of the Holy See Petra
Papal States,elite,The Crimson Confessor Maximus
Papal States,elite,The Holy Regent of War Fabiana
Papal States,elite,Commander of the Papal War Cohorts
Papal States,elite,The Bishop of Iron Judgment
Papal States,elite,The Curial Marshal of Light
Papal States,elite,The Apostolic Executioner
Papal States,elite,Prefect of the Sacred Armies
Papal States,elite,High Inquisitor of the Eternal See
Papal States,elite,The Holy Regent of War Julius
Papal States,elite,The Bishop of Iron Judgment
Papal States,elite,The Last Defender of Rome
Papal States,elite,The Curial Marshal of Light
Papal States,elite,Commander of the Ordo Ferrum
Papal States,elite,The Iron Vicar General
Papal States,elite,The Holy Magistrate of War
Papal States,elite,Lord of the Sacred Citadel
Papal States,elite,The Holy Executor of Heresy
Papal States,elite,Master of the Pontifical Ordinance
Papal States,elite,The Red Sanctifier Regina
Papal States,elite,Commander of the Ordo Ferrum
Papal States,elite,The Holy Executor of Heresy
Papal States,elite,The Holy Regent of War
Papal States,elite,The Liturgical Warmaster
Papal States,elite,The Apostolic Executioner
Papal States,elite,Prefect of the Sacred Armies
Papal States,elite,Defender of the Vatican Redoubt
Papal States,elite,Supreme Pontifical Marshal of the Faithful Host
Papal States,elite,Arch-Custodian of Doctrine and Steel
Papal States,elite,Judge of the Faithful Blades
Papal States,elite,The Liturgical Warmaster Nox
Papal States,elite,High Tribune of the Vatican Host
Papal States,elite,Vicar of the Burning Cross
Papal States,elite,The Last Defender of Rome
Papal States,elite,The Liturgical Warmaster
Papal States,elite,The Holy Strategist of the Curia
Papal States,elite,The Pontifical Bannerlord
Papal States,elite,The Crimson Confessor Maxima
Papal States,elite,The Sanctified Commander
Papal States,elite,Arch-Custodian of Doctrine and Steel
Papal States,elite,The Cardinal of Ashen War
Papal States,elite,The Holy Magistrate of War Lux
Papal States,elite,The Cardinal of Ashen War
Papal States,elite,The Curial Marshal of Light
Papal States,elite,Keeper of the Burning Codex
Papal States,elite,The Pontifical Bannerlord
Papal States,elite,The Iron Cardinal of War
Papal States,elite,Prefect of the Sacred Armies
Papal States,elite,The Iron Cardinal of War
Papal States,elite,The Sanctified Commander
Papal States,elite,The Crimson Confessor Prisca
Papal States,elite,The Bishop of Iron Judgment
Papal States,elite,The Iron Vicar General Vox
Papal States,elite,The Last Defender of Rome
Papal States,elite,The Liturgical Warmaster
Papal States,elite,The Shield of Saint Peter
Papal States,elite,The Apostolic Warlord Porta
Papal States,elite,The Pontifical Bannerlord Lux
Papal States,elite,The Pontifical Bannerlord
Papal States,elite,The Liturgical Warmaster
Papal States,elite,The Papal Strategos Benedictus
Papal States,elite,Commander of the Ordo Ferrum
Papal States,elite,The Pontifical Bannerlord
Papal States,elite,Prefect of the Sacred Armies
Papal States,elite,Lord of the Sacred Citadel
Papal States,elite,The Bishop of Iron Judgment
Papal States,elite,The Apostolic Executioner
Papal States,elite,The Curial Marshal of Light
Papal States,elite,The Curial Marshal of Light
Papal States,elite,Commander of the Papal War Cohorts
Papal States,elite,Master of the Pontifical Ordinance
Papal States,elite,The Silent Prefect Celestina
Papal States,elite,The Bishop of Iron Judgment
Papal States,elite,The Last Defender of Rome
Papal States,elite,Judge of the Faithful Blades
Papal States,elite,Commander of the Ordo Ferrum
Papal States,elite,Commander of the Ordo Ferrum
Papal States,elite,The Holy Executor of Heresy
Papal States,elite,Warden of the Eternal Doctrine
Papal States,elite,The Apostolic Flamebearer Ordo
Papal States,elite,The Iron Vicar General Cecilia
Papal States,elite,The Papal War Confessor
Papal States,elite,The Vicar of Steel and Faith
Papal States,elite,The Crimson Confessor
Papal States,elite,Sword-Bearer of Saint Peter’s Throne
Papal States,elite,The Papal Strategos Paulus
Papal States,elite,Defender of the Vatican Redoubt
Papal States,elite,The Curial Marshal of Light
Papal States,elite,Judge of the Faithful Blades
Papal States,elite,Defender of the Vatican Redoubt
Papal States,leader,The Iron Vicar General Prisca
Papal States,leader,High Inquisitor of the Eternal See
Papal States,leader,The Apostolic Warlord Fidelis
Papal States,leader,The Bishop of Iron Judgment
Papal States,leader,The Liturgical Warmaster
Papal States,leader,Keeper of the Burning Codex
Papal States,leader,The Iron Cardinal of War
Papal States,leader,Keeper of the Burning Codex
Papal States,leader,The Bishop of Iron Judgment
Papal States,leader,Arch-Custodian of Doctrine and Steel
Papal States,leader,The Iron Vicar General Cassia
Papal States,leader,The Holy Strategist of the Curia
Papal States,leader,The Crimson Confessor
Papal States,leader,The Last Defender of Rome
Papal States,leader,The Liturgical Warmaster
Papal States,leader,The Last Defender of Rome
Papal States,leader,High Tribune of the Vatican Host
Papal States,leader,The Sanctified Commander Gaius
Papal States,leader,The Liturgical Warmaster
Papal States,leader,Sword-Bearer of Saint Peter’s Throne
Papal States,leader,Defender of the Vatican Redoubt
Papal States,leader,Grand Inquisitor of the Outer Darkness
Papal States,leader,Vicar of the Burning Cross
Papal States,leader,The Red Sanctifier Ultimus
Papal States,leader,The Inquisitorial Warden Vetus
Papal States,leader,The Holy Strategist of the Curia
Papal States,leader,The Holy Magistrate of War
Papal States,leader,Keeper of the Keys of War
Papal States,leader,The Red Sanctifier Martina
Papal States,leader,Keeper of the Keys of War
Papal States,leader,The Iron Prelate of War Urbana
Papal States,leader,Keeper of the Burning Codex
Papal States,leader,Arch-Custodian of Doctrine and Steel
Papal States,leader,Supreme Pontifical Marshal of the Faithful Host
Papal States,leader,Master of the Pontifical Ordinance
Papal States,leader,Judge of the Faithful Blades
Papal States,leader,The Bishop of Iron Judgment
Papal States,leader,The Sanctified Commander
Papal States,leader,High Inquisitor of the Eternal See
Papal States,leader,Keeper of the Burning Codex
Papal States,leader,Sentinel of the Holy See
Papal States,leader,The Silent Prefect Elizia
Papal States,leader,The Curial Marshal of Light
Papal States,leader,The Holy Regent of War Marina
Papal States,leader,Lord Vicar of the Holy Front
Papal States,leader,Sentinel of the Holy See
Papal States,leader,Legate of the Crimson Curia
Papal States,leader,The Apostolic Warlord Felix
Papal States,leader,The Eternal Custos Bellorum
Papal States,leader,The Defender of the Final Creed
Papal States,leader,The Inquisitorial Warden
Papal States,leader,The Iron Vicar General Marcus
Papal States,leader,The Silent Prefect Sacra
Papal States,leader,The Eternal Custos Bellorum
Papal States,leader,The Holy Strategist of the Curia
Papal States,leader,Sword-Bearer of Saint Peter’s Throne
Papal States,leader,The Iron Prelate of War
Papal States,leader,The Pontifical Bannerlord
Papal States,leader,The Shield of Saint Peter Nova
Papal States,leader,The Papal Strategos Ordo
Papal States,leader,The Holy Magistrate of War
Papal States,leader,The Last Defender of Rome
Papal States,leader,Sentinel of the Holy See
Papal States,leader,The Papal Strategos Laurentia
Papal States,leader,Lord of the Sacred Citadel
Papal States,leader,The Sanctified Commander Vox
Papal States,leader,Supreme Pontifical Marshal of the Faithful Host
Papal States,leader,Master of the Pontifical Ordinance
Papal States,leader,Sentinel of the Holy See
Papal States,leader,Grand Inquisitor of the Outer Darkness
Papal States,leader,The Red Sanctifier Damianus
Papal States,leader,The Inquisitorial Warden
Papal States,leader,Keeper of the Burning Codex
Papal States,leader,The Silent Prefect Eligius
Papal States,leader,The Vicar of Steel and Faith
Papal States,leader,Marshal of the Sacred Legion
Papal States,leader,Master of the Curial Host
Papal States,leader,The Papal Strategos Xystus
Papal States,leader,The Pontifical Bannerlord Ordo
Papal States,leader,High Tribune of the Vatican Host
Papal States,leader,Arch-Custodian of Doctrine and Steel
Papal States,leader,The Bishop of Iron Judgment
Papal States,leader,Master of the Curial Host
Papal States,leader,Warden of the Eternal Doctrine
Papal States,leader,The Iron Prelate of War Caelum
Papal States,leader,The Cardinal of Ashen War
Papal States,leader,Keeper of the Apostolic Flame
Papal States,leader,The Curial Marshal of Light
Papal States,leader,Judge of the Faithful Blades
Papal States,leader,The Crimson Confessor Ignatia
Papal States,leader,The Curial Marshal of Light
Papal States,leader,High Inquisitor of the Eternal See
Papal States,leader,High Tribune of the Vatican Host
Papal States,leader,The Apostolic Flamebearer
Papal States,leader,The Bishop of Iron Judgment
Papal States,leader,The Papal War Confessor
Papal States,leader,The Last Defender of Rome
Papal States,leader,Master of the Curial Host
Papal States,leader,The Silent Prefect Veritas
Papal States,leader,Keeper of the Apostolic Flame
Procession of the Sacred Affliction,grunt,Pulse
Procession of the Sacred Affliction,grunt,Hannah
Procession of the Sacred Affliction,grunt,Ruth
Procession of the Sacred Affliction,grunt,Aurelia
Procession of the Sacred Affliction,grunt,Joanna
Procession of the Sacred Affliction,grunt,Fever
Procession of the Sacred Affliction,grunt,Nathaniel
Procession of the Sacred Affliction,grunt,Eliana Scarlet Cough Revival
Procession of the Sacred Affliction,grunt,Weeping
Procession of the Sacred Affliction,grunt,Tobias
Procession of the Sacred Affliction,grunt,Drain
Procession of the Sacred Affliction,grunt,Anna
Procession of the Sacred Affliction,grunt,Ruth
Procession of the Sacred Affliction,grunt,Juliana Divine Septic Bloom
Procession of the Sacred Affliction,grunt,Agnes
Procession of the Sacred Affliction,grunt,Marius
Procession of the Sacred Affliction,grunt,Adrian Quarantine Line Sigma-7
Procession of the Sacred Affliction,grunt,Lucia
Procession of the Sacred Affliction,grunt,Tabitha Divine Septic Chain
Procession of the Sacred Affliction,grunt,Thomas
Procession of the Sacred Affliction,grunt,Shiver
Procession of the Sacred Affliction,grunt,Lazarus
Procession of the Sacred Affliction,grunt,Naomi
Procession of the Sacred Affliction,grunt,Eliana
Procession of the Sacred Affliction,grunt,Dorothea
Procession of the Sacred Affliction,grunt,Jonas Holy Rot of Karst
Procession of the Sacred Affliction,grunt,Magdalena
Procession of the Sacred Affliction,grunt,Weeping
Procession of the Sacred Affliction,grunt,Abel Sacred Necrotic Bloom
Procession of the Sacred Affliction,grunt,Oren
Procession of the Sacred Affliction,grunt,Plague
Procession of the Sacred Affliction,grunt,Elizabeth
Procession of the Sacred Affliction,grunt,Joanna
Procession of the Sacred Affliction,grunt,Hollow
Procession of the Sacred Affliction,grunt,Naomi
Procession of the Sacred Affliction,grunt,Drain
Procession of the Sacred Affliction,grunt,Deborah
Procession of the Sacred Affliction,grunt,Agnes
Procession of the Sacred Affliction,grunt,Vesta
Procession of the Sacred Affliction,grunt,Marcella
Procession of the Sacred Affliction,grunt,Leah
Procession of the Sacred Affliction,grunt,Marthael
Procession of the Sacred Affliction,grunt,Liora
Procession of the Sacred Affliction,grunt,Valeria
Procession of the Sacred Affliction,grunt,Hannah
Procession of the Sacred Affliction,grunt,Damian
Procession of the Sacred Affliction,grunt,Abel
Procession of the Sacred Affliction,grunt,Sophia
Procession of the Sacred Affliction,grunt,Quarantine
Procession of the Sacred Affliction,grunt,Pale
Procession of the Sacred Affliction,grunt,Quarantine Divine Septic Chain
Procession of the Sacred Affliction,grunt,Agnes
Procession of the Sacred Affliction,grunt,Barnaby
Procession of the Sacred Affliction,grunt,Joanna
Procession of the Sacred Affliction,grunt,Rachel
Procession of the Sacred Affliction,grunt,Cassia
Procession of the Sacred Affliction,grunt,Ambrose
Procession of the Sacred Affliction,grunt,Mark Miracle of the Open Wound
Procession of the Sacred Affliction,grunt,Broken
Procession of the Sacred Affliction,grunt,Helena
Procession of the Sacred Affliction,grunt,Lumen Holy Rot of Karst
Procession of the Sacred Affliction,grunt,Sebastian
Procession of the Sacred Affliction,grunt,Ambrose
Procession of the Sacred Affliction,grunt,Joanna
Procession of the Sacred Affliction,grunt,Drain
Procession of the Sacred Affliction,grunt,Mark
Procession of the Sacred Affliction,grunt,Orion
Procession of the Sacred Affliction,grunt,Ignatius
Procession of the Sacred Affliction,grunt,Rachel
Procession of the Sacred Affliction,grunt,Marius
Procession of the Sacred Affliction,grunt,Seraphina
Procession of the Sacred Affliction,grunt,Sick
Procession of the Sacred Affliction,grunt,Benedict
Procession of the Sacred Affliction,grunt,Oren
Procession of the Sacred Affliction,grunt,Clara
Procession of the Sacred Affliction,grunt,Vein
Procession of the Sacred Affliction,grunt,Breath
Procession of the Sacred Affliction,grunt,Salt
Procession of the Sacred Affliction,grunt,Tabitha
Procession of the Sacred Affliction,grunt,Rachel
Procession of the Sacred Affliction,grunt,Sallow
Procession of the Sacred Affliction,grunt,Quarantine
Procession of the Sacred Affliction,grunt,Matthias
Procession of the Sacred Affliction,grunt,Sallow
Procession of the Sacred Affliction,grunt,Micah
Procession of the Sacred Affliction,grunt,Rotting
Procession of the Sacred Affliction,grunt,Cracked
Procession of the Sacred Affliction,grunt,Dusk
Procession of the Sacred Affliction,grunt,Malachi
Procession of the Sacred Affliction,grunt,Bloom
Procession of the Sacred Affliction,grunt,Soot Black Lung Benediction
Procession of the Sacred Affliction,grunt,Joel
Procession of the Sacred Affliction,grunt,Beatrice
Procession of the Sacred Affliction,grunt,Gloom
Procession of the Sacred Affliction,grunt,Luke
Procession of the Sacred Affliction,grunt,Lydia Rot of the Drowned Light
Procession of the Sacred Affliction,grunt,Thomas
Procession of the Sacred Affliction,grunt,Verena
Procession of the Sacred Affliction,grunt,Pox
Procession of the Sacred Affliction,grunt,Quarantine
Procession of the Sacred Affliction,elite,Jonas the Ashen Mercy
Procession of the Sacred Affliction,elite,Rachel the Suture Wounded
Procession of the Sacred Affliction,elite,Noemi the Blight Bound
Procession of the Sacred Affliction,elite,Joel the Sacredly Afflicted
Procession of the Sacred Affliction,elite,Salome the Blight Held
Procession of the Sacred Affliction,elite,Victor the Luminous Rot
Procession of the Sacred Affliction,elite,Vesta the Divine Sickness
Procession of the Sacred Affliction,elite,Cough the Fever Wrapped
Procession of the Sacred Affliction,elite,Cassia the Infection Held
Procession of the Sacred Affliction,elite,Benedict the Plague Marked
Procession of the Sacred Affliction,elite,Althea the Rot Silent
Procession of the Sacred Affliction,elite,Hum the Sacredly Afflicted
Procession of the Sacred Affliction,elite,Sick the Mercy Burning
Procession of the Sacred Affliction,elite,Blight the Sacred Scar
Procession of the Sacred Affliction,elite,Victor the Ash Sickened
Procession of the Sacred Affliction,elite,Gloom the Mercy Burning
Procession of the Sacred Affliction,elite,Cyril the Burning Infection
Procession of the Sacred Affliction,elite,Cyril the Broken Skin Sainted
Procession of the Sacred Affliction,elite,Gabriel the Final Affliction
Procession of the Sacred Affliction,elite,Cyril the Rotting Blessed
Procession of the Sacred Affliction,elite,Malachi the Fever Lit
Procession of the Sacred Affliction,elite,Damian the Hollowed Flesh
Procession of the Sacred Affliction,elite,Cracked the Quarantine Silent
Procession of the Sacred Affliction,elite,Peter the Infection Held
Procession of the Sacred Affliction,elite,Felix the Quarantine Silent
Procession of the Sacred Affliction,elite,Ambrose the Hollow Infection
Procession of the Sacred Affliction,elite,Eliasar the Ash Marked
Procession of the Sacred Affliction,elite,Irene the Broken Skin Sainted
Procession of the Sacred Affliction,elite,Talia the Mercy Blighted
Procession of the Sacred Affliction,elite,Theodora the Rotting Blessed
Procession of the Sacred Affliction,elite,Ambrose the Red Mercy Touched
Procession of the Sacred Affliction,elite,Fever the Rotting Blessed
Procession of the Sacred Affliction,elite,Lazarus the Plague Whispered
Procession of the Sacred Affliction,elite,Althea the Final Affliction
Procession of the Sacred Affliction,elite,Pox the Hollow Mercy
Procession of the Sacred Affliction,elite,Sick the Mercy Burning
Procession of the Sacred Affliction,elite,Lydia the Plague Marked
Procession of the Sacred Affliction,elite,Ambrose the Quarantine Born
Procession of the Sacred Affliction,elite,Null the Mercy Burning
Procession of the Sacred Affliction,elite,Althea the Luminous Diseased
Procession of the Sacred Affliction,elite,Ruth the Quarantine Silent
Procession of the Sacred Affliction,elite,Tabitha the Ashen Sick
Procession of the Sacred Affliction,elite,Vesta the Mercy Scarred
Procession of the Sacred Affliction,elite,Ignatius the Plague Marked
Procession of the Sacred Affliction,elite,Talia the Mercy Diseased
Procession of the Sacred Affliction,elite,Damian the Quarantine Silent
Procession of the Sacred Affliction,elite,Miriam the Luminous Diseased
Procession of the Sacred Affliction,elite,Fever the Infection Blessed
Procession of the Sacred Affliction,elite,Aaron the Blight Bearing
Procession of the Sacred Affliction,elite,Mire the Plague Consumed
Procession of the Sacred Affliction,elite,Weeping the Fever Blessed
Procession of the Sacred Affliction,elite,Aurelia
Procession of the Sacred Affliction,elite,Helena the Quarantine Bound
Procession of the Sacred Affliction,elite,Sebastian the Ash Marked
Procession of the Sacred Affliction,elite,Oren the Fever Unbroken
Procession of the Sacred Affliction,elite,Sebastian the Divine Sickness
Procession of the Sacred Affliction,elite,Althea the Sainted Disease
Procession of the Sacred Affliction,elite,Mary the Sacredly Wounded
Procession of the Sacred Affliction,elite,Bloom the Suture Wounded
Procession of the Sacred Affliction,elite,Aurelia the Luminous Rot
Procession of the Sacred Affliction,elite,Cradle the Broken Skin Sainted
Procession of the Sacred Affliction,elite,Andrew the Divine Sickness
Procession of the Sacred Affliction,elite,Tabitha the Hollow Fevered
Procession of the Sacred Affliction,elite,Salome the Quarantine Silent
Procession of the Sacred Affliction,elite,Luke the Ashen Plagued
Procession of the Sacred Affliction,elite,Pulse the Quarantine Scarred
Procession of the Sacred Affliction,elite,Cracked the Broken Affliction
Procession of the Sacred Affliction,elite,Fever the Ashen Mercy
Procession of the Sacred Affliction,elite,Rift the Mercy Diseased
Procession of the Sacred Affliction,elite,Oren the Mercy Scarred
Procession of the Sacred Affliction,elite,Magdalena
Procession of the Sacred Affliction,elite,Ruth the Mercy Burning
Procession of the Sacred Affliction,elite,Jarek the Sainted Disease
Procession of the Sacred Affliction,elite,Blessed
Procession of the Sacred Affliction,elite,Salome the Mercy Scarred
Procession of the Sacred Affliction,elite,Cracked the Fever Eternal
Procession of the Sacred Affliction,elite,Elizabeth the Suture Wounded
Procession of the Sacred Affliction,elite,Aaron the Plague Whispered
Procession of the Sacred Affliction,elite,Cornelius the Hollow Infection
Procession of the Sacred Affliction,elite,Amos the Suture Wounded
Procession of the Sacred Affliction,elite,Rachel the Hollow Infection
Procession of the Sacred Affliction,elite,Elias the Ash Sickened
Procession of the Sacred Affliction,elite,Isolde the Ashen Mercy
Procession of the Sacred Affliction,elite,Blight the Plague Silent
Procession of the Sacred Affliction,elite,Tobias the Ashen Plagued
Procession of the Sacred Affliction,elite,Breath the Rot Crowned
Procession of the Sacred Affliction,elite,Isaac the Mercy Diseased
Procession of the Sacred Affliction,elite,Adrian the Sacredly Afflicted
Procession of the Sacred Affliction,elite,Vesta the Blight Bound
Procession of the Sacred Affliction,elite,Mercy the Hollow Fevered
Procession of the Sacred Affliction,elite,Marcella the Ashen Mercy
Procession of the Sacred Affliction,elite,Eliana the Plague Consumed
Procession of the Sacred Affliction,elite,Mark the Ashen Sick
Procession of the Sacred Affliction,elite,Eliasar the Rotting Light
Procession of the Sacred Affliction,elite,Dorian the Plague Whispered
Procession of the Sacred Affliction,elite,Salome the Ashen Plagued
Procession of the Sacred Affliction,elite,Blessed the Sacredly Afflicted
Procession of the Sacred Affliction,elite,Ezra the Hollow Mercy
Procession of the Sacred Affliction,elite,Cough the Quarantine Silent
Procession of the Sacred Affliction,elite,Irene the Quarantine Born
Procession of the Sacred Affliction,leader,The Blight Confessor General
Procession of the Sacred Affliction,leader,The Divine Suture Keeper Pulse
Procession of the Sacred Affliction,leader,Warden of the Blessed Quarantine
Procession of the Sacred Affliction,leader,The Mercy Contagion General
Procession of the Sacred Affliction,leader,The Ashen Physician of Battle
Procession of the Sacred Affliction,leader,The Plague Confessor of War
Procession of the Sacred Affliction,leader,The Broken Flesh Warden Pulse
Procession of the Sacred Affliction,leader,The Final Quarantine Marshal
Procession of the Sacred Affliction,leader,The Sacred Sickness Keeper
Procession of the Sacred Affliction,leader,Warden of the Blessed Quarantine
Procession of the Sacred Affliction,leader,The Ashen Mercy Surgeon Miriam
Procession of the Sacred Affliction,leader,The Plague Field Marshal
Procession of the Sacred Affliction,leader,The Field Confessor of Rot
Procession of the Sacred Affliction,leader,The Mercy Rot Executor Liora
Procession of the Sacred Affliction,leader,The Divine Suture Keeper Liora
Procession of the Sacred Affliction,leader,The Rot Liturgist of War Bloom
Procession of the Sacred Affliction,leader,The Quarantine Executor of Saints
Procession of the Sacred Affliction,leader,The Holy Rot Executor Hollow
Procession of the Sacred Affliction,leader,The Divine Infection Keeper
Procession of the Sacred Affliction,leader,Lord of the Luminous Sickness
Procession of the Sacred Affliction,leader,The Holy Inoculator-General
Procession of the Sacred Affliction,leader,The Field Surgeon of the Ninth Affliction
Procession of the Sacred Affliction,leader,The Ashen Physician of Battle
Procession of the Sacred Affliction,leader,The Ashen Physician of Battle
Procession of the Sacred Affliction,leader,The Blessed Infection Marshal
Procession of the Sacred Affliction,leader,The Luminous Infection Marshal
Procession of the Sacred Affliction,leader,The Luminous Blight Warden
Procession of the Sacred Affliction,leader,The Plague Confessor of War
Procession of the Sacred Affliction,leader,The Blight Confessor General
Procession of the Sacred Affliction,leader,The Mercy Contagion General
Procession of the Sacred Affliction,leader,The Sacred Sickness Keeper
Procession of the Sacred Affliction,leader,The Blessed Infection Marshal
Procession of the Sacred Affliction,leader,The Rot Liturgist of War
Procession of the Sacred Affliction,leader,The Luminous Blight Warden Cry
Procession of the Sacred Affliction,leader,The Healing Blight Strategist
Procession of the Sacred Affliction,leader,The Fever Liturgist of War
Procession of the Sacred Affliction,leader,The Quarantine Saint of War
Procession of the Sacred Affliction,leader,The Healing Blight Strategist
Procession of the Sacred Affliction,leader,The Ashen Physician of Battle
Procession of the Sacred Affliction,leader,The Field Confessor of Rot
Procession of the Sacred Affliction,leader,The Quarantine Surgeon Eternal
Procession of the Sacred Affliction,leader,The Red Mercy Surgeon
Procession of the Sacred Affliction,leader,The Field Confessor of Rot
Procession of the Sacred Affliction,leader,The Field Surgeon of the Ninth Affliction
Procession of the Sacred Affliction,leader,The Ashen Physician of Battle
Procession of the Sacred Affliction,leader,Lord of the Luminous Sickness
Procession of the Sacred Affliction,leader,The Mercy Blight Strategos
Procession of the Sacred Affliction,leader,The Quarantine Surgeon Eternal
Procession of the Sacred Affliction,leader,The Divine Suture Keeper Veil
Procession of the Sacred Affliction,leader,The Mercy Blight Strategos
Procession of the Sacred Affliction,leader,High Medicator of the Sacred Affliction
Procession of the Sacred Affliction,leader,The Sacred Fever Confessor
Procession of the Sacred Affliction,leader,High Medicator of the Sacred Affliction
Procession of the Sacred Affliction,leader,The Final Quarantine Marshal
Procession of the Sacred Affliction,leader,The Blessed Infection Marshal
Procession of the Sacred Affliction,leader,The Ashen Mercy Surgeon Caleb
Procession of the Sacred Affliction,leader,The Blight Confessor General
Procession of the Sacred Affliction,leader,The Blight Crowned Physician
Procession of the Sacred Affliction,leader,The Quarantine Executor of Saints
Procession of the Sacred Affliction,leader,The Field Confessor of Rot
Procession of the Sacred Affliction,leader,The Final Quarantine Marshal
Procession of the Sacred Affliction,leader,The Quarantine Saint of War
Procession of the Sacred Affliction,leader,The Sacred Fever Confessor
Procession of the Sacred Affliction,leader,The Luminous Infection Marshal
Procession of the Sacred Affliction,leader,The Ashen Physician of Battle
Procession of the Sacred Affliction,leader,The Red Mercy Surgeon Ruth
Procession of the Sacred Affliction,leader,The Sacred Contagion Executor
Procession of the Sacred Affliction,leader,The Red Mercy Surgeon Frost
Procession of the Sacred Affliction,leader,The Ash Ward Surgeon Dusk
Procession of the Sacred Affliction,leader,The Plague Field Marshal
Procession of the Sacred Affliction,leader,The Quarantine Executor of Saints
Procession of the Sacred Affliction,leader,The Broken Flesh Warden Damian
Procession of the Sacred Affliction,leader,The Fever Bound Warden Orion
Procession of the Sacred Affliction,leader,The Rot Liturgist of War
Procession of the Sacred Affliction,leader,The Rot Crowned Surgeon
Procession of the Sacred Affliction,leader,The Sacred Contagion Executor
Procession of the Sacred Affliction,leader,The Blessed Infection Marshal
Procession of the Sacred Affliction,leader,The Plague Field Marshal Isaac
Procession of the Sacred Affliction,leader,Keeper of the Rot Litany
Procession of the Sacred Affliction,leader,The Ashen Physician of Battle
Procession of the Sacred Affliction,leader,Keeper of the Rot Litany Cry
Procession of the Sacred Affliction,leader,The Ash Ward Custodian Ruth
Procession of the Sacred Affliction,leader,The Plague Apostle of Healing
Procession of the Sacred Affliction,leader,The Holy Suture Commander
Procession of the Sacred Affliction,leader,The Holy Rot Executor Mercy
Procession of the Sacred Affliction,leader,The Holy Necrosis Commander
Procession of the Sacred Affliction,leader,The Ash Ward Surgeon Susanna
Procession of the Sacred Affliction,leader,The Broken Flesh Warden Ezra
Procession of the Sacred Affliction,leader,The Plague Confessor of War
Procession of the Sacred Affliction,leader,The Healing Blight Strategist
Procession of the Sacred Affliction,leader,The Divine Plague Warden Simon
Procession of the Sacred Affliction,leader,The Silent Healer of Blight
Procession of the Sacred Affliction,leader,The Fever Bound Warden
Procession of the Sacred Affliction,leader,The Quarantine Executor of Saints
Procession of the Sacred Affliction,leader,The Ash Ward Surgeon Cornelius
Procession of the Sacred Affliction,leader,The Ash Ward Custodian
Procession of the Sacred Affliction,leader,The Silent Healer of Blight
Procession of the Sacred Affliction,leader,The Blight Crowned Physician
Procession of the Sacred Affliction,leader,The Mercy Contagion General
Procession of the Sacred Affliction,leader,The Red Mercy Surgeon Salt
Red Brigade,grunt,Shift Cell Ember Bloc
Red Brigade,grunt,Milena Cell Red Engine
Red Brigade,grunt,Katerina Cell Industrial Choir
Red Brigade,grunt,Raisa Cell Forge Division
Red Brigade,grunt,Nikolai Cell Forge Front
Red Brigade,grunt,Darya Cell Steel Engine
Red Brigade,grunt,Natalia Cell Iron Battalion
Red Brigade,grunt,Vitaly Cell Union Bloc
Red Brigade,grunt,Snezha Cell Machine Bloc
Red Brigade,grunt,Lev Cell Steel Division
Red Brigade,grunt,Danil Cell Union Smoke
Red Brigade,grunt,Pulse Cell Iron Saint
Red Brigade,grunt,Sergei Cell Iron Division
Red Brigade,grunt,Rivet Cell Red Bloc
Red Brigade,grunt,Savva Cell Hammer Division
Red Brigade,grunt,Signal Cell Ash Division
Red Brigade,grunt,Artem Cell Soot Division
Red Brigade,grunt,Ash Cell Ash Bloc
Red Brigade,grunt,Stepan Cell Steel Engine
Red Brigade,grunt,Steel Cell Steel Battalion
Red Brigade,grunt,Signal Cell Hammerfall
Red Brigade,grunt,Luka Cell Rail Union
Red Brigade,grunt,Makar Cell Black Smoke
Red Brigade,grunt,Semyon Cell Hammer Engine
Red Brigade,grunt,Rust Cell Rail Smoke
Red Brigade,grunt,Soot Cell Soot Engine
Red Brigade,grunt,Bolt Cell Furnace 9
Red Brigade,grunt,Boris Cell Foundry Bloc
Red Brigade,grunt,Iosif Cell Ironwake
Red Brigade,grunt,Daria Cell Forge Bloc
Red Brigade,grunt,Nikolai Cell Engine Front
Red Brigade,grunt,Evgeni Cell Broken Division
Red Brigade,grunt,Coal Cell Foundry Smoke
Red Brigade,grunt,Yulia Cell Engine Division
Red Brigade,grunt,Sergei Cell Foundry Engine
Red Brigade,grunt,Steel Cell Ash Division
Red Brigade,grunt,Larisa Cell Steel Front
Red Brigade,grunt,Leonid Cell Revolt Bloc
Red Brigade,grunt,Vadim Cell Forge Battalion
Red Brigade,grunt,Grigori Cell Steel Smoke
Red Brigade,grunt,Vasili Cell Revolt Division
Red Brigade,grunt,Yarina Cell Ironwake
Red Brigade,grunt,Mikhail Cell Chainbreak
Red Brigade,grunt,Kristina Cell Soot Engine
Red Brigade,grunt,Leonid Cell Worker Smoke
Red Brigade,grunt,Engine Cell Hammer Engine
Red Brigade,grunt,Kseniya Cell Broken Division
Red Brigade,grunt,Foundry Cell Coal Battalion
Red Brigade,grunt,Sergei Cell Ironwake
Red Brigade,grunt,Andrei Cell Engine Bloc
Red Brigade,grunt,Iron Cell Spark Division
Red Brigade,grunt,Tatiana Cell Steel Smoke
Red Brigade,grunt,Irina Cell Iron Smoke
Red Brigade,grunt,Matvey Cell Hammer Line
Red Brigade,grunt,Larisa Cell Union Front
Red Brigade,grunt,Mikhail Cell Forge Smoke
Red Brigade,grunt,Zakhar Cell Red Forge
Red Brigade,grunt,Fyodor Cell Red Smoke
Red Brigade,grunt,Weld Cell Rail Front
Red Brigade,grunt,Luka Cell Ember Division
Red Brigade,grunt,Platon Cell White Steel
Red Brigade,grunt,Mikhail Cell Rail Front
Red Brigade,grunt,Press Cell Broken Mill
Red Brigade,grunt,Clank Cell Coal Bloc
Red Brigade,grunt,Viktor Cell Worker’s Dawn
Red Brigade,grunt,Luba Cell Revolt Division
Red Brigade,grunt,Leonid Cell Hammer Engine
Red Brigade,grunt,Ruslan Cell Worker’s Dawn
Red Brigade,grunt,Vasilisa Cell Forge Front
Red Brigade,grunt,Oleg Cell Coal Heart
Red Brigade,grunt,Marina Cell Hammer Smoke
Red Brigade,grunt,Marina Cell Steel Battalion
Red Brigade,grunt,Bolt Cell Red Bloc
Red Brigade,grunt,Dust Cell Worker Front
Red Brigade,grunt,Lev Cell Forge Saint
Red Brigade,grunt,Underforge Cell Worker Bloc
Red Brigade,grunt,Roman Cell Broken Battalion
Red Brigade,grunt,Trofim Cell Red Division
Red Brigade,grunt,Pavel Cell Forge Smoke
Red Brigade,grunt,Gennadi Cell Ash Engine
Red Brigade,grunt,Gear Cell Steel Battalion
Red Brigade,grunt,Wire Cell Spark Division
Red Brigade,grunt,Vadim Cell Chainbreak
Red Brigade,grunt,Gearbox Cell Union Smoke
Red Brigade,grunt,Arkady Cell Soot Battalion
Red Brigade,grunt,Breaker Cell Worker Bloc
Red Brigade,grunt,Ekaterina Cell Worker Division
Red Brigade,grunt,Pressa Cell Coal Battalion
Red Brigade,grunt,Tamara Cell Coal Engine
Red Brigade,grunt,Clamp Cell Iron Foundry
Red Brigade,grunt,Wire Cell Iron Bloc
Red Brigade,grunt,Steelborn
Red Brigade,grunt,Gennadi Cell Steam Bloc
Red Brigade,grunt,Dmitri Cell Worker Bloc
Red Brigade,grunt,Yulia Cell Ash Saint
Red Brigade,grunt,Pavelin Cell Union Saint
Red Brigade,grunt,Zoya Cell Steel Bloc
Red Brigade,grunt,Larisa Cell Red Banner
Red Brigade,grunt,Worker Cell Ashen Mill
Red Brigade,grunt,Blade Cell Ash Front
Red Brigade,elite,Semyon the Forge-Born
Red Brigade,elite,Elisei the Hammer Bound
Red Brigade,elite,Press the Machine Hearted
Red Brigade,elite,Taisiya the Ash Engine
Red Brigade,elite,Stepan the Chain Ghost
Red Brigade,elite,Red the Ash Maker
Red Brigade,elite,Vasilisa the Iron Pulse
Red Brigade,elite,Coal the Furnace Voice
Red Brigade,elite,Darya the Chainbreaker
Red Brigade,elite,Olga the Ashen Blade
Red Brigade,elite,Andrei the Coal Crowned
Red Brigade,elite,Rada the Steelborn
Red Brigade,elite,Vasili the Chainbreaker
Red Brigade,elite,Iron the Steel Driven
Red Brigade,elite,Veronika the Chainbreaker
Red Brigade,elite,Elisei the Foundry Ghost
Red Brigade,elite,Blade the Steel Driven
Red Brigade,elite,Anton the Machine Hearted
Red Brigade,elite,Load the Machine Shadow
Red Brigade,elite,Iron the Coal Crowned
Red Brigade,elite,Dust the Ash Engine
Red Brigade,elite,Lidia the Machine Hearted
Red Brigade,elite,Evdokia the Flame of Industry
Red Brigade,elite,Ash the Forge Witness
Red Brigade,elite,Fyodor the Broken Gear
Red Brigade,elite,Lidia the Chain Ghost
Red Brigade,elite,Strike the Red Engine
Red Brigade,elite,Echo the Red Engine
Red Brigade,elite,Bolt the Ashen Blade
Red Brigade,elite,Daria
Red Brigade,elite,Maksim the Engine Born
Red Brigade,elite,Kira the Hammer Echo
Red Brigade,elite,Veronika the Steel Prophet
Red Brigade,elite,Veronika the Soot Crown
Red Brigade,elite,Yakov the Flame of Industry
Red Brigade,elite,Lidia the Ash Maker
Red Brigade,elite,Fyodor the Hammer Saint
Red Brigade,elite,Alina the Final Shift
Red Brigade,elite,Ludmila the Steel Driven
Red Brigade,elite,Red the Red Iron
Red Brigade,elite,Zakhar the Furnace Voice
Red Brigade,elite,Blade the Ash Maker
Red Brigade,elite,Taras the Steel Prophet
Red Brigade,elite,Yarina
Red Brigade,elite,Rada the Foundry Crowned
Red Brigade,elite,Alexei the Chainbreaker
Red Brigade,elite,Boris the Broken Union
Red Brigade,elite,Grigori the Broken Union
Red Brigade,elite,Katerina the Steel Voice
Red Brigade,elite,Anya the Machine Shadow
Red Brigade,elite,Clank the Machine Blessed
Red Brigade,elite,Coal the Forge Witness
Red Brigade,elite,Radmila the Furnace Voice
Red Brigade,elite,Timur the Chainbreaker
Red Brigade,elite,Larisa the Ash Engine
Red Brigade,elite,Milena the Machine Hearted
Red Brigade,elite,Anya the Engine Born
Red Brigade,elite,Yulia the Worker-Saint
Red Brigade,elite,Banner the Flame of Industry
Red Brigade,elite,Anya the Hammer of the People
Red Brigade,elite,Ruslan the Forge Witness
Red Brigade,elite,Breaker the Chain Ghost
Red Brigade,elite,Valentina the Rail Walker
Red Brigade,elite,Gennadi the Red Forged
Red Brigade,elite,Raisa the Soot Crown
Red Brigade,elite,Artem the Hammer Saint
Red Brigade,elite,Circuit the Hammer Saint
Red Brigade,elite,Aksinya the Red Silent
Red Brigade,elite,Veronika the Ashen Blade
Red Brigade,elite,Taras the Steel Driven
Red Brigade,elite,Banner the Iron Marcher
Red Brigade,elite,Ember the Red Silent
Red Brigade,elite,Mira the Furnace-Touched
Red Brigade,elite,Gearbox the Foundry Ghost
Red Brigade,elite,Press the Chainbreaker
Red Brigade,elite,Spark the Smoke Walker
Red Brigade,elite,Nadezhda the Ash Engine
Red Brigade,elite,Wire the Steelborn
Red Brigade,elite,Artem the Red Silent
Red Brigade,elite,Maksim the Forge Witness
Red Brigade,elite,Mira the Steel Prophet
Red Brigade,elite,Steelborn the Steel Prophet
Red Brigade,elite,Boris the Iron Pulse
Red Brigade,elite,Union the Steel Lit
Red Brigade,elite,Blade the Steel Lit
Red Brigade,elite,Olga the Ash Maker
Red Brigade,elite,Underforge the Iron Collective
Red Brigade,elite,Ilona the Union Marked
Red Brigade,elite,Larisa the Iron Collective
Red Brigade,elite,Foundry the Broken Gear
Red Brigade,elite,Pavel the Foundry Crowned
Red Brigade,elite,Spark the Hammer Saint
Red Brigade,elite,Vasili the Machine Hearted
Red Brigade,elite,Polina the Ash Engine
Red Brigade,elite,Foundry the Soot Crown
Red Brigade,elite,Evgeni the Hammer Saint
Red Brigade,elite,Luka the Hammer of the People
Red Brigade,elite,Natalia the Flame of Industry
Red Brigade,elite,Furnace the Iron Marcher
Red Brigade,elite,Taisiya the Chain Ghost
Red Brigade,leader,The Foundry Herald Platon
Red Brigade,leader,The Hammer of the Collective
Red Brigade,leader,The Red Machine Prophet Sergei
Red Brigade,leader,The Red Engine Warden Lidia
Red Brigade,leader,The Iron Union Judge Rodion
Red Brigade,leader,Commander of the Hammer Divisions
Red Brigade,leader,The Iron Reclamation Marshal
Red Brigade,leader,The Iron Revolution Saint
Red Brigade,leader,The Steelbreaker Vitaly
Red Brigade,leader,Lord of the Ashen Factories
Red Brigade,leader,Commander of the Soot Legions
Red Brigade,leader,High Executor of the Foundry War
Red Brigade,leader,The Iron Commissariat Smoke
Red Brigade,leader,The Forge Saint of Rebellion
Red Brigade,leader,The Steel March Director
Red Brigade,leader,Chief of the Union Armies
Red Brigade,leader,Chief of the Union Armies
Red Brigade,leader,High Executor of the Foundry War
Red Brigade,leader,The Iron Union Judge Trofim
Red Brigade,leader,The Forge Saint of Rebellion
Red Brigade,leader,The Hammer Doctrine Warden
Red Brigade,leader,Chief of the Union Armies Red
Red Brigade,leader,Chief of the Union Armies
Red Brigade,leader,Commander of the Hammer Divisions
Red Brigade,leader,The Steel Flame Director Darya
Red Brigade,leader,The Hammer Saint of Industry
Red Brigade,leader,The Machine War Prophet
Red Brigade,leader,The Machine Apostle Clamp
Red Brigade,leader,Keeper of the Eternal Strike
Red Brigade,leader,The Furnace Voice Gear
Red Brigade,leader,The Ashen Commissar Veraida
Red Brigade,leader,The Iron Doctrine Bearer Pulse
Red Brigade,leader,The Iron Union Judge Trofim
Red Brigade,leader,The Chainbreaker General
Red Brigade,leader,The Red Apostle of Industry
Red Brigade,leader,The Ashen Commissar Gear
Red Brigade,leader,The Furnace Voice Underforge
Red Brigade,leader,The Steel Covenant Keeper
Red Brigade,leader,The Furnace Voice Valentina
Red Brigade,leader,The Red Apostle of Industry
Red Brigade,leader,The Machine Apostle Nikolai
Red Brigade,leader,The Red Line Commander Timur
Red Brigade,leader,The Steel Liturgist of Revolution
Red Brigade,leader,Warden of the Industrial Faith
Red Brigade,leader,The Steel Covenant Keeper
Red Brigade,leader,The Red Machine Prophet
Red Brigade,leader,Lord of the Ashen Factories
Red Brigade,leader,General Secretary of the Steel Covenant
Red Brigade,leader,The Hammer Saint of Industry
Red Brigade,leader,The Hammer Doctrine Warden
Red Brigade,leader,The Forge Saint of Rebellion
Red Brigade,leader,Director of the Red Machine
Red Brigade,leader,The Red Machine Prophet
Red Brigade,leader,Director of the Red Machine
Red Brigade,leader,High Executor of the Foundry War
Red Brigade,leader,The Industrial Confessor
Red Brigade,leader,The Steel Flame Director Anton
Red Brigade,leader,The Red Line Commander
Red Brigade,leader,The Hammer of the Collective
Red Brigade,leader,Director of the Red Machine
Red Brigade,leader,Overseer of the Hammer Line
Red Brigade,leader,The Hammer Doctrine Warden
Red Brigade,leader,The Red Apostle of Industry
Red Brigade,leader,Lord of the Ashen Factories
Red Brigade,leader,The Foundry Herald Yegor
Red Brigade,leader,The Forgebound Strategist
Red Brigade,leader,The Union Flamebearer Sergei
Red Brigade,leader,Supreme Commissar of the Red Forge Front
Red Brigade,leader,The Steel Liturgist of Revolution
Red Brigade,leader,Overseer of the Hammer Line
Red Brigade,leader,The Hammer Doctrine Warden
Red Brigade,leader,The Steel Flame Director Wire
Red Brigade,leader,The Red Apostle of Industry
Red Brigade,leader,The Furnace Liturgist Press
Red Brigade,leader,The Forge Executor Radmila
Red Brigade,leader,The Red Tribunal Commander
Red Brigade,leader,Keeper of the Eternal Strike
Red Brigade,leader,The Ash Factory Lord Fyodor
Red Brigade,leader,The Iron Doctrine Bearer
Red Brigade,leader,Lord of the Ashen Factories
Red Brigade,leader,The Iron Union Judge Weld
Red Brigade,leader,The Machine Apostle Red
Red Brigade,leader,The Red Engine Warden
Red Brigade,leader,The Red Siege Engineer Pressa
Red Brigade,leader,The Red Tribunal Commander
Red Brigade,leader,The Iron Reclamation Marshal
Red Brigade,leader,Marshal of the Iron Workers’ Host
Red Brigade,leader,The Red Line Commander Engine
Red Brigade,leader,The Furnace Voice Yakov
Red Brigade,leader,The Forge Executor Mira
Red Brigade,leader,The Chainbreaker General Vadim
Red Brigade,leader,The Red Engine Warden Nikita
Red Brigade,leader,High Executor of the Foundry War
Red Brigade,leader,The Red Tribunal Commander
Red Brigade,leader,The Iron Revolution Saint
Red Brigade,leader,The Ashen Executive Kira
Red Brigade,leader,The Steel Liturgist of Revolution
Red Brigade,leader,The Red Tribunal Commander
Red Brigade,leader,Commander of the Soot Legions
Red Brigade,leader,The Furnace Voice Milena
Stoßtruppen,grunt,Wedge Pionierzug Delta
Stoßtruppen,grunt,Hammer Stoßschule Lux
Stoßtruppen,grunt,Ulrike Stoßschule Sexta
Stoßtruppen,grunt,Tobias Stoßkompanie I
Stoßtruppen,grunt,Fang Stoßkompanie J
Stoßtruppen,grunt,Scar Brecherkern VIII
Stoßtruppen,grunt,Monika Stoßkompanie J
Stoßtruppen,grunt,Void Stoßkompanie B
Stoßtruppen,grunt,Emil Stoßschule Ultima
Stoßtruppen,grunt,Helga Pionierzug Nu
Stoßtruppen,grunt,Georg Brecherkern VI
Stoßtruppen,grunt,Marie Vorstoß Einheit Iota
Stoßtruppen,grunt,Nils Brechschule St. Zahn
Stoßtruppen,grunt,Friedrich Pionierzug Lambda
Stoßtruppen,grunt,Adrian Stoßkompanie G
Stoßtruppen,grunt,Jana Pionierzug Mu
Stoßtruppen,grunt,Claudia Vorstoß Einheit Sigma
Stoßtruppen,grunt,Jannik Stoßkern Delta
Stoßtruppen,grunt,Maren Brecherkern VI
Stoßtruppen,grunt,Klaus Angriffslinie Fünf
Stoßtruppen,grunt,Anja Stoßschule Septima
Stoßtruppen,grunt,Birgit Vorstoß Einheit Eta
Stoßtruppen,grunt,Slate Vorstoß Einheit Gamma
Stoßtruppen,grunt,Thorn Brechschule St. Stahl
Stoßtruppen,grunt,Thea Stoßkern Nu
Stoßtruppen,grunt,Stone Brechfront Sieben
Stoßtruppen,grunt,Paul Stoßkern Mu
Stoßtruppen,grunt,Bettina Brechfront Zwei
Stoßtruppen,grunt,Fang Brechfront Sechs
Stoßtruppen,grunt,Laura Brechschule St. Tor
Stoßtruppen,grunt,Scar Stoßschule Ultima
Stoßtruppen,grunt,Ulrike Pionierzug Tau
Stoßtruppen,grunt,Elias Pionierzug Sigma
Stoßtruppen,grunt,Sabine Stoßschule Umbra
Stoßtruppen,grunt,Tobias Stoßschule Secunda
Stoßtruppen,grunt,Jannik Brecherkern X
Stoßtruppen,grunt,Markus Pionierzug Kappa
Stoßtruppen,grunt,Heinrich Stoßkompanie C
Stoßtruppen,grunt,Otto Brechfront Vier
Stoßtruppen,grunt,Lutz Stoßkern Lambda
Stoßtruppen,grunt,Nils Brechfront Acht
Stoßtruppen,grunt,Hauke Stoßschule Prima
Stoßtruppen,grunt,Elias Brechzug Null
Stoßtruppen,grunt,Noah Stoßschule Vita
Stoßtruppen,grunt,Lock Vorstoß Einheit Kappa
Stoßtruppen,grunt,Edge Vorstoß Einheit Beta
Stoßtruppen,grunt,Alina Stoßkern Alpha
Stoßtruppen,grunt,Nils Brechfront Zehn
Stoßtruppen,grunt,Crack Brechfront Eins
Stoßtruppen,grunt,Tanja Stoßschule Antiochia IV
Stoßtruppen,grunt,Frame Stoßschule Antiochia IV
Stoßtruppen,grunt,Paula Stoßschule Quadrata
Stoßtruppen,grunt,Paula Vorstoß Einheit Theta
Stoßtruppen,grunt,Fang Stoßkern Rho
Stoßtruppen,grunt,Jannik Stoßschule Decima
Stoßtruppen,grunt,Kira Angriffslinie Sieben
Stoßtruppen,grunt,Uwe Brecherkern IX
Stoßtruppen,grunt,Kira Stoßkompanie C
Stoßtruppen,grunt,Siegfried Brechfront Sechs
Stoßtruppen,grunt,Georg Stoßschule Arx
Stoßtruppen,grunt,Brigitte Brechzug Süd
Stoßtruppen,grunt,Wedge Stoßkern Zeta
Stoßtruppen,grunt,Breach Stoßkompanie I
Stoßtruppen,grunt,Key Stoßkern Sigma
Stoßtruppen,grunt,Rolf Sturmzug Sieben
Stoßtruppen,grunt,Pike Brechzug West
Stoßtruppen,grunt,Anneliese Stoßkern Nu
Stoßtruppen,grunt,Steel Stoßkern Iota
Stoßtruppen,grunt,Rune Pionierzug Kappa
Stoßtruppen,grunt,Fang Stoßschule Ferrum
Stoßtruppen,grunt,Chain Brechschule St. Zahn
Stoßtruppen,grunt,Pulse Stoßkompanie C
Stoßtruppen,grunt,Lukas Pionierzug Tau
Stoßtruppen,grunt,Breach Vorstoß Einheit Mu
Stoßtruppen,grunt,Rainer Pionierzug Eta
Stoßtruppen,grunt,Sebastian Stoßschule Ignis
Stoßtruppen,grunt,Paul Stoßschule Prima
Stoßtruppen,grunt,Noah Brechschule St. Adler
Stoßtruppen,grunt,Kira Brechfront Vier
Stoßtruppen,grunt,Line Pionierzug Gamma
Stoßtruppen,grunt,Ines Stoßkern Ypsilon
Stoßtruppen,grunt,Scar Pionierzug Epsilon
Stoßtruppen,grunt,Birgit Stoßkern Theta
Stoßtruppen,grunt,Steel Stoßkern Lambda
Stoßtruppen,grunt,Hauke Stoßkern Ypsilon
Stoßtruppen,grunt,Friederike
Stoßtruppen,grunt,Pulse Brechschule St. Stahl
Stoßtruppen,grunt,Dust Brechzug Süd
Stoßtruppen,grunt,Steel Stoßschule Octava
Stoßtruppen,grunt,Lisa Sturmzug Sieben
Stoßtruppen,grunt,Grid Pionierzug Ypsilon
Stoßtruppen,grunt,Ingo Pionierzug Tau
Stoßtruppen,grunt,Jette Vorstoß Einheit Rho
Stoßtruppen,grunt,Bernd Vorstoß Einheit Omega
Stoßtruppen,grunt,Viktor Stoßkern Eta
Stoßtruppen,grunt,Stone Vorstoß Einheit Kappa
Stoßtruppen,grunt,Frank Stoßschule Antiochia I
Stoßtruppen,grunt,Noah Stoßkern Tau
Stoßtruppen,grunt,Greta Sturmzug Vier
Stoßtruppen,grunt,Shock Brechzug Ost
Stoßtruppen,elite,Rift the Ruin Walker
Stoßtruppen,elite,Fang the Entry Ghost
Stoßtruppen,elite,Bolt the Iron Rush
Stoßtruppen,elite,Heinrich the Stoß Break
Stoßtruppen,elite,Maja the Impact Marked
Stoßtruppen,elite,Anja the Breach Walker
Stoßtruppen,elite,Ingrid the Breach Crowned
Stoßtruppen,elite,Ingrid the Impact Marked
Stoßtruppen,elite,Bernd the Entry Ghost
Stoßtruppen,elite,Sebastian the Broken Threshold
Stoßtruppen,elite,Chain the Steel Rush
Stoßtruppen,elite,Frame the First Blooded
Stoßtruppen,elite,Fire the Broken Threshold
Stoßtruppen,elite,Clara the Line Break
Stoßtruppen,elite,Greta the Breach Wrought
Stoßtruppen,elite,Georg the Impact Silent
Stoßtruppen,elite,Lena the Iron Entry
Stoßtruppen,elite,Blast the Iron Impact
Stoßtruppen,elite,Otto the Iron Entry
Stoßtruppen,elite,Kira the Entry Ghost
Stoßtruppen,elite,Laura the Rupture Born
Stoßtruppen,elite,Crest the Iron Rush
Stoßtruppen,elite,Anton the Door Splitter
Stoßtruppen,elite,Lotte the Wall Ghost
Stoßtruppen,elite,Kurt the Close Edge
Stoßtruppen,elite,Helga the Impact Marked
Stoßtruppen,elite,Ingo the Hammered Entry
Stoßtruppen,elite,Scar the Breaker of Gates
Stoßtruppen,elite,Dust the Shock Silent
Stoßtruppen,elite,Georg the Iron Rush
Stoßtruppen,elite,Selma the First Through
Stoßtruppen,elite,Fang the Shock Hammer
Stoßtruppen,elite,Helga the Iron Rush
Stoßtruppen,elite,Paula the Gate Eater
Stoßtruppen,elite,Shield the Wall Unmade
Stoßtruppen,elite,Crack the Shock Silent
Stoßtruppen,elite,Sonja the Breach Crowned
Stoßtruppen,elite,Lukas the Shock Hammer
Stoßtruppen,elite,Anneliese the Iron Entry
Stoßtruppen,elite,Strike the Shock Silent
Stoßtruppen,elite,Friedrich the Wall Ghost
Stoßtruppen,elite,Grind the Wall Fallen
Stoßtruppen,elite,Jette the Close Edge
Stoßtruppen,elite,Jörg the First Blooded
Stoßtruppen,elite,Detlef the Hammered Entry
Stoßtruppen,elite,Guard the Breaker of Gates
Stoßtruppen,elite,Frieda the Entry Ghost
Stoßtruppen,elite,Markus the Door Storm
Stoßtruppen,elite,Birgit the Rupture Born
Stoßtruppen,elite,Ingo the Breach Crowned
Stoßtruppen,elite,Thea the Breach Silent
Stoßtruppen,elite,Julia the Line Unmade
Stoßtruppen,elite,Harald the Gate Split
Stoßtruppen,elite,Charge the Rupture Born
Stoßtruppen,elite,Torch the Stoß Willed
Stoßtruppen,elite,Snap the Impact Silent
Stoßtruppen,elite,Shock the Iron Threshold
Stoßtruppen,elite,Paul the Shock Hammer
Stoßtruppen,elite,Chain the Wallbreaker
Stoßtruppen,elite,Friedrich the Wall Unmade
Stoßtruppen,elite,Markus the Iron Threshold
Stoßtruppen,elite,Lena the Steel Rush
Stoßtruppen,elite,Spike the Steel Rush
Stoßtruppen,elite,Monika the Breach Crowned
Stoßtruppen,elite,Brigitte the Shock Silent
Stoßtruppen,elite,Snap the Iron Entry
Stoßtruppen,elite,Fang the Steel Rush
Stoßtruppen,elite,Steel the Entry Flame
Stoßtruppen,elite,Jörg the Impact Crowned
Stoßtruppen,elite,Thorn the Breach Silent
Stoßtruppen,elite,Adrian the Breach Wrought
Stoßtruppen,elite,Void the Broken Threshold
Stoßtruppen,elite,Laura the Wall Unmade
Stoßtruppen,elite,Jannik the Impact Silent
Stoßtruppen,elite,Hammer the Breach Wrought
Stoßtruppen,elite,Hammer the Rupture Born
Stoßtruppen,elite,Frieda the Breaker of Gates
Stoßtruppen,elite,Rift the Steel Entry
Stoßtruppen,elite,Pascal the Close Death
Stoßtruppen,elite,Paula the Entry Flame
Stoßtruppen,elite,Heinrich the Wallbreaker
Stoßtruppen,elite,Scar the Rupture Born
Stoßtruppen,elite,Hauke the Hammered Entry
Stoßtruppen,elite,Brigitte the Ruin Walker
Stoßtruppen,elite,Sophie the Line Unmade
Stoßtruppen,elite,Rail the Close Death
Stoßtruppen,elite,Dieter the Steel Entry
Stoßtruppen,elite,Matthias the Wall Fallen
Stoßtruppen,elite,Guard the Gate Eater
Stoßtruppen,elite,Maren the Impact Crowned
Stoßtruppen,elite,Pulse the Rupture Born
Stoßtruppen,elite,Lotte the Breach Crowned
Stoßtruppen,elite,Brigitte the Impact Marked
Stoßtruppen,elite,Markus the Iron Entry
Stoßtruppen,elite,Sonja the Hammer Step
Stoßtruppen,elite,Eva the Wall Fallen
Stoßtruppen,elite,Snap the Iron Threshold
Stoßtruppen,elite,Drill the Gate Split
Stoßtruppen,elite,Grim the Wall Fallen
Stoßtruppen,elite,Anton the Hammer Step
Stoßtruppen,leader,The Door Hammer of Faith
Stoßtruppen,leader,The Shock Doctrine Herald
Stoßtruppen,leader,The Doorbreaker Saint Albrecht
Stoßtruppen,leader,The Siege Entry Commander Fire
Stoßtruppen,leader,The Entry Saint of War Maren
Stoßtruppen,leader,The Iron Breacher-General Key
Stoßtruppen,leader,The Wallfall General Detlef
Stoßtruppen,leader,The Shock Vanguard Lord Otto
Stoßtruppen,leader,The Breach Saint of Iron
Stoßtruppen,leader,The Entry Saint of War Paul
Stoßtruppen,leader,Marshal of the Shock Host
Stoßtruppen,leader,Keeper of the First Impact
Stoßtruppen,leader,The Iron Breacher-General
Stoßtruppen,leader,The Linebreaker Prefect Svenja
Stoßtruppen,leader,The Impact Warden Gisela
Stoßtruppen,leader,The Shock Doctrine Herald Key
Stoßtruppen,leader,The Siege Shock Prefect Ines
Stoßtruppen,leader,The First Strike Commander
Stoßtruppen,leader,The Siege Shock Prefect Monika
Stoßtruppen,leader,Warden of the Assault Creed
Stoßtruppen,leader,High Executor of the Breaking Line
Stoßtruppen,leader,Marshal of the Shock Host
Stoßtruppen,leader,The Impact Warden Viktor
Stoßtruppen,leader,The Shock Vanguard Lord Grim
Stoßtruppen,leader,The Wall Splitter Sonja
Stoßtruppen,leader,The Stoß Doctrine Keeper
Stoßtruppen,leader,The Assault Liturgist Rune
Stoßtruppen,leader,The Entry Saint of War Lennart
Stoßtruppen,leader,The Iron Impact Confessor Nils
Stoßtruppen,leader,The Hammer of Entry Grid
Stoßtruppen,leader,Warden of the Broken Line
Stoßtruppen,leader,The Iron Rush Commander Scar
Stoßtruppen,leader,Marshal of the Shock Host Line
Stoßtruppen,leader,The Doorline Executor Jörg
Stoßtruppen,leader,Keeper of the First Impact
Stoßtruppen,leader,The Wallbreaker Strategos
Stoßtruppen,leader,The Impact Warden Spike
Stoßtruppen,leader,Warden of the Assault Creed
Stoßtruppen,leader,The Wallfall General
Stoßtruppen,leader,Marshal of the Shock Host
Stoßtruppen,leader,Master of the Breach Doctrine
Stoßtruppen,leader,The Shock Doctrine Herald
Stoßtruppen,leader,Commander of the Breach Choir
Stoßtruppen,leader,The Siege Shock Prefect Point
Stoßtruppen,leader,High Executor of the Breaking Line
Stoßtruppen,leader,The Breachborn Marshal Greta
Stoßtruppen,leader,The Final Doorbreaker Helene
Stoßtruppen,leader,High Tactician of Close War
Stoßtruppen,leader,The Assault Liturgist Helga
Stoßtruppen,leader,The Close Combat Liturgist
Stoßtruppen,leader,The Final Doorbreaker Hauke
Stoßtruppen,leader,Lord of the Rupture Front
Stoßtruppen,leader,The Impact Warden Holger
Stoßtruppen,leader,Commander of the Stoßkern Anke
Stoßtruppen,leader,The Iron Entry Marshal Clara
Stoßtruppen,leader,Captain of the Entry Spear
Stoßtruppen,leader,The Stoß Doctrine Keeper Anja
Stoßtruppen,leader,The Stoß Marshal of Antioch
Stoßtruppen,leader,Commander of the Breach Choir
Stoßtruppen,leader,The Iron Impact Confessor
Stoßtruppen,leader,The Breach Saint of Iron Klaus
Stoßtruppen,leader,The Close Combat Liturgist
Stoßtruppen,leader,The Impact Warden Guard
Stoßtruppen,leader,The Close Combat Liturgist Uwe
Stoßtruppen,leader,The Impact Warden Ingrid
Stoßtruppen,leader,Warden of the Broken Line Nils
Stoßtruppen,leader,The Iron Impact Confessor Emma
Stoßtruppen,leader,The Iron Impact Confessor
Stoßtruppen,leader,The Impact Warden Hauke
Stoßtruppen,leader,Captain of the Entry Spear
Stoßtruppen,leader,The Iron Impact Confessor
Stoßtruppen,leader,The Linebreaker Prefect Shield
Stoßtruppen,leader,Warden of the Assault Creed
Stoßtruppen,leader,The Iron Rush Commander Pascal
Stoßtruppen,leader,High Tactician of Close War
Stoßtruppen,leader,The Steel Impact Prefect Jana
Stoßtruppen,leader,The Doorline Executor Blade
Stoßtruppen,leader,The Steel Impact Prefect
Stoßtruppen,leader,Warden of the Assault Creed
Stoßtruppen,leader,The Wallfall General Sabine
Stoßtruppen,leader,The Breach Apostle Line
Stoßtruppen,leader,The Breach Apostle Fire
Stoßtruppen,leader,Lord of the Rupture Front
Stoßtruppen,leader,The Wall Splitter Fang
Stoßtruppen,leader,The Assault Liturgist
Stoßtruppen,leader,The Shock Doctrine Herald Ingo
Stoßtruppen,leader,The Wallfall General Alina
Stoßtruppen,leader,The Doorbreaker Saint Ernst
Stoßtruppen,leader,Warden of the Assault Creed
Stoßtruppen,leader,Keeper of the First Impact
Stoßtruppen,leader,Master of the Breach Doctrine
Stoßtruppen,leader,The Assault Engineer General
Stoßtruppen,leader,The Shockline Marshal Karin
Stoßtruppen,leader,The Stoß Doctrine Keeper Otto
Stoßtruppen,leader,The Iron Entry Apostle Uwe
Stoßtruppen,leader,The Hammer of Entry Ash
Stoßtruppen,leader,The Entry Saint of War Monika
Stoßtruppen,leader,The Door Hammer of Faith Nina
Stoßtruppen,leader,The Breachborn Marshal Charge
Stoßtruppen,leader,The Assault Engineer General
Trench Ghosts,grunt,Edward the Final Echo
Trench Ghosts,grunt,Loop the Impact Faded
Trench Ghosts,grunt,Beatrice the Unmade Record
Trench Ghosts,grunt,Leonard the Broken Echo
Trench Ghosts,grunt,Shard the Smoke Forgotten
Trench Ghosts,grunt,Hilda the Crossed Out
Trench Ghosts,grunt,Will the Crossed Out
Trench Ghosts,grunt,Lorna the Overwritten
Trench Ghosts,grunt,Violet the Ash Residual
Trench Ghosts,grunt,Harriet the Static Born
Trench Ghosts,grunt,Blank the Undersigned
Trench Ghosts,grunt,Elsie the Static
Trench Ghosts,grunt,Anne the Shell Scarred
Trench Ghosts,grunt,Albert the Signal Dead
Trench Ghosts,grunt,William the Bone Marked
Trench Ghosts,grunt,Kathleen the Unrecorded
Trench Ghosts,grunt,Fade the Null Marked
Trench Ghosts,grunt,Dora the Wire Entangled
Trench Ghosts,grunt,Lionel the Severed Voice
Trench Ghosts,grunt,Silence the Forgotten Voice
Trench Ghosts,grunt,Anne the Impact Faded
Trench Ghosts,grunt,Lorna the War Unwritten
Trench Ghosts,grunt,Misheard the Signal Dead
Trench Ghosts,grunt,Smoke the Mapless
Trench Ghosts,grunt,Silence the Wire Entangled
Trench Ghosts,grunt,William the Missing
Trench Ghosts,grunt,Unknown the Final Echo
Trench Ghosts,grunt,Thomas the Trench Lost
Trench Ghosts,grunt,Cyril the Overwritten
Trench Ghosts,grunt,Broken the Severed Voice
Trench Ghosts,grunt,Null the Drifted Name
Trench Ghosts,grunt,Echo the Mapless
Trench Ghosts,grunt,Fray the Mud-Born
Trench Ghosts,grunt,Stanley the Ash Residual
Trench Ghosts,grunt,Malc the Drowned Memory
Trench Ghosts,grunt,Jory the Impact Faded
Trench Ghosts,grunt,Gervin the Null Marked
Trench Ghosts,grunt,Faded the Recordless
Trench Ghosts,grunt,Willum the Signal Dead
Trench Ghosts,grunt,Ada the Final Echo
Trench Ghosts,grunt,Lost the Recordless
Trench Ghosts,grunt,Charles the Field Lost
Trench Ghosts,grunt,Shade the Smoke Forgotten
Trench Ghosts,grunt,Hal the Null Marked
Trench Ghosts,grunt,Ash the Fogged Memory
Trench Ghosts,grunt,John the Mud-Born
Trench Ghosts,grunt,Stanley
Trench Ghosts,grunt,Jory the Ghost Line
Trench Ghosts,grunt,Dora the War Unwritten
Trench Ghosts,grunt,Flicker the Ghost Line
Trench Ghosts,grunt,Frederick the Lost Command
Trench Ghosts,grunt,Ethel the Redacted
Trench Ghosts,grunt,William the Final Echo
Trench Ghosts,grunt,Cyril the Static
Trench Ghosts,grunt,Florence the Unmade Record
Trench Ghosts,grunt,Leonard the Static
Trench Ghosts,grunt,George the Mud Erased
Trench Ghosts,grunt,Winfred the Null Marked
Trench Ghosts,grunt,Jack the Static
Trench Ghosts,grunt,Joan the Forgotten Voice
Trench Ghosts,grunt,John the Mapless
Trench Ghosts,grunt,Residue the Fogged Memory
Trench Ghosts,grunt,Pauline the Fogged Memory
Trench Ghosts,grunt,Beatrice the Shell Scarred
Trench Ghosts,grunt,Ash the Silent Transmission
Trench Ghosts,grunt,Ada the Unseen
Trench Ghosts,grunt,Sylvia the Name Broken
Trench Ghosts,grunt,Split the Smoke Forgotten
Trench Ghosts,grunt,Basil the Static
Trench Ghosts,grunt,Null the Recordless
Trench Ghosts,grunt,Mud the Signal Dead
Trench Ghosts,grunt,Ernest the Echoed
Trench Ghosts,grunt,Harriet the Shell Scarred
Trench Ghosts,grunt,Harlan the Mud-Born
Trench Ghosts,grunt,Frank the Signal Dead
Trench Ghosts,grunt,Leonard the War Unwritten
Trench Ghosts,grunt,Lorna the Broken Signal
Trench Ghosts,grunt,Henry the Missing
Trench Ghosts,grunt,Pearl the Mapless
Trench Ghosts,grunt,Half the Unmade Record
Trench Ghosts,grunt,Signal the War Unwritten
Trench Ghosts,grunt,Rust the Overwritten
Trench Ghosts,grunt,Ernest the Half-Remembered
Trench Ghosts,grunt,Residue the Shell Scarred
Trench Ghosts,grunt,Sever the Severed Voice
Trench Ghosts,grunt,Ernest the Null Marked
Trench Ghosts,grunt,Smoke the Static Born
Trench Ghosts,grunt,Frederick the Crossed Out
Trench Ghosts,grunt,Rust the Undersigned
Trench Ghosts,grunt,Constance the Static
Trench Ghosts,grunt,Hilda the Mud-Born
Trench Ghosts,grunt,Smoke the Ash-Forgotten
Trench Ghosts,grunt,Violet the Echo Fractured
Trench Ghosts,grunt,Rupert the Undersigned
Trench Ghosts,grunt,Buried the Ash-Forgotten
Trench Ghosts,grunt,Smoke the Hollowed
Trench Ghosts,grunt,Hilda the Crossed Out
Trench Ghosts,grunt,Faye the Unrecorded
Trench Ghosts,grunt,Wound the Unrecorded
Trench Ghosts,grunt,Static the Trench Lost
Trench Ghosts,elite,Loop Sector Deadzone 7
Trench Ghosts,elite,Wound Trench Severed Regiment
Trench Ghosts,elite,Echo Shellline Battalion
Trench Ghosts,elite,Rust Redacted Platoon
Trench Ghosts,elite,Ruby Silent Sector 2
Trench Ghosts,elite,Edwyn Burial Trench 6
Trench Ghosts,elite,Lost Missing Regiment 3
Trench Ghosts,elite,Beatrice Silent Sector 2
Trench Ghosts,elite,Willum Severed Regiment
Trench Ghosts,elite,Gervin Silent Sector 5
Trench Ghosts,elite,Dora Trench Forgotten Company
Trench Ghosts,elite,Willum Echo Front Division
Trench Ghosts,elite,Lionel Static Company
Trench Ghosts,elite,Pulse Fragmented Corps
Trench Ghosts,elite,Henry Hill Position 8-Lost
Trench Ghosts,elite,Residue Trench Fragment Corps
Trench Ghosts,elite,Winfred Silent Sector 2
Trench Ghosts,elite,Alice Trench Severed Regiment
Trench Ghosts,elite,Jean Trench Fade Regiment
Trench Ghosts,elite,Lillian
Trench Ghosts,elite,Mary Hill Position 8-Lost
Trench Ghosts,elite,Rupert Forgotten Corps
Trench Ghosts,elite,Willum Crater Edge Unit
Trench Ghosts,elite,Irene Grid 44-Broken
Trench Ghosts,elite,Remnant
Trench Ghosts,elite,Harriet Trench Line Delta
Trench Ghosts,elite,Nora Impact Sector 11
Trench Ghosts,elite,Jory Lost Formation
Trench Ghosts,elite,Thom Mudfront Regiment
Trench Ghosts,elite,Broken Burial Trench 3
Trench Ghosts,elite,Remnant White Line Ghost Unit
Trench Ghosts,elite,Winifred Static Front 2
Trench Ghosts,elite,Charles Static Company
Trench Ghosts,elite,Silence White Line Ghost Unit
Trench Ghosts,elite,Wound Impact Zone Beta
Trench Ghosts,elite,Rust Impact Sector 6
Trench Ghosts,elite,Harl Trench Rust Battalion
Trench Ghosts,elite,Oswin Crater Unit 9
Trench Ghosts,elite,Rose Trench Signal Corps
Trench Ghosts,elite,Overheard Trench Drift Unit
Trench Ghosts,elite,Cedric Impact Sector 11
Trench Ghosts,elite,Faye Burial Trench 10
Trench Ghosts,elite,Ghost Mudfront Regiment
Trench Ghosts,elite,Frederick Sector Deadzone 7
Trench Ghosts,elite,Cedric Barbed Line Corps
Trench Ghosts,elite,Kathleen Silent Battalion
Trench Ghosts,elite,William Static Front 5
Trench Ghosts,elite,Gervin Trench Line Alpha
Trench Ghosts,elite,Bone Trench Dead Zone
Trench Ghosts,elite,Evelyn Black Line Ghost Unit
Trench Ghosts,elite,Joan Ghost Sector 16
Trench Ghosts,elite,Ned Black Line Ghost Unit
Trench Ghosts,elite,Will Trench Fragment Corps
Trench Ghosts,elite,Maud Ghost Sector 18
Trench Ghosts,elite,Helen Trench Bone Division
Trench Ghosts,elite,Gertrude Grid 3-Fog
Trench Ghosts,elite,Dorothy Shellshock Division
Trench Ghosts,elite,Ernest Impact Zone Gamma
Trench Ghosts,elite,Scar Ghost Sector 16
Trench Ghosts,elite,Signal Trench Unwritten Unit
Trench Ghosts,elite,Trace Trench Line Delta
Trench Ghosts,elite,Ash Crater Unit 9
Trench Ghosts,elite,Fray Trench Null Field
Trench Ghosts,elite,James Static Front 9
Trench Ghosts,elite,Fray Hill Position 8-Lost
Trench Ghosts,elite,Undertone Sector MIA-4
Trench Ghosts,elite,June Trench Null Field
Trench Ghosts,elite,Lorna Trench Bone Division
Trench Ghosts,elite,Maud Trench Rust Battalion
Trench Ghosts,elite,Edric Trench Static Regiment
Trench Ghosts,elite,Sever Static Front 7
Trench Ghosts,elite,Edith Crater Unit 5
Trench Ghosts,elite,Fade Burial Trench 6
Trench Ghosts,elite,Arthurian Echo Front Division
Trench Ghosts,elite,Hilda Ghost Sector 14
Trench Ghosts,elite,Pulse Silent Battalion
Trench Ghosts,elite,Frank Trench Signal Corps
Trench Ghosts,elite,James Impact Sector 6
Trench Ghosts,elite,Ash Silent Sector 1
Trench Ghosts,elite,Wound Static Front 4
Trench Ghosts,elite,Sylvia Silent Sector 4
Trench Ghosts,elite,Hal Broken Transmission Corps
Trench Ghosts,elite,Ernest Unrecorded Division
Trench Ghosts,elite,Remnant Ghost Company 12
Trench Ghosts,elite,Hollow Trench Static Regiment
Trench Ghosts,elite,Harlan
Trench Ghosts,elite,James Grid 44-Broken
Trench Ghosts,elite,Harlan Impact Sector 6
Trench Ghosts,elite,Crossed Lost Coordinates Unit
Trench Ghosts,elite,Overheard Burial Trench 5
Trench Ghosts,elite,Harl Ghost Sector 20
Trench Ghosts,elite,Pearl
Trench Ghosts,elite,Overheard Wirebreak Regiment
Trench Ghosts,elite,Trace Wireline Battalion
Trench Ghosts,elite,Residue Burial Trench 10
Trench Ghosts,elite,Agnes Rust Battalion
Trench Ghosts,elite,Pearl Wireline Battalion
Trench Ghosts,elite,Nora Ghost Sector 16
Trench Ghosts,elite,Sever Trench Fragment Corps
Trench Ghosts,elite,Margaret Silent Sector 8
Trench Ghosts,leader,The Echo Officer of No Man’s Land
Trench Ghosts,leader,The Static Lieutenant of the Trenches
Trench Ghosts,leader,Warden of the Lost Front
Trench Ghosts,leader,The Hollowed War Marshal
Trench Ghosts,leader,The Mud-Bound Confessor Aubrey
Trench Ghosts,leader,The Static Ghost Captain Lorna
Trench Ghosts,leader,The Faded General of Mud War
Trench Ghosts,leader,The Echoed War Prefect Faded
Trench Ghosts,leader,The Broken Map General Stella
Trench Ghosts,leader,The Broken Map General Misread
Trench Ghosts,leader,The Ashen Field Marshal Gervin
Trench Ghosts,leader,The Null Record Keeper Alice
Trench Ghosts,leader,The Unwritten Order Lord
Trench Ghosts,leader,The Ghostline Tactician Blank
Trench Ghosts,leader,The Ghost Division Commander
Trench Ghosts,leader,The Unmarked Front Leader
Trench Ghosts,leader,The Mudgrave Strategist Murmur
Trench Ghosts,leader,The Faded Doctrine Commander
Trench Ghosts,leader,The Echoed Battalion Lord
Trench Ghosts,leader,The Trench Memory Keeper
Trench Ghosts,leader,The Redacted Strategos Unsaid
Trench Ghosts,leader,The Drowned Signal Captain
Trench Ghosts,leader,The Drowned Signal Captain
Trench Ghosts,leader,Warden of the Lost Front Fray
Trench Ghosts,leader,The Severed Chain Commander
Trench Ghosts,leader,The Static Field Marshal Smoke
Trench Ghosts,leader,The Ghost Division Commander
Trench Ghosts,leader,The Forgotten Regiment Master
Trench Ghosts,leader,The Broken Map General Murmur
Trench Ghosts,leader,The Ghost Division Commander
Trench Ghosts,leader,The Trench Memory Keeper
Trench Ghosts,leader,The Hollowed War Marshal
Trench Ghosts,leader,The Echoed Battalion Lord
Trench Ghosts,leader,The Broken Map General Crossed
Trench Ghosts,leader,The Unwritten Order Lord
Trench Ghosts,leader,The Forgotten Command Structure
Trench Ghosts,leader,The Drowned Signal Captain
Trench Ghosts,leader,The Ashwire Captain Bert
Trench Ghosts,leader,The Unmarked Front Leader Ruin
Trench Ghosts,leader,The Silent Battalion Prefect
Trench Ghosts,leader,The Echo Officer of No Man’s Land
Trench Ghosts,leader,Warden of the Lost Front Smoke
Trench Ghosts,leader,Warden of the Lost Front
Trench Ghosts,leader,The Ghostline Tactician Fade
Trench Ghosts,leader,The Forgotten War Clerk Beryl
Trench Ghosts,leader,The Mudgrave Strategist Ernest
Trench Ghosts,leader,The Faded General of Mud War
Trench Ghosts,leader,The Lost Rank Executor Jack
Trench Ghosts,leader,The Mud-Bound Confessor John
Trench Ghosts,leader,The Forgotten Regiment Master
Trench Ghosts,leader,The Signalless Commander Henry
Trench Ghosts,leader,The Missing War Warden Elsie
Trench Ghosts,leader,The Redacted Strategos Jack
Trench Ghosts,leader,The Echoed War Prefect Silence
Trench Ghosts,leader,The Final Unrecorded Marshal
Trench Ghosts,leader,The Mudgrave Strategist James
Trench Ghosts,leader,The Forgotten War Clerk Muriel
Trench Ghosts,leader,The Forgotten Command Structure
Trench Ghosts,leader,The Shadowed Officer of Impact Zones
Trench Ghosts,leader,The Forgotten War Clerk Ruby
Trench Ghosts,leader,The Unwritten Order Lord
Trench Ghosts,leader,The Unheard Orders General
Trench Ghosts,leader,The Trench Memory Keeper Mary
Trench Ghosts,leader,The Final Unrecorded Marshal
Trench Ghosts,leader,The Redacted Strategos Lillian
Trench Ghosts,leader,Warden of the Lost Front Shard
Trench Ghosts,leader,The Unrecorded Battalion Commander
Trench Ghosts,leader,The Severed Record Marshal
Trench Ghosts,leader,The Severed Chain Commander
Trench Ghosts,leader,The Null Battalion Overseer
Trench Ghosts,leader,The Missing Commander of Record
Trench Ghosts,leader,The Broken Map General Clara
Trench Ghosts,leader,The Echoed War Prefect Unsaid
Trench Ghosts,leader,The Missing Commander of Record
Trench Ghosts,leader,The Null Record Keeper Lost
Trench Ghosts,leader,Warden of the Lost Front
Trench Ghosts,leader,The Forgotten Command Structure
Trench Ghosts,leader,The Forgotten War Clerk Roder
Trench Ghosts,leader,The Lost Rank Executor Helen
Trench Ghosts,leader,The Shadowed Officer of Impact Zones
Trench Ghosts,leader,The Missing War Warden Flicker
Trench Ghosts,leader,The Null Record Keeper Rose
Trench Ghosts,leader,The Shadowed Officer of Impact Zones
Trench Ghosts,leader,The Signalless Commander
Trench Ghosts,leader,The Fogged Battalion Chief
Trench Ghosts,leader,The Unseen Line Commander Maud
Trench Ghosts,leader,The Ghostline Tactician
Trench Ghosts,leader,The Trench Warden Eternal Jean
Trench Ghosts,leader,The Silent Sector Warden Smoke
Trench Ghosts,leader,The Broken Map General
Trench Ghosts,leader,The Shadowed Officer of Impact Zones
Trench Ghosts,leader,The Redacted Strategos Faded
Trench Ghosts,leader,The Broken Transmission Officer
Trench Ghosts,leader,The Signalless Commander
Trench Ghosts,leader,The Final Unrecorded Marshal
Trench Ghosts,leader,The Trench Memory Keeper
Trench Ghosts,leader,Keeper of the Broken Roster
Trench Ghosts,leader,The Ashen Field Marshal Ruby
Trench Ghosts,leader,The Forgotten Command Structure
Trench Ghosts,leader,The Ghost Division Commander
Trench Pilgrims,grunt,Ezra
Trench Pilgrims,grunt,Fall Path of the Final Bell
Trench Pilgrims,grunt,Ruth
Trench Pilgrims,grunt,Azaria
Trench Pilgrims,grunt,Rachel
Trench Pilgrims,grunt,Mariam Way of the Silent Mercy
Trench Pilgrims,grunt,Sarah Path of the Hollow Crown
Trench Pilgrims,grunt,Sabra
Trench Pilgrims,grunt,Hadassah
Trench Pilgrims,grunt,Sorrow
Trench Pilgrims,grunt,Elisabet
Trench Pilgrims,grunt,Talia
Trench Pilgrims,grunt,Gate Path of the Burning Vow
Trench Pilgrims,grunt,Stephen
Trench Pilgrims,grunt,Burden
Trench Pilgrims,grunt,Promise Path of the Final Bell
Trench Pilgrims,grunt,Bell Way of the Thorned Bell
Trench Pilgrims,grunt,Simeon Way of the Weeping Bell
Trench Pilgrims,grunt,Brand
Trench Pilgrims,grunt,Levi
Trench Pilgrims,grunt,Dustborn
Trench Pilgrims,grunt,Silence
Trench Pilgrims,grunt,Levi
Trench Pilgrims,grunt,Zillah
Trench Pilgrims,grunt,Martha
Trench Pilgrims,grunt,Michal
Trench Pilgrims,grunt,Psalm
Trench Pilgrims,grunt,Elisabet
Trench Pilgrims,grunt,Drift Way of the Bone Lantern
Trench Pilgrims,grunt,Anna
Trench Pilgrims,grunt,Martha
Trench Pilgrims,grunt,Oath Route of the Ashen Saints
Trench Pilgrims,grunt,Veil Circuit of the Dust Walk
Trench Pilgrims,grunt,Mariam
Trench Pilgrims,grunt,David
Trench Pilgrims,grunt,Brand
Trench Pilgrims,grunt,Elisabet
Trench Pilgrims,grunt,Keziah
Trench Pilgrims,grunt,Dust
Trench Pilgrims,grunt,Hannah
Trench Pilgrims,grunt,Crown Path of the Silent Cross
Trench Pilgrims,grunt,Miriamne
Trench Pilgrims,grunt,Malach
Trench Pilgrims,grunt,Susanna
Trench Pilgrims,grunt,Caleb
Trench Pilgrims,grunt,Basil
Trench Pilgrims,grunt,Road March of the Burning Road
Trench Pilgrims,grunt,Deborah
Trench Pilgrims,grunt,Miriamne
Trench Pilgrims,grunt,Augustine
Trench Pilgrims,grunt,Dinah
Trench Pilgrims,grunt,Joanna
Trench Pilgrims,grunt,Dorcas
Trench Pilgrims,grunt,Echo
Trench Pilgrims,grunt,Elisheva
Trench Pilgrims,grunt,March
Trench Pilgrims,grunt,Rise Path of the Broken Way
Trench Pilgrims,grunt,Judith
Trench Pilgrims,grunt,Benedict
Trench Pilgrims,grunt,Vow
Trench Pilgrims,grunt,Annel Path of the Lantern Fast
Trench Pilgrims,grunt,Micah
Trench Pilgrims,grunt,Bell Path of the Kneeling Dead
Trench Pilgrims,grunt,Sabra Path of Nails and Ash
Trench Pilgrims,grunt,Abigail
Trench Pilgrims,grunt,Susanna
Trench Pilgrims,grunt,Shira
Trench Pilgrims,grunt,Barnabas
Trench Pilgrims,grunt,Veil
Trench Pilgrims,grunt,Chain
Trench Pilgrims,grunt,Joel
Trench Pilgrims,grunt,Sariel
Trench Pilgrims,grunt,Keziah
Trench Pilgrims,grunt,Ashen
Trench Pilgrims,grunt,Prayer
Trench Pilgrims,grunt,Hadassah
Trench Pilgrims,grunt,Delilah
Trench Pilgrims,grunt,Hannah
Trench Pilgrims,grunt,Matthias
Trench Pilgrims,grunt,Brand
Trench Pilgrims,grunt,Matthias
Trench Pilgrims,grunt,Mary Road of the Burning Ashes
Trench Pilgrims,grunt,Joel Way of the Thorned Bell
Trench Pilgrims,grunt,Wander Way of the Thorned Bell
Trench Pilgrims,grunt,Sabra
Trench Pilgrims,grunt,Nathan
Trench Pilgrims,grunt,Elisheva
Trench Pilgrims,grunt,Oath Road of Seven Sorrows
Trench Pilgrims,grunt,Andrew Road of the Ashen Choir
Trench Pilgrims,grunt,Ashen March of the Silent Road
Trench Pilgrims,grunt,Hosea Way of the Dust Martyrs
Trench Pilgrims,grunt,Dominic
Trench Pilgrims,grunt,Road Path of the Broken Way
Trench Pilgrims,grunt,Simeon
Trench Pilgrims,grunt,Orpah
Trench Pilgrims,grunt,Rachel Way of the Thorned Bell
Trench Pilgrims,grunt,Thomas
Trench Pilgrims,grunt,Rift Road of the Burning Ashes
Trench Pilgrims,grunt,Rift
Trench Pilgrims,grunt,Amos Road of the Burning Field
Trench Pilgrims,elite,Scar the Broken Bell
Trench Pilgrims,elite,Clement the Broken Vow
Trench Pilgrims,elite,Stone the Iron Pilgrim
Trench Pilgrims,elite,Annel the Silent Vow
Trench Pilgrims,elite,Abigail the Burning Burden
Trench Pilgrims,elite,Sabra the Endless Walker
Trench Pilgrims,elite,Sarah the Weeping Bell
Trench Pilgrims,elite,Judith the Hollow Faith
Trench Pilgrims,elite,Dorcas the Lanternless
Trench Pilgrims,elite,March the Hollow Faith
Trench Pilgrims,elite,Eliana the Weeping Path
Trench Pilgrims,elite,Magdalene the Thorn Crowned
Trench Pilgrims,elite,Reuben the Burning Step
Trench Pilgrims,elite,Orpah the Burning Burden
Trench Pilgrims,elite,Flame the Nameless Walker
Trench Pilgrims,elite,Franciszek
Trench Pilgrims,elite,Calebus the Silent Vow
Trench Pilgrims,elite,Elizabeth the Chain Bound
Trench Pilgrims,elite,Gideon the Chain Bound
Trench Pilgrims,elite,Malach the Iron Confessor
Trench Pilgrims,elite,Calebus the Final Burden
Trench Pilgrims,elite,Gideon the Lanternless
Trench Pilgrims,elite,Rite the Silent Reliquary
Trench Pilgrims,elite,Michal the Thorn Crowned
Trench Pilgrims,elite,Hannah the Final Burden
Trench Pilgrims,elite,Avia the Lantern Lost
Trench Pilgrims,elite,Elisabet the Chain Bearing
Trench Pilgrims,elite,Tobias the Chain Bound
Trench Pilgrims,elite,Eliasen the Ash Crowned
Trench Pilgrims,elite,Deborah the Hollow Road
Trench Pilgrims,elite,Prayer the Silent Confession
Trench Pilgrims,elite,Sarah the Bell Bound
Trench Pilgrims,elite,Dustborn the Hollow Faith
Trench Pilgrims,elite,Abigail the Endless Walker
Trench Pilgrims,elite,Sariel the Dust Covered
Trench Pilgrims,elite,Tamar the Final Step
Trench Pilgrims,elite,Mariam the Silent Confession
Trench Pilgrims,elite,Peter the Cross Kneeling
Trench Pilgrims,elite,Ignatius the Ashen Kneeler
Trench Pilgrims,elite,Michal the Burning Burden
Trench Pilgrims,elite,Chain the Cross Kneeling
Trench Pilgrims,elite,Rite the Hollow Faith
Trench Pilgrims,elite,Pilgrim the Broken Confession
Trench Pilgrims,elite,Joanna the Broken Path
Trench Pilgrims,elite,Miriamne the Cross Scarred
Trench Pilgrims,elite,Tobias the Cross Scarred
Trench Pilgrims,elite,Caleb the Cross Scarred
Trench Pilgrims,elite,Judah the Silent Vow
Trench Pilgrims,elite,John the Ashen Road
Trench Pilgrims,elite,Amos the Endless Walker
Trench Pilgrims,elite,Oath the Burning Chain
Trench Pilgrims,elite,Sarah the Iron Pilgrim
Trench Pilgrims,elite,Salome the Ashen Kneeler
Trench Pilgrims,elite,Joelle the Bell Bound
Trench Pilgrims,elite,Cross the Silent March
Trench Pilgrims,elite,Rift the Hollow Pilgrim
Trench Pilgrims,elite,Simon the Hollow Faith
Trench Pilgrims,elite,Prayer the Cross Scarred
Trench Pilgrims,elite,Isaac the Hollow Pilgrim
Trench Pilgrims,elite,Miriam the Endless
Trench Pilgrims,elite,Philip the Dust Born
Trench Pilgrims,elite,Gabriel the Ashen Road
Trench Pilgrims,elite,Magdalene the Weeping Bell
Trench Pilgrims,elite,Crown the Thorn Marked
Trench Pilgrims,elite,Eliasen the Cross Scarred
Trench Pilgrims,elite,Echo the Dust Crowned
Trench Pilgrims,elite,Elizabeth the Burning Chain
Trench Pilgrims,elite,Luke the Iron Road
Trench Pilgrims,elite,Leah the Broken Bell
Trench Pilgrims,elite,Gareth the Broken Confession
Trench Pilgrims,elite,Samuel the Iron Pilgrim
Trench Pilgrims,elite,Tobias the Dust Covered
Trench Pilgrims,elite,Basil the Burden Silent
Trench Pilgrims,elite,Tobias the Iron Confessor
Trench Pilgrims,elite,Levi the Ash Crowned
Trench Pilgrims,elite,Elias the Silent March
Trench Pilgrims,elite,Elisabet the Silent Confession
Trench Pilgrims,elite,Leah the Thorn Crowned
Trench Pilgrims,elite,Miriam the Dust Crowned
Trench Pilgrims,elite,Elisabet the Ashen Road
Trench Pilgrims,elite,Joseph the Broken Vow
Trench Pilgrims,elite,Levi the Broken Vow
Trench Pilgrims,elite,Miriamne the Ash Marked
Trench Pilgrims,elite,Hosea the Nameless Burden
Trench Pilgrims,elite,Hannah the Endless Walker
Trench Pilgrims,elite,Tobias the Crossed Road
Trench Pilgrims,elite,Salome the Silent Reliquary
Trench Pilgrims,elite,Martha the Burning Burden
Trench Pilgrims,elite,Root the Dust Crowned
Trench Pilgrims,elite,Susanna the Ash Marked
Trench Pilgrims,elite,Mary the Burden Silent
Trench Pilgrims,elite,Andrew the Dust Covered
Trench Pilgrims,elite,Hollow the Burning Step
Trench Pilgrims,elite,Amos the Burning Burden
Trench Pilgrims,elite,Lament the Ash Walked
Trench Pilgrims,elite,Gideon the Ashen Kneeler
Trench Pilgrims,elite,Orpah the Iron Confessor
Trench Pilgrims,elite,Drift the Iron Road
Trench Pilgrims,elite,Mask the Final Step
Trench Pilgrims,elite,Ezra the Hollow Faith
Trench Pilgrims,leader,The Silent Procession Warden
Trench Pilgrims,leader,Warden of the Broken Reliquary
Trench Pilgrims,leader,The Holy Wander Judge Mask
Trench Pilgrims,leader,The Ash Crowned Pilgrim Nathan
Trench Pilgrims,leader,The Chainbound Preacher of War
Trench Pilgrims,leader,The Iron Candle-Bearer Dominic
Trench Pilgrims,leader,The Silent Procession Warden
Trench Pilgrims,leader,The Silent Chain Bearer Jonah
Trench Pilgrims,leader,The Iron Candle-Bearer Philip
Trench Pilgrims,leader,The Burning Reliquary Keeper
Trench Pilgrims,leader,Bearer of the Seventh Burden
Trench Pilgrims,leader,The Dustborn Executioner Ezra
Trench Pilgrims,leader,The Holy Wander Judge
Trench Pilgrims,leader,The Broken Choir Marshal
Trench Pilgrims,leader,The Holy Wander Judge Rachel
Trench Pilgrims,leader,The Thorned Banner Saint
Trench Pilgrims,leader,The Ash Walker of Faith Shira
Trench Pilgrims,leader,The Thorned Liturgist of War
Trench Pilgrims,leader,The Burning Reliquary Keeper
Trench Pilgrims,leader,The Dustborn Executioner Orpah
Trench Pilgrims,leader,The Broken Candle Commander
Trench Pilgrims,leader,The Ash Crowned Pilgrim Ruth
Trench Pilgrims,leader,The Walking Penitent General
Trench Pilgrims,leader,Bearer of the Seventh Burden
Trench Pilgrims,leader,The Severed Bell Warden Chain
Trench Pilgrims,leader,The Silent Relic Warden Broken
Trench Pilgrims,leader,The Relic-Laden Commander
Trench Pilgrims,leader,High Executor of Sacred Burden
Trench Pilgrims,leader,The Iron Vow Confessor Raphael
Trench Pilgrims,leader,The Kneeling Marshal of the Host
Trench Pilgrims,leader,The Thorned Banner Saint
Trench Pilgrims,leader,The Burning Reliquary Keeper
Trench Pilgrims,leader,The Silent Confessor of War
Trench Pilgrims,leader,Custodian of the Final Vow
Trench Pilgrims,leader,The Weeping Cross General
Trench Pilgrims,leader,The Thorned Liturgist of War
Trench Pilgrims,leader,The Iron Reliquary Saint
Trench Pilgrims,leader,The Ash Crowned Pilgrim
Trench Pilgrims,leader,The Iron Reliquary Saint Road
Trench Pilgrims,leader,The Silent Relic Warden
Trench Pilgrims,leader,The Walking Penitent General
Trench Pilgrims,leader,Master of the Hollow Litany
Trench Pilgrims,leader,The Dustborn Executioner
Trench Pilgrims,leader,Custodian of the Final Vow
Trench Pilgrims,leader,The Ash Crowned Pilgrim Veil
Trench Pilgrims,leader,The Burdened Saint of War
Trench Pilgrims,leader,The Dust Crowned Pilgrim Abel
Trench Pilgrims,leader,The Holy Wander Judge Susanna
Trench Pilgrims,leader,The Iron Candle-Bearer Liora
Trench Pilgrims,leader,The Silent Relic Warden Nathan
Trench Pilgrims,leader,The Endless Lament Marshal
Trench Pilgrims,leader,The Ash Walker of Faith Prayer
Trench Pilgrims,leader,The Cross-Bearing Strategos
Trench Pilgrims,leader,The Kneeling Marshal of the Host
Trench Pilgrims,leader,Warden of the Broken Reliquary
Trench Pilgrims,leader,The Iron Vow Confessor Kneel
Trench Pilgrims,leader,Keeper of the Nameless Shrine
Trench Pilgrims,leader,The Silent Chain Bearer
Trench Pilgrims,leader,The Hollow Bell Keeper Vow
Trench Pilgrims,leader,Custodian of the Final Vow
Trench Pilgrims,leader,The Dustbound Confessor Veil
Trench Pilgrims,leader,The Final Confession Marshal
Trench Pilgrims,leader,Master of the Hollow Litany
Trench Pilgrims,leader,The Holy Wander Judge Jonah
Trench Pilgrims,leader,The Crossed Burden General
Trench Pilgrims,leader,The Chainbound Preacher of War
Trench Pilgrims,leader,The Dustborn Executioner
Trench Pilgrims,leader,The Silent Chain Bearer Tamar
Trench Pilgrims,leader,Bearer of the Seventh Burden
Trench Pilgrims,leader,The Relic-Laden Commander
Trench Pilgrims,leader,The Walking Penitent General
Trench Pilgrims,leader,The Iron Candle-Bearer Yael
Trench Pilgrims,leader,The Weeping Cross General
Trench Pilgrims,leader,The Ash Crowned Pilgrim Levi
Trench Pilgrims,leader,The Endless March Captain
Trench Pilgrims,leader,The Broken Choir Marshal
Trench Pilgrims,leader,The Broken Candle Commander
Trench Pilgrims,leader,Warden of the Burning Bell
Trench Pilgrims,leader,The Broken Candle Commander
Trench Pilgrims,leader,The Silent Procession Warden
Trench Pilgrims,leader,High Executor of Sacred Burden
Trench Pilgrims,leader,The Endless Lament Marshal
Trench Pilgrims,leader,The Nameless Road Marshal Hymn
Trench Pilgrims,leader,The Burdened Saint of War Anna
Trench Pilgrims,leader,The Thorned Liturgist of War
Trench Pilgrims,leader,The Iron Vow Confessor Clement
Trench Pilgrims,leader,The Iron Candle-Bearer
Trench Pilgrims,leader,The Broken Candle Commander
Trench Pilgrims,leader,The Endless March Captain Luke
Trench Pilgrims,leader,The Thorned Liturgist of War
Trench Pilgrims,leader,High Executor of Sacred Burden
Trench Pilgrims,leader,The Severed Bell Warden Tobias
Trench Pilgrims,leader,The Final Road Saint Malach
Trench Pilgrims,leader,The Chainbound Preacher of War
Trench Pilgrims,leader,Bearer of the Seventh Burden
Trench Pilgrims,leader,The Final Confession Marshal
Trench Pilgrims,leader,The Walking Penitent General
Trench Pilgrims,leader,The Silent Relic Warden Annel
Trench Pilgrims,leader,The Final Road Saint Avia
Trench Pilgrims,leader,The Iron Kneeler of War Anna
War Pilgrimage of Saint Methodius,grunt,Andrew
War Pilgrimage of Saint Methodius,grunt,Rachel
War Pilgrimage of Saint Methodius,grunt,Damian
War Pilgrimage of Saint Methodius,grunt,Route Sign
War Pilgrimage of Saint Methodius,grunt,Line
War Pilgrimage of Saint Methodius,grunt,Judith Mark
War Pilgrimage of Saint Methodius,grunt,Noemi
War Pilgrimage of Saint Methodius,grunt,Andrew Ashwalk
War Pilgrimage of Saint Methodius,grunt,Luke
War Pilgrimage of Saint Methodius,grunt,Vow
War Pilgrimage of Saint Methodius,grunt,Clement
War Pilgrimage of Saint Methodius,grunt,Ink Canticle
War Pilgrimage of Saint Methodius,grunt,Matthias
War Pilgrimage of Saint Methodius,grunt,Stationborn
War Pilgrimage of Saint Methodius,grunt,Selene
War Pilgrimage of Saint Methodius,grunt,Jovan
War Pilgrimage of Saint Methodius,grunt,Henrik
War Pilgrimage of Saint Methodius,grunt,Ruth Station of the Ashen Road
War Pilgrimage of Saint Methodius,grunt,Matthias
War Pilgrimage of Saint Methodius,grunt,Marcus
War Pilgrimage of Saint Methodius,grunt,Thread
War Pilgrimage of Saint Methodius,grunt,Jonasen Station
War Pilgrimage of Saint Methodius,grunt,Deborah
War Pilgrimage of Saint Methodius,grunt,Dorothea Vow
War Pilgrimage of Saint Methodius,grunt,Clement
War Pilgrimage of Saint Methodius,grunt,Miriam
War Pilgrimage of Saint Methodius,grunt,Rachel
War Pilgrimage of Saint Methodius,grunt,Eliana
War Pilgrimage of Saint Methodius,grunt,Vow Route
War Pilgrimage of Saint Methodius,grunt,Dorothea Light
War Pilgrimage of Saint Methodius,grunt,Hannah
War Pilgrimage of Saint Methodius,grunt,Henrik
War Pilgrimage of Saint Methodius,grunt,Judith Script
War Pilgrimage of Saint Methodius,grunt,Maris Bellmark
War Pilgrimage of Saint Methodius,grunt,Aurelia
War Pilgrimage of Saint Methodius,grunt,Methodia
War Pilgrimage of Saint Methodius,grunt,Oath
War Pilgrimage of Saint Methodius,grunt,Sabina Step
War Pilgrimage of Saint Methodius,grunt,Isaac Chain
War Pilgrimage of Saint Methodius,grunt,Seal
War Pilgrimage of Saint Methodius,grunt,Esther
War Pilgrimage of Saint Methodius,grunt,Lydia
War Pilgrimage of Saint Methodius,grunt,Felix Sign
War Pilgrimage of Saint Methodius,grunt,Drift
War Pilgrimage of Saint Methodius,grunt,Valentin Stationborn
War Pilgrimage of Saint Methodius,grunt,Valentin
War Pilgrimage of Saint Methodius,grunt,Isolde
War Pilgrimage of Saint Methodius,grunt,Rite Canticle
War Pilgrimage of Saint Methodius,grunt,Light
War Pilgrimage of Saint Methodius,grunt,Peter Verse
War Pilgrimage of Saint Methodius,grunt,Map Station of the Ninth Verse
War Pilgrimage of Saint Methodius,grunt,Sophia March
War Pilgrimage of Saint Methodius,grunt,Ruth Ashwalk
War Pilgrimage of Saint Methodius,grunt,Axis
War Pilgrimage of Saint Methodius,grunt,Shadow Route
War Pilgrimage of Saint Methodius,grunt,Rite Thread
War Pilgrimage of Saint Methodius,grunt,Script
War Pilgrimage of Saint Methodius,grunt,Drift
War Pilgrimage of Saint Methodius,grunt,Stephen
War Pilgrimage of Saint Methodius,grunt,Psalm
War Pilgrimage of Saint Methodius,grunt,Jovan Route
War Pilgrimage of Saint Methodius,grunt,Thread Boundary
War Pilgrimage of Saint Methodius,grunt,Maris Line
War Pilgrimage of Saint Methodius,grunt,Veronica
War Pilgrimage of Saint Methodius,grunt,Noemi
War Pilgrimage of Saint Methodius,grunt,Jonasen
War Pilgrimage of Saint Methodius,grunt,Mark
War Pilgrimage of Saint Methodius,grunt,Andrew Step
War Pilgrimage of Saint Methodius,grunt,Doctrine
War Pilgrimage of Saint Methodius,grunt,Anna
War Pilgrimage of Saint Methodius,grunt,Felicia
War Pilgrimage of Saint Methodius,grunt,Damian
War Pilgrimage of Saint Methodius,grunt,Ink
War Pilgrimage of Saint Methodius,grunt,Dorothea
War Pilgrimage of Saint Methodius,grunt,John Echo
War Pilgrimage of Saint Methodius,grunt,Station
War Pilgrimage of Saint Methodius,grunt,Elias Station
War Pilgrimage of Saint Methodius,grunt,Boundary
War Pilgrimage of Saint Methodius,grunt,Maris
War Pilgrimage of Saint Methodius,grunt,Barnabas
War Pilgrimage of Saint Methodius,grunt,Leah Station of the Fifth Vow
War Pilgrimage of Saint Methodius,grunt,Versebound
War Pilgrimage of Saint Methodius,grunt,Barnabas Inkmark
War Pilgrimage of Saint Methodius,grunt,Dominic
War Pilgrimage of Saint Methodius,grunt,Augustine Drift
War Pilgrimage of Saint Methodius,grunt,Juliana
War Pilgrimage of Saint Methodius,grunt,Florian Path
War Pilgrimage of Saint Methodius,grunt,Beata
War Pilgrimage of Saint Methodius,grunt,Vesta Light
War Pilgrimage of Saint Methodius,grunt,Cyrilla
War Pilgrimage of Saint Methodius,grunt,Stone
War Pilgrimage of Saint Methodius,grunt,Simon
War Pilgrimage of Saint Methodius,grunt,Oskar
War Pilgrimage of Saint Methodius,grunt,Way Hymn
War Pilgrimage of Saint Methodius,grunt,Step Boundary
War Pilgrimage of Saint Methodius,grunt,Compass
War Pilgrimage of Saint Methodius,grunt,Erasmus
War Pilgrimage of Saint Methodius,grunt,Jonasen
War Pilgrimage of Saint Methodius,grunt,Esther
War Pilgrimage of Saint Methodius,grunt,Noemi
War Pilgrimage of Saint Methodius,elite,The Burning Axis Keeper Rite
War Pilgrimage of Saint Methodius,elite,The Thorned Path Marshal Basil
War Pilgrimage of Saint Methodius,elite,The Ashen Station Keeper
War Pilgrimage of Saint Methodius,elite,The Holy Axis Keeper of Methodius
War Pilgrimage of Saint Methodius,elite,The Broken Bell Strategos Sign
War Pilgrimage of Saint Methodius,elite,The Lanternless Route Warden
War Pilgrimage of Saint Methodius,elite,High Executor of Pilgrimage Doctrine
War Pilgrimage of Saint Methodius,elite,The Broken Bell Strategos
War Pilgrimage of Saint Methodius,elite,Lord of the Ninth Station Gate
War Pilgrimage of Saint Methodius,elite,Warden of the Endless Station March
War Pilgrimage of Saint Methodius,elite,The Lanternless Scripture Keeper
War Pilgrimage of Saint Methodius,elite,The Broken Bell Strategos
War Pilgrimage of Saint Methodius,elite,Warden of the Endless Station March
War Pilgrimage of Saint Methodius,elite,The Lanternless Route Warden
War Pilgrimage of Saint Methodius,elite,The Lanternless Scripture Keeper
War Pilgrimage of Saint Methodius,elite,The Final Verse Keeper Mark
War Pilgrimage of Saint Methodius,elite,The Crossed Script Commander
War Pilgrimage of Saint Methodius,elite,The Ashen Route Commander
War Pilgrimage of Saint Methodius,elite,The Endless Station Keeper
War Pilgrimage of Saint Methodius,elite,Warden of the Endless Station March
War Pilgrimage of Saint Methodius,elite,Custodian of the Burning Scripture Path
War Pilgrimage of Saint Methodius,elite,The Iron Station Strategist
War Pilgrimage of Saint Methodius,elite,The Endless Station Keeper
War Pilgrimage of Saint Methodius,elite,The Ashen Doctrine Marshal
War Pilgrimage of Saint Methodius,elite,The Ashen Doctrine Marshal
War Pilgrimage of Saint Methodius,elite,The Drowned Verse Marshal Oath
War Pilgrimage of Saint Methodius,elite,The Lanternless Route Warden
War Pilgrimage of Saint Methodius,elite,The Crossed Mile Executor
War Pilgrimage of Saint Methodius,elite,The Ninth Bell Marshal Inkmark
War Pilgrimage of Saint Methodius,elite,Custodian of the Burning Scripture Path
War Pilgrimage of Saint Methodius,elite,The Iron Scripture Executor
War Pilgrimage of Saint Methodius,elite,The Iron Compass Strategos
War Pilgrimage of Saint Methodius,elite,The Bell Marshal of Saint Methodius
War Pilgrimage of Saint Methodius,elite,High Cartographer of the Sacred War Pilgrimage
War Pilgrimage of Saint Methodius,elite,High Executor of Pilgrimage Doctrine
War Pilgrimage of Saint Methodius,elite,The Cross-Bound Methodian Marshal
War Pilgrimage of Saint Methodius,elite,The Iron Scripture Executor
War Pilgrimage of Saint Methodius,elite,The Cross-Bound Methodian Marshal
War Pilgrimage of Saint Methodius,elite,The Iron Compass Strategos
War Pilgrimage of Saint Methodius,elite,The Sacred Route Confessor
War Pilgrimage of Saint Methodius,elite,Keeper of the Methodian Route-Codex
War Pilgrimage of Saint Methodius,elite,The Broken Bell Strategos
War Pilgrimage of Saint Methodius,elite,The Broken Bell Strategos
War Pilgrimage of Saint Methodius,elite,The Lanternless Route Warden
War Pilgrimage of Saint Methodius,elite,The Endless Station Keeper
War Pilgrimage of Saint Methodius,elite,Keeper of the Methodian Route-Codex
War Pilgrimage of Saint Methodius,elite,The Lanternless Scripture Keeper
War Pilgrimage of Saint Methodius,elite,The Iron Station Strategist
War Pilgrimage of Saint Methodius,elite,The Sacred Route Confessor
War Pilgrimage of Saint Methodius,elite,The Final Methodian Cartographer
War Pilgrimage of Saint Methodius,elite,The Final Methodian Cartographer
War Pilgrimage of Saint Methodius,elite,The Red Ink Cartographer of War
War Pilgrimage of Saint Methodius,elite,The Holy Axis Keeper of Methodius
War Pilgrimage of Saint Methodius,elite,The Silent Pilgrimage Executor
War Pilgrimage of Saint Methodius,elite,The Ninth Bell Marshal Simon
War Pilgrimage of Saint Methodius,elite,The Ash Map Confessor Miriam
War Pilgrimage of Saint Methodius,elite,The Crossed Mile Executor
War Pilgrimage of Saint Methodius,elite,The Ninth Methodian Warden
War Pilgrimage of Saint Methodius,elite,The Burning Axis Keeper
War Pilgrimage of Saint Methodius,elite,The Keeper of Holy Waymarks
War Pilgrimage of Saint Methodius,elite,The Final Methodian Cartographer
War Pilgrimage of Saint Methodius,elite,The Ash Map Confessor Bellmark
War Pilgrimage of Saint Methodius,elite,The Silent Axis Warden Aurelia
War Pilgrimage of Saint Methodius,elite,The Crossed Mile Executor Luke
War Pilgrimage of Saint Methodius,elite,The Crossed Mile Executor Vow
War Pilgrimage of Saint Methodius,elite,Keeper of the Methodian Route-Codex
War Pilgrimage of Saint Methodius,elite,High Cartographer of the Sacred War Pilgrimage
War Pilgrimage of Saint Methodius,elite,The Iron Scripture Executor
War Pilgrimage of Saint Methodius,elite,Custodian of the Burning Scripture Path
War Pilgrimage of Saint Methodius,elite,The Sacred Route Confessor
War Pilgrimage of Saint Methodius,elite,The Red Ink Cartographer of War
War Pilgrimage of Saint Methodius,elite,The Ashen Station Keeper
War Pilgrimage of Saint Methodius,elite,The Lanternless Route Warden
War Pilgrimage of Saint Methodius,elite,The Final Station Confessor
War Pilgrimage of Saint Methodius,elite,The Endless Station Keeper
War Pilgrimage of Saint Methodius,elite,The Silent Axis Warden Waymark
War Pilgrimage of Saint Methodius,elite,The Crossed Mile Executor John
War Pilgrimage of Saint Methodius,elite,The Holy Bell Cartographer
War Pilgrimage of Saint Methodius,elite,The Ashen Station Keeper
War Pilgrimage of Saint Methodius,elite,The Endless Station Keeper
War Pilgrimage of Saint Methodius,elite,The Ashen Doctrine Marshal
War Pilgrimage of Saint Methodius,elite,The Holy Axis Keeper of Methodius
War Pilgrimage of Saint Methodius,elite,The Crossed Mile Executor
War Pilgrimage of Saint Methodius,elite,The Endless March Cartographer
War Pilgrimage of Saint Methodius,elite,The Red Pilgrimage Keeper
War Pilgrimage of Saint Methodius,elite,The Endless Station Keeper
War Pilgrimage of Saint Methodius,elite,The Cross-Bound Methodian Marshal
War Pilgrimage of Saint Methodius,elite,The Silent Axis Warden Gregory
War Pilgrimage of Saint Methodius,elite,The Burning Axis Keeper
War Pilgrimage of Saint Methodius,elite,High Executor of Pilgrimage Doctrine
War Pilgrimage of Saint Methodius,elite,The Drowned Map Warden Esther
War Pilgrimage of Saint Methodius,elite,The Drowned Verse Marshal
War Pilgrimage of Saint Methodius,elite,The Silent Route Confessor
War Pilgrimage of Saint Methodius,elite,The Burning Doctrine Cartographer
War Pilgrimage of Saint Methodius,elite,The Iron Scripture Executor
War Pilgrimage of Saint Methodius,elite,The Silent Route Confessor
War Pilgrimage of Saint Methodius,elite,The Burning Axis Keeper John
War Pilgrimage of Saint Methodius,elite,The Holy Route Marshal of Methodius
War Pilgrimage of Saint Methodius,elite,The Red Pilgrimage Keeper
War Pilgrimage of Saint Methodius,elite,The Final Methodian Cartographer
War Pilgrimage of Saint Methodius,leader,The Ninth Bell Marshal Sabina
War Pilgrimage of Saint Methodius,leader,The Burning Station General Livia
War Pilgrimage of Saint Methodius,leader,The Iron Compass Strategos Vow
War Pilgrimage of Saint Methodius,leader,The Crossed Mile Executor Versebound
War Pilgrimage of Saint Methodius,leader,The Endless March Cartographer Annelia
War Pilgrimage of Saint Methodius,leader,The Burning Mile Strategist Maris
War Pilgrimage of Saint Methodius,leader,High Cartographer of the Sacred War Pilgrimage Rebecca
War Pilgrimage of Saint Methodius,leader,The Silent Route Confessor Waymark
War Pilgrimage of Saint Methodius,leader,The Silent Cartographer of War Leah
War Pilgrimage of Saint Methodius,leader,High Cartographer of the Sacred War Pilgrimage Stationborn
War Pilgrimage of Saint Methodius,leader,The Final Station Confessor Ink
War Pilgrimage of Saint Methodius,leader,Warden of the Endless Station March Methodius
War Pilgrimage of Saint Methodius,leader,The Iron Scripture Executor Ink
War Pilgrimage of Saint Methodius,leader,The Ashen Route Commander Esther
War Pilgrimage of Saint Methodius,leader,The Red Verse Executor Seal
War Pilgrimage of Saint Methodius,leader,The Cross-Bound Methodian Marshal Sarah
War Pilgrimage of Saint Methodius,leader,The Cross-Bound Methodian Marshal Henrik
War Pilgrimage of Saint Methodius,leader,The Burning Mile Strategist Tobias
War Pilgrimage of Saint Methodius,leader,The Drowned Verse Marshal Gabriel
War Pilgrimage of Saint Methodius,leader,The Drowned Map Warden Isolde
War Pilgrimage of Saint Methodius,leader,The Ashen Station Keeper Lydia
War Pilgrimage of Saint Methodius,leader,The Ashen Route Commander Mark
War Pilgrimage of Saint Methodius,leader,The Cross-Bound Methodian Marshal Path
War Pilgrimage of Saint Methodius,leader,The Bell Marshal of Saint Methodius Benedict
War Pilgrimage of Saint Methodius,leader,The Final Verse Keeper Liora
War Pilgrimage of Saint Methodius,leader,The Red Verse Executor Cross
War Pilgrimage of Saint Methodius,leader,The Endless March Cartographer Adrian
War Pilgrimage of Saint Methodius,leader,The Cross-Bound Methodian Marshal Benedict
War Pilgrimage of Saint Methodius,leader,The Thorned Path Marshal Drift
War Pilgrimage of Saint Methodius,leader,The Thorned Path Marshal Bellmark
War Pilgrimage of Saint Methodius,leader,The Crossed Mile Executor Martha
War Pilgrimage of Saint Methodius,leader,The Ninth Bell Marshal Victor
War Pilgrimage of Saint Methodius,leader,The Iron Compass Strategos Deborah
War Pilgrimage of Saint Methodius,leader,The Holy Bell Cartographer Andrew
War Pilgrimage of Saint Methodius,leader,Lord of the Ninth Station Gate Mark
War Pilgrimage of Saint Methodius,leader,The Red Ink Cartographer of War Hannah
War Pilgrimage of Saint Methodius,leader,The Silent Cartographer of War Ruth
War Pilgrimage of Saint Methodius,leader,The Drowned Map Warden Stephen
War Pilgrimage of Saint Methodius,leader,The Cross-Bound Methodian Marshal Clara
War Pilgrimage of Saint Methodius,leader,The Final Station Confessor Inkmark
War Pilgrimage of Saint Methodius,leader,High Cartographer of the Sacred War Pilgrimage Martha
War Pilgrimage of Saint Methodius,leader,The Burning Doctrine Cartographer Theodor
War Pilgrimage of Saint Methodius,leader,The Crossed Script Commander Nathan
War Pilgrimage of Saint Methodius,leader,Custodian of the Burning Scripture Path Mark
War Pilgrimage of Saint Methodius,leader,The Endless March Cartographer Versebound
War Pilgrimage of Saint Methodius,leader,High Cartographer of the Sacred War Pilgrimage Felix
War Pilgrimage of Saint Methodius,leader,The Cross-Bound Methodian Marshal Oskar
War Pilgrimage of Saint Methodius,leader,The Endless Station Keeper Crown
War Pilgrimage of Saint Methodius,leader,The Iron Station Strategist Jovan
War Pilgrimage of Saint Methodius,leader,The Broken Bell Strategos Mark
War Pilgrimage of Saint Methodius,leader,The Red Pilgrimage Keeper Seraphina
War Pilgrimage of Saint Methodius,leader,The Burning Axis Keeper Root
War Pilgrimage of Saint Methodius,leader,The Sacred Route Confessor Doctrine
War Pilgrimage of Saint Methodius,leader,The Bell Marshal of Saint Methodius Aurelia
War Pilgrimage of Saint Methodius,leader,The Ashen Doctrine Marshal Leah
War Pilgrimage of Saint Methodius,leader,The Holy Route Marshal of Methodius Vesta
War Pilgrimage of Saint Methodius,leader,The Silent Route Confessor Helena
War Pilgrimage of Saint Methodius,leader,The Broken Bell Strategos Stephen
War Pilgrimage of Saint Methodius,leader,The Thorned Path Marshal Jovan
War Pilgrimage of Saint Methodius,leader,The Burning Station General Livia
War Pilgrimage of Saint Methodius,leader,The Broken Map General Path
War Pilgrimage of Saint Methodius,leader,The Red Pilgrimage Keeper Methodia
War Pilgrimage of Saint Methodius,leader,The Red Ink Cartographer of War Hymn
War Pilgrimage of Saint Methodius,leader,The Burning Mile Strategist Althea
War Pilgrimage of Saint Methodius,leader,The Burning Axis Keeper Line
War Pilgrimage of Saint Methodius,leader,The Silent Pilgrimage Executor Boundary
War Pilgrimage of Saint Methodius,leader,The Burning Doctrine Cartographer Step
War Pilgrimage of Saint Methodius,leader,High Executor of Pilgrimage Doctrine Rebecca
War Pilgrimage of Saint Methodius,leader,The Methodian Way Strategos Erasmus
War Pilgrimage of Saint Methodius,leader,The Iron Station Strategist Doctrine
War Pilgrimage of Saint Methodius,leader,High Cartographer of the Sacred War Pilgrimage Marcella
War Pilgrimage of Saint Methodius,leader,The Iron Bell Doctrine Master Axis
War Pilgrimage of Saint Methodius,leader,The Holy Route Marshal of Methodius Livia
War Pilgrimage of Saint Methodius,leader,The Iron Station Strategist Methodius
War Pilgrimage of Saint Methodius,leader,The Ash Map Confessor Marcus
War Pilgrimage of Saint Methodius,leader,The Ninth Methodian Warden Mark
War Pilgrimage of Saint Methodius,leader,The Crossed Script Commander Stephen
War Pilgrimage of Saint Methodius,leader,The Drowned Verse Marshal Cyril
War Pilgrimage of Saint Methodius,leader,The Crossed Script Commander Susanna
War Pilgrimage of Saint Methodius,leader,Lord of the Ninth Station Gate Benedict
War Pilgrimage of Saint Methodius,leader,Warden of the Endless Station March Miriam
War Pilgrimage of Saint Methodius,leader,The Iron Scripture Executor Gabriel
War Pilgrimage of Saint Methodius,leader,The Red Ink Cartographer of War Joanna
War Pilgrimage of Saint Methodius,leader,The Final Station Confessor Maria
War Pilgrimage of Saint Methodius,leader,The Sacred Route Confessor Line
War Pilgrimage of Saint Methodius,leader,The Final Methodian Cartographer Eliana
War Pilgrimage of Saint Methodius,leader,The Silent Cartographer of War Flameborne
War Pilgrimage of Saint Methodius,leader,The Final Verse Keeper Mark
War Pilgrimage of Saint Methodius,leader,The Endless March Cartographer Seal
War Pilgrimage of Saint Methodius,leader,The Endless Station Keeper Joanna
War Pilgrimage of Saint Methodius,leader,The Holy Bell Cartographer Gate
War Pilgrimage of Saint Methodius,leader,The Lanternless Route Warden Althea
War Pilgrimage of Saint Methodius,leader,The Drowned Map Warden Psalm
War Pilgrimage of Saint Methodius,leader,The Silent Cartographer of War Adrian
War Pilgrimage of Saint Methodius,leader,The Silent Pilgrimage Executor Ruth
War Pilgrimage of Saint Methodius,leader,The Silent Route Confessor Eliana
War Pilgrimage of Saint Methodius,leader,High Cartographer of the Sacred War Pilgrimage Basil
War Pilgrimage of Saint Methodius,leader,The Drowned Map Warden Barnabas
War Pilgrimage of Saint Methodius,leader,The Holy Axis Keeper of Methodius Crown
War Pilgrimage of Saint Methodius,leader,The Drowned Verse Marshal Bellmark
